scene	src_path	version	placement_count	src_sha256	src_bytes	parse_status	definition_count	placement_count_offset	output_path
PlayerViewer	Data/Palettes/PlayerViewer/PlayerViewer.npc	2	0	c05d231da83665dd60560fc424059d66b433774afcff4d3b053b407f057d54ba	6	OK	0	0x00000004	scene/PlayerViewer/PlayerViewer.placements.tsv
AirTest	Data/Scene/Save/AirTest/AirTest.npc	2	19	aecb41b0449c6ed207bb2e2cc8b46a315d09361f0e8ad122f11dbba6b025aec8	1815	OK	2	0x00000054	scene/AirTest/AirTest.placements.tsv
AirTest01	Data/Scene/Save/AirTest01/AirTest01.npc	2	0	22ef7bfa13e0982390331773f2264233fafe32f39b2dc6ce54cd92c72d4d16b1	86	OK	2	0x00000054	scene/AirTest01/AirTest01.placements.tsv
AirTest02	Data/Scene/Save/AirTest02/AirTest02.npc	2	4	b7cf73aeca6756c987f76e4f7db8cdbd409180140ba47a290f915da802c358a4	526	OK	4	0x000000A4	scene/AirTest02/AirTest02.placements.tsv
AitTest03	Data/Scene/Save/AitTest03/AitTest03.npc	1	24	4b7841fcd4414c0237d0a8879af69f4a156e1ab426aecd2ae4a966baf2190abc	2562	OK	7	0x0000011C	scene/AitTest03/AitTest03.placements.tsv
AlbertTest	Data/Scene/Save/AlbertTest/AlbertTest.npc	2	51	bf9a4ef268f0cd2d2f7e3aaa3360e599ff6b87fa7151fe5cee3482af6b777e32	5553	OK	15	0x0000025C	scene/AlbertTest/AlbertTest.placements.tsv
bg0001	Data/Scene/Save/bg0001/bg0001.npc	2	149	026bbe32ca2b69853b1433d585de7e80bb67e7f713e086b9347fd10ad1dc2070	27607	OK	113	0x000011C8	scene/bg0001/bg0001.placements.tsv
Bg0002	Data/Scene/Save/Bg0002/Bg0002.npc	2	106	a649f4afab701df3698b9ffebbb83b77863531a9113c40b6f12f056b7f030b16	11652	OK	46	0x000006E0	scene/Bg0002/Bg0002.placements.tsv
Bg0003	Data/Scene/Save/Bg0003/bg0003.npc	2	72	8ebc9e4f7d07540f176d0f57090180c8223b1287d2310d213224050f57f2d090	8744	OK	52	0x000007D2	scene/Bg0003/bg0003.placements.tsv
bg0004	Data/Scene/Save/bg0004/bg0004.npc	2	116	dfeb9473581b79fffc6248a094296530033ff6802c7b3fd12cb0232507f58ad9	13654	OK	56	0x000008D4	scene/bg0004/bg0004.placements.tsv
bg0005	Data/Scene/Save/bg0005/bg0005.npc	2	92	cea69979d2c73a63310f222e1b32d63ddb0cdaa023827d67b11dacb86b50330c	11062	OK	65	0x000009B4	scene/bg0005/bg0005.placements.tsv
bg0006	Data/Scene/Save/bg0006/bg0006.npc	2	80	1e06b88a559bfeefebbc33f33db916721a42f25552d38f29e747f061b0945276	9930	OK	52	0x00000840	scene/bg0006/bg0006.placements.tsv
Bg0007	Data/Scene/Save/Bg0007/Bg0007.npc	2	68	59c66f9619cc270b9a81be11acefc20529737d3868e411e3f77f71f565ab1213	8562	OK	57	0x00000890	scene/Bg0007/Bg0007.placements.tsv
Bg0008	Data/Scene/Save/Bg0008/Bg0008.npc	2	76	95813ab5cc76d4bf845080b64f8c919f974d67f525de5355907d10a07018c299	8972	OK	49	0x00000756	scene/Bg0008/Bg0008.placements.tsv
Bg0009	Data/Scene/Save/Bg0009/bg0009.npc	2	63	ab96d96fffab464b71f3f379064645412ab33b487170a7b90a1cf6724c5a5251	7907	OK	44	0x000006EE	scene/Bg0009/bg0009.placements.tsv
Bg0010	Data/Scene/Save/Bg0010/Bg0010.npc	2	100	563e75f1292dfdd9ce1923b519d2a3d4ee169bf217e809cabb60eda6f192c0c0	11336	OK	40	0x0000064E	scene/Bg0010/Bg0010.placements.tsv
Bg0011	Data/Scene/Save/Bg0011/Bg0011.npc	2	56	ee8b7f45e82aac192f9c0bce93a5c8d2c311bab9b264da71b1f6c5d639caf297	6708	OK	31	0x000004E6	scene/Bg0011/Bg0011.placements.tsv
Bg0012	Data/Scene/Save/Bg0012/Bg0012.npc	2	67	b3e6c4796d03ba32403745dd8e187b76e2e1d92d0968508e9e82cb58e6596f98	8417	OK	46	0x00000738	scene/Bg0012/Bg0012.placements.tsv
Bg0015	Data/Scene/Save/Bg0015/Bg0015.npc	2	91	5d98e830888c95688537fdae98bfa74f422ca21da42baa921003585d013499b1	10497	OK	51	0x000007B4	scene/Bg0015/Bg0015.placements.tsv
Bg0016	Data/Scene/Save/Bg0016/Bg0016.npc	2	74	867916766944392d78b44a6df354cf37856b908238e76e8246c3461de49820e1	8754	OK	48	0x00000732	scene/Bg0016/Bg0016.placements.tsv
bg0017	Data/Scene/Save/bg0017/bg0017.npc	2	61	194da4579f5f76787a7105a0e80706e528055d54d14b13e350e24f0b0b72525a	7763	OK	46	0x00000734	scene/bg0017/bg0017.placements.tsv
bg0020	Data/Scene/Save/bg0020/Bg0020.npc	2	93	e1566741f25b2ec71ad6fc3d47d85e4ebdb4a7ccd5e8aff5fbef908180d0bc66	10267	OK	31	0x000004DC	scene/bg0020/Bg0020.placements.tsv
Bg0021	Data/Scene/Save/Bg0021/Bg0021.npc	2	105	07d5e545b114adcc790f261a9655ec299aa574d4b0bcd9c10657cd57ec762d0e	11311	OK	28	0x00000464	scene/Bg0021/Bg0021.placements.tsv
Bg0022	Data/Scene/Save/Bg0022/Bg0022.npc	2	69	02d699e7b6d706a1852518794cb97513a777dcc08efa94401493aafa193ac6fd	7819	OK	28	0x00000464	scene/Bg0022/Bg0022.placements.tsv
Bg0023	Data/Scene/Save/Bg0023/Bg0023.npc	2	80	fdb4330e851417b0ad30dec918f51a3db46e92dcc04409640b39661cfde20a8a	8686	OK	23	0x0000039C	scene/Bg0023/Bg0023.placements.tsv
Bg0030	Data/Scene/Save/Bg0030/Bg0030.npc	2	0	c05d231da83665dd60560fc424059d66b433774afcff4d3b053b407f057d54ba	6	OK	0	0x00000004	scene/Bg0030/Bg0030.placements.tsv
Bg0031	Data/Scene/Save/Bg0031/Bg0031.npc	2	0	c05d231da83665dd60560fc424059d66b433774afcff4d3b053b407f057d54ba	6	OK	0	0x00000004	scene/Bg0031/Bg0031.placements.tsv
Bg0032	Data/Scene/Save/Bg0032/Bg0032.npc	2	0	c05d231da83665dd60560fc424059d66b433774afcff4d3b053b407f057d54ba	6	OK	0	0x00000004	scene/Bg0032/Bg0032.placements.tsv
Bg0033	Data/Scene/Save/Bg0033/Bg0033.npc	2	0	c05d231da83665dd60560fc424059d66b433774afcff4d3b053b407f057d54ba	6	OK	0	0x00000004	scene/Bg0033/Bg0033.placements.tsv
Bg1001	Data/Scene/Save/Bg1001/Bg1001.npc	2	8	da5c560af6c483490a041f0605a1b0cfe047a7ee00e515de07567d0c1247e821	978	OK	6	0x000000E8	scene/Bg1001/Bg1001.placements.tsv
Bg1002	Data/Scene/Save/Bg1002/Bg1002.npc	2	8	5ed8550f90bb03c267cb3f53959668428ca052f74d45d853baa70e1d03709618	1148	OK	7	0x0000010E	scene/Bg1002/Bg1002.placements.tsv
Bg1003	Data/Scene/Save/Bg1003/Bg1003.npc	2	8	55feab76e356efac4c92704043df2430ed1aedcf294281cec82316352a63cee7	1208	OK	7	0x0000010E	scene/Bg1003/Bg1003.placements.tsv
Bg1004	Data/Scene/Save/Bg1004/Bg1004.npc	2	10	a406638d16d9de690af16a8008fdeb2a26852319606bc592f041f5a80b1fb06a	1126	OK	5	0x000000C2	scene/Bg1004/Bg1004.placements.tsv
Bg1005	Data/Scene/Save/Bg1005/Bg1005.npc	2	13	cd3e573d25b4a4857fae52fb19cf9b70c00de0d80289c7fc56055de12cc399e6	1597	OK	7	0x0000010E	scene/Bg1005/Bg1005.placements.tsv
Bg1006	Data/Scene/Save/Bg1006/Bg1006.npc	2	20	496e965e144eb19c2c69ad37b6a2faf1fc8a8b604f5822c14ff39c4873b5f07c	2444	OK	9	0x0000015A	scene/Bg1006/Bg1006.placements.tsv
Bg1007	Data/Scene/Save/Bg1007/Bg1007.npc	2	12	819f8a6d9cc6eded5c8291f2ab77487b60f846ab725f9649e4170edbb9d6310d	1426	OK	8	0x00000134	scene/Bg1007/Bg1007.placements.tsv
Bg1008	Data/Scene/Save/Bg1008/Bg1008.npc	2	6	2e1444e7caf407f0e85d53aa33ec8522536a4eb8f09187c9ee67f38dbf57d9e6	754	OK	5	0x000000C2	scene/Bg1008/Bg1008.placements.tsv
Bg1009	Data/Scene/Save/Bg1009/Bg1009.npc	2	9	47460e038ef680c64c975da50f53e2c1e69ac7ba4a296cb2e5b736cadf787bbe	1217	OK	7	0x0000010E	scene/Bg1009/Bg1009.placements.tsv
Bg1010	Data/Scene/Save/Bg1010/Bg1010.npc	2	14	babfd835a839712af13bcc95ce2b75a7843949f8d9dd7f65684f1e19d6074637	1708	OK	8	0x00000134	scene/Bg1010/Bg1010.placements.tsv
Bg1011	Data/Scene/Save/Bg1011/Bg1011.npc	2	8	2bddfde6b53769adf437a04b31c0bf2631dc01f11e90bb5c5ccc5da4c7b72948	940	OK	5	0x000000C2	scene/Bg1011/Bg1011.placements.tsv
Bg1012	Data/Scene/Save/Bg1012/Bg1012.npc	2	8	95595b3979821d06be0df058583ff0640a872550016a491b492d71634b12183c	1048	OK	5	0x000000C2	scene/Bg1012/Bg1012.placements.tsv
Bg1013	Data/Scene/Save/Bg1013/Bg1013.npc	2	16	4cf67fa759e0d5e167c47a9307b5613a1b564812825eaf440434b221d04df9ac	1844	OK	7	0x0000010E	scene/Bg1013/Bg1013.placements.tsv
Bg1014	Data/Scene/Save/Bg1014/Bg1014.npc	2	15	656b2b5e2cc5a121286d5f6882d0c94beda5cc52b4aa89141c3f5b29a58a11e6	1789	OK	8	0x00000134	scene/Bg1014/Bg1014.placements.tsv
Bg1016	Data/Scene/Save/Bg1016/Bg1016.npc	2	12	86eee043925f79c4d97163691c41ffec6520941eab8eaddc6a4bcf317bb2a407	1312	OK	5	0x000000C2	scene/Bg1016/Bg1016.placements.tsv
Bg1017	Data/Scene/Save/Bg1017/Bg1017.npc	2	11	cf0e655771b553c03e22c7694b4663868bf38a00e1d2b9b0423029623c00b480	1257	OK	6	0x000000E8	scene/Bg1017/Bg1017.placements.tsv
Bg1018	Data/Scene/Save/Bg1018/Bg1018.npc	2	12	4f5c284ba61ac345858688992f193ccbffe72e8aef4328aff2f6efe75bee8320	1312	OK	5	0x000000C2	scene/Bg1018/Bg1018.placements.tsv
Bg1019	Data/Scene/Save/Bg1019/Bg1019.npc	2	20	f67b6a22210a57c5c0a1aa36429a92a99854d08bb98b7385d5641dbb2a532214	2056	OK	5	0x000000C2	scene/Bg1019/Bg1019.placements.tsv
Bg1020	Data/Scene/Save/Bg1020/Bg1020.npc	2	27	6ef4a82aaf050e38705ee155b56870e17dae5019c75e78c0fc483a77bd4f0287	2745	OK	6	0x000000E8	scene/Bg1020/Bg1020.placements.tsv
Bg1021	Data/Scene/Save/Bg1021/Bg1021.npc	2	12	fb84210bf69345c3df3758ba5ae25efae13eb15caef519efcfed23e9ac60c787	1370	OK	5	0x000000CC	scene/Bg1021/Bg1021.placements.tsv
Bg1022	Data/Scene/Save/Bg1022/Bg1022.npc	2	22	3c5ccd228a773dfbe2df3b19493fac8fc3be0d08b59fe56c05e8a234400edf41	2340	OK	5	0x000000CC	scene/Bg1022/Bg1022.placements.tsv
Bg1023	Data/Scene/Save/Bg1023/Bg1023.npc	2	11	a45c48dc1343f7cf63ebbfa8699ba8975c27fe3eb8aef6a2612d1615de7c62b6	1181	OK	4	0x0000009C	scene/Bg1023/Bg1023.placements.tsv
Bg1024	Data/Scene/Save/Bg1024/Bg1024.npc	2	37	c09cdd49352631765bac7a36fa9a09a4b60ffa4a0f76f0952bb9277c535d003c	3713	OK	7	0x0000010E	scene/Bg1024/Bg1024.placements.tsv
Bg1025	Data/Scene/Save/Bg1025/Bg1025.npc	2	10	12491d2b439e4d196969f3223a9288dc45aa68ac61ea862b8df7fbedbbe10de5	1088	OK	4	0x0000009C	scene/Bg1025/Bg1025.placements.tsv
Bg1026	Data/Scene/Save/Bg1026/Bg1026.npc	2	21	12476bfd20b6ae11a3de5a5a56ea4c373747a3fd8e8656ee4b8b9e1285bf2db8	2149	OK	5	0x000000C2	scene/Bg1026/Bg1026.placements.tsv
Bg1027	Data/Scene/Save/Bg1027/Bg1027.npc	2	17	54887cbe0b5e37e811a04e4b18cdbf89d2988820581d2eb7725b51ce58a8e7a3	1853	OK	7	0x0000010E	scene/Bg1027/Bg1027.placements.tsv
Bg1028	Data/Scene/Save/Bg1028/Bg1028.npc	2	14	b7fa5e19f9ea8672617cfa97576ec991a0fa10ce9647aaf7fe9ad881626ca4fa	1460	OK	4	0x0000009C	scene/Bg1028/Bg1028.placements.tsv
Bg1029	Data/Scene/Save/Bg1029/Bg1029.npc	2	12	3b6cfa3b58c573dc5b5832f004f2cb1940c51005a862e3b8a6f5f3680807c71f	1370	OK	5	0x000000CC	scene/Bg1029/Bg1029.placements.tsv
Bg1030	Data/Scene/Save/Bg1030/Bg1030.npc	2	11	2427ceb25b3693970c40bc67eb76e3ec4cc1ffa99d7d002b680a4e2968e4cb3e	1267	OK	5	0x000000CC	scene/Bg1030/Bg1030.placements.tsv
Bg1031	Data/Scene/Save/Bg1031/Bg1031.npc	2	9	08d452f9e454f635d69f9cb479d254af48e01f80556b4e29be73f4107aadd067	931	OK	4	0x000000A4	scene/Bg1031/Bg1031.placements.tsv
Bg1032	Data/Scene/Save/Bg1032/Bg1032.npc	2	13	a9994dc3ea772b1e3581cd3cf9a1b88e22f6b420c434877503b66025f020505a	1405	OK	5	0x000000C2	scene/Bg1032/Bg1032.placements.tsv
Bg1033	Data/Scene/Save/Bg1033/Bg1033.npc	2	16	8cab1ba432c8fc549b4b129c5da1bb2d28867a7d000b7bacdcf10c3e8350d115	1798	OK	8	0x00000134	scene/Bg1033/Bg1033.placements.tsv
Bg1034	Data/Scene/Save/Bg1034/Bg1034.npc	2	16	c33ffd0f02cc66c8cb707fca00241708c5c4901131879e23f5b426d513274f94	1722	OK	6	0x000000E8	scene/Bg1034/Bg1034.placements.tsv
Bg1035	Data/Scene/Save/Bg1035/Bg1035.npc	2	14	aa45c0e0493d908ba0c9e7c9ba10f68c814724d9168cd7b47665fb32610fa3de	1498	OK	5	0x000000C2	scene/Bg1035/Bg1035.placements.tsv
Bg1036	Data/Scene/Save/Bg1036/Bg1036.npc	2	12	a52386678793b52261b70d55dcdc66705d34d010cc26a6f9ea826a3cbc97662d	1274	OK	4	0x0000009C	scene/Bg1036/Bg1036.placements.tsv
Bg1037	Data/Scene/Save/Bg1037/Bg1037.npc	2	19	04c639a5fe3105cd264bee47d57e02e527b211ee64978608744abbf28637b863	2039	OK	7	0x0000010E	scene/Bg1037/Bg1037.placements.tsv
Bg1038	Data/Scene/Save/Bg1038/Bg1038.npc	2	21	2dce3297e374fddc804b6c715417e499953e203ed26ba0b03d4190fb408c3eff	2321	OK	9	0x0000015A	scene/Bg1038/Bg1038.placements.tsv
Bg1039	Data/Scene/Save/Bg1039/Bg1039.npc	2	23	269b2b9313e0c6a9292bbefc7ad3d8a0e843a81b4be4f033b552219053b1da3e	2373	OK	6	0x000000E8	scene/Bg1039/Bg1039.placements.tsv
Bg1040	Data/Scene/Save/Bg1040/Bg1040.npc	2	17	ca9dd18bf0e3b4dfb4a29cf81b47d486f9866b4b0680ea7bd579dcdca09190ef	1815	OK	6	0x000000E8	scene/Bg1040/Bg1040.placements.tsv
Bg1041	Data/Scene/Save/Bg1041/Bg1041.npc	2	19	9bd09cf8d3e205617c4bc901d1a1b34e6354accf0aa14e7743247a99a1781392	2077	OK	8	0x00000134	scene/Bg1041/Bg1041.placements.tsv
Bg1042	Data/Scene/Save/Bg1042/Bg1042.npc	2	24	51e88344109d8ea1b912894bd41a28d511e847a8cead175961dc6e12eb84f13e	2574	OK	6	0x000000F4	scene/Bg1042/Bg1042.placements.tsv
Bg1043	Data/Scene/Save/Bg1043/Bg1043.npc	2	22	af512c7583c23fa4948b65aef0e35db13d3a0947ad981f35dacf454be8a0387e	2280	OK	6	0x000000E8	scene/Bg1043/Bg1043.placements.tsv
Bg1044	Data/Scene/Save/Bg1044/Bg1044.npc	2	18	bf066d65a7597e5dbb57296ffa9bf7b3713f4ff8b3717c753082e6414d821e4a	1908	OK	6	0x000000E8	scene/Bg1044/Bg1044.placements.tsv
Bg1045	Data/Scene/Save/Bg1045/Bg1045.npc	2	40	3c55082105b1ac60d4c1a7f39c570f1f3507501554c3b26c9c34840552400a1b	4144	OK	11	0x000001A6	scene/Bg1045/Bg1045.placements.tsv
Bg1046	Data/Scene/Save/Bg1046/Bg1046.npc	2	10	df9ad7681c03ac373e7f39b4f5ebbc57c84e5c9cc305dc6ab85466f475b8160c	1202	OK	7	0x0000010E	scene/Bg1046/Bg1046.placements.tsv
Bg1047	Data/Scene/Save/Bg1047/Bg1047.npc	2	7	f78b1d76267fdc126e2ef57494e4496d6960c6cce0acca775069a20863728d59	923	OK	7	0x0000010E	scene/Bg1047/Bg1047.placements.tsv
Bg1048	Data/Scene/Save/Bg1048/Bg1048.npc	2	11	eba28ed326a0dcf739d066800e04e6269bfd5cbf62772e8f1c7ffbb338ff3b05	1219	OK	5	0x000000C2	scene/Bg1048/Bg1048.placements.tsv
Bg1049	Data/Scene/Save/Bg1049/Bg1049.npc	2	16	b705d26160e5da74fefa92d75ec6c67f3e24d6002874f7735511ab9e745c0fdc	1962	OK	7	0x0000010E	scene/Bg1049/Bg1049.placements.tsv
Bg1050	Data/Scene/Save/Bg1050/Bg1050.npc	2	18	ec361111d4b40e928d75f2516bc8014e2c82223aac7ce0058b0b3a0ca3471b74	2214	OK	9	0x0000015A	scene/Bg1050/Bg1050.placements.tsv
Bg1051	Data/Scene/Save/Bg1051/Bg1051.npc	2	9	88f059dfdc36042ee15f0708fbcf965207eddcd92cdaa0a50fa820a9fcb85a60	1109	OK	7	0x0000010E	scene/Bg1051/Bg1051.placements.tsv
Bg1052	Data/Scene/Save/Bg1052/Bg1052.npc	2	9	5dd51a5bad21d1b5add65c51517c13bb880ec4d1a1f43dbdd30fce57216fed73	1229	OK	7	0x0000010E	scene/Bg1052/Bg1052.placements.tsv
Bg1053	Data/Scene/Save/Bg1053/Bg1053.npc	2	13	e42fad63f8a8d85143451c75c1eb913787b0ca516bf38a236031aeac0a14030d	1589	OK	7	0x0000010E	scene/Bg1053/Bg1053.placements.tsv
Bg1054	Data/Scene/Save/Bg1054/Bg1054.npc	2	7	02579fed82054188179c8e1b05cb661e7b5614a02673272bf2b61cb9abd61392	847	OK	5	0x000000C2	scene/Bg1054/Bg1054.placements.tsv
Bg1055	Data/Scene/Save/Bg1055/Bg1055.npc	2	5	0489106952d4dbc5d91267ef0ebd4cb12fe07481c03a4cf2b2f30eed07a9b8dd	661	OK	5	0x000000C2	scene/Bg1055/Bg1055.placements.tsv
Bg1056	Data/Scene/Save/Bg1056/Bg1056.npc	2	18	e17dd63f153ec26ed76609b7718538e3fe13c5527f51392e8809ab480a8eaea6	2242	OK	7	0x0000010E	scene/Bg1056/Bg1056.placements.tsv
Bg1057	Data/Scene/Save/Bg1057/Bg1057.npc	2	14	e61ec5bb0aab353f0d22341fc8a1f9991f398ebf40812bb55bd99c8b6be9277a	1686	OK	7	0x0000010E	scene/Bg1057/Bg1057.placements.tsv
Bg1058	Data/Scene/Save/Bg1058/Bg1058.npc	2	12	58122bcee02cbc8b278ee0764acdc24581eb2747f430514c96f557c60eba6a0a	1312	OK	5	0x000000C2	scene/Bg1058/Bg1058.placements.tsv
Bg1059	Data/Scene/Save/Bg1059/Bg1059.npc	2	12	70347144a7deebe6a91620699ac5e8bdb523e41b2274c1d2ed91d30c30b7504d	1312	OK	5	0x000000C2	scene/Bg1059/Bg1059.placements.tsv
Bg1060	Data/Scene/Save/Bg1060/Bg1060.npc	2	19	22cad5829c5f7d8f3e4bbadd03a12757da965083a3b9cf31fa39bce040743761	2077	OK	8	0x00000134	scene/Bg1060/Bg1060.placements.tsv
Bg1061	Data/Scene/Save/Bg1061/Bg1061.npc	2	9	06d6ee29b816364b2e09199eb6d4633650205d541a8047b24af945d3b3097e68	1033	OK	5	0x000000C2	scene/Bg1061/Bg1061.placements.tsv
Bg1062	Data/Scene/Save/Bg1062/Bg1062.npc	2	11	dbf4b9cd12c7043492eed1e310cd02615e34e0f881e42f1de1edd9ac9ad38678	1181	OK	4	0x0000009C	scene/Bg1062/Bg1062.placements.tsv
Bg1063	Data/Scene/Save/Bg1063/Bg1063.npc	2	13	2fa0267b9c7b409d40b676c1d5923d5ccecc1445192ed28cba64d1bad501a240	1467	OK	5	0x000000CC	scene/Bg1063/Bg1063.placements.tsv
Bg1064	Data/Scene/Save/Bg1064/Bg1064.npc	2	13	eeec4873805feb1f2537d77d0963f6df1562ce2094b9404f0fc389c40f3a5202	1517	OK	6	0x000000F4	scene/Bg1064/Bg1064.placements.tsv
Bg1065	Data/Scene/Save/Bg1065/Bg1065.npc	2	14	8607a9e93f1d7b22d7a369c1f9211e7cfe381819b8c76753d5388be95f9951b8	1594	OK	7	0x0000010E	scene/Bg1065/Bg1065.placements.tsv
Bg1066	Data/Scene/Save/Bg1066/Bg1066.npc	2	21	3a8aedc86fd1847835281fb366bbefab371a6fa8156c6f1f94f086bbbd68c454	2149	OK	5	0x000000C2	scene/Bg1066/Bg1066.placements.tsv
Bg1067	Data/Scene/Save/Bg1067/Bg1067.npc	2	9	32992461a74a10830d00aefda3d6524cd5e42bd3f691a79c46f79954abf6a3b3	995	OK	4	0x0000009C	scene/Bg1067/Bg1067.placements.tsv
Bg1068	Data/Scene/Save/Bg1068/Bg1068.npc	2	18	ec6cd360d722be22386c0983832218e88e3e47ad581093b80aee7e41bae0aad0	1946	OK	7	0x0000010E	scene/Bg1068/Bg1068.placements.tsv
Bg1069	Data/Scene/Save/Bg1069/Bg1069.npc	2	21	072fbf977cb31e88c8b41557f5dc58e8e05dc86a34a4c9242036c13887212878	2187	OK	6	0x000000E8	scene/Bg1069/Bg1069.placements.tsv
Bg1070	Data/Scene/Save/Bg1070/Bg1070.npc	2	14	e9c3fdb93b7e7d3e04c0c5112674e211009316571d7e6362b19aa79ee8ee1248	1460	OK	4	0x0000009C	scene/Bg1070/Bg1070.placements.tsv
Bg1071	Data/Scene/Save/Bg1071/Bg1071.npc	2	16	941c89d0d5af623764f662ba62aab4232dd5fab8de5d6663e189de3f84dcec80	1798	OK	6	0x000000F4	scene/Bg1071/Bg1071.placements.tsv
Bg1072	Data/Scene/Save/Bg1072/Bg1072.npc	2	19	933afa8d7678a444346b996f1b4ab05edc82d0f156c1b88558c351593f537475	2129	OK	7	0x0000011C	scene/Bg1072/Bg1072.placements.tsv
Bg1073	Data/Scene/Save/Bg1073/Bg1073.npc	2	10	42cd6ce21ab581026e2aa1145fc4f981007e503e6fb692a28f57ef2959a7a89f	1176	OK	5	0x000000CC	scene/Bg1073/Bg1073.placements.tsv
Bg1074	Data/Scene/Save/Bg1074/Bg1074.npc	2	11	395e88c6af7be08ece3a9dc78c3ac7c5799d83ad7687df079c514e2ff0d30fa0	1257	OK	6	0x000000E8	scene/Bg1074/Bg1074.placements.tsv
Bg1075	Data/Scene/Save/Bg1075/Bg1075.npc	2	17	f46fb42a18cfe86715b4a6f5684aeb1a335e95b3e6c05f3112558b0966b2d07d	1777	OK	5	0x000000C2	scene/Bg1075/Bg1075.placements.tsv
Bg1076	Data/Scene/Save/Bg1076/Bg1076.npc	2	17	8b585e9529c59a6649b84252ecee900014e7f077fc8404c90b574845eb1c9dcd	1777	OK	5	0x000000C2	scene/Bg1076/Bg1076.placements.tsv
Bg1077	Data/Scene/Save/Bg1077/Bg1077.npc	2	15	661bf9c5395e39ce90f7868fb28261db6080307026109428204d3376a7254038	1591	OK	5	0x000000C2	scene/Bg1077/Bg1077.placements.tsv
Bg1078	Data/Scene/Save/Bg1078/Bg1078.npc	2	27	0910c04cb2725bec9eaa5d0dbefbfe17b5f031a8628d85f4b13335e20102f6af	3085	OK	11	0x000001A6	scene/Bg1078/Bg1078.placements.tsv
Bg1079	Data/Scene/Save/Bg1079/Bg1079.npc	2	14	5a2ad81656692d1792676c82346578d94656abfc910db0adc9df63fc5c578b26	1536	OK	6	0x000000E8	scene/Bg1079/Bg1079.placements.tsv
Bg1080	Data/Scene/Save/Bg1080/Bg1080.npc	2	21	26bbf06b479d9d586333311d9443807ea12e2cfb0cdc0c1b651052739c23d2b4	2301	OK	9	0x0000015A	scene/Bg1080/Bg1080.placements.tsv
Bg1081	Data/Scene/Save/Bg1081/Bg1081.npc	2	19	f8921fad1e8d1d860aa06aa492e1dc1bfe7421c332e53b9a868e50c184d5e48e	2001	OK	6	0x000000E8	scene/Bg1081/Bg1081.placements.tsv
Bg1082	Data/Scene/Save/Bg1082/Bg1082.npc	2	19	b57414ec34054fa3c6d6f659accf94a7b8cf08d060c31ff863fe2bbe25289bae	2073	OK	7	0x0000010E	scene/Bg1082/Bg1082.placements.tsv
Bg1083	Data/Scene/Save/Bg1083/Bg1083.npc	2	21	9c04aa1bd863bf4411c159e3f6eb06c3d0f84bf2c95afef2c48cf9e2cfa9fdd0	2187	OK	6	0x000000E8	scene/Bg1083/Bg1083.placements.tsv
Bg1084	Data/Scene/Save/Bg1084/Bg1084.npc	2	19	cde4c3d134fa301b4b3a00b47ab4cec838ce898d3cf2f33d271be45d440ac1e4	2089	OK	6	0x000000F4	scene/Bg1084/Bg1084.placements.tsv
Bg1085	Data/Scene/Save/Bg1085/Bg1085.npc	2	22	6fc2b37841222da5b83a968c4f9d6a21718132feaf70f0277d426abd4e748e1e	2280	OK	6	0x000000E8	scene/Bg1085/Bg1085.placements.tsv
Bg1086	Data/Scene/Save/Bg1086/Bg1086.npc	2	20	2136b443382019e864f2566316c44189976b9170d44993f9b2a7adea471377d6	2094	OK	6	0x000000E8	scene/Bg1086/Bg1086.placements.tsv
Bg1087	Data/Scene/Save/Bg1087/Bg1087.npc	2	23	c5be2a30a41f8b7bae82fd69174f3a71df1b40dbc3750040355fc49bd4bdf908	2373	OK	6	0x000000E8	scene/Bg1087/Bg1087.placements.tsv
Bg1088	Data/Scene/Save/Bg1088/Bg1088.npc	2	25	76b14053abc40df8ea78a14ca4f2f0b700ea5ece75d53571e438afcb2569cdfe	2655	OK	8	0x00000134	scene/Bg1088/Bg1088.placements.tsv
Bg1089	Data/Scene/Save/Bg1089/Bg1089.npc	2	20	76519a1d49ee31390ff24ee1e527f46b7aad7182ffd3846a154f12d6543e54ac	2094	OK	6	0x000000E8	scene/Bg1089/Bg1089.placements.tsv
Bg1090	Data/Scene/Save/Bg1090/Bg1090.npc	2	19	afacbfe2db81afd5f5ae82c5b6c73505e2a731639802617a8884969acc29adc7	2077	OK	8	0x00000134	scene/Bg1090/Bg1090.placements.tsv
Bg1091	Data/Scene/Save/Bg1091/Bg1091.npc	2	21	a7dd761d082ae690f635c44ba31be6f90b9f8f8eb40c4516d51214a89b9a2f8d	2187	OK	6	0x000000E8	scene/Bg1091/Bg1091.placements.tsv
Bg1092	Data/Scene/Save/Bg1092/Bg1092.npc	2	19	a1ef15f5f719e0cc8173efba5e64997f4669ac87c2002586bcb43382c1ff3b00	2089	OK	6	0x000000F4	scene/Bg1092/Bg1092.placements.tsv
Bg1093	Data/Scene/Save/Bg1093/Bg1093.npc	2	21	cc0bbf16ed8ee40899b38c6554cc00d40107d2cde842b00b21423aab471d37a0	2187	OK	6	0x000000E8	scene/Bg1093/Bg1093.placements.tsv
Bg1094	Data/Scene/Save/Bg1094/Bg1094.npc	2	23	76a6aa1452e3abc45f543bf558bec35893de922cd1dc922fe4fbf737f9713e63	2411	OK	7	0x0000010E	scene/Bg1094/Bg1094.placements.tsv
Bg1095	Data/Scene/Save/Bg1095/Bg1095.npc	2	34	add95e81161a1334778d2d42a8a7791875d3a8434ebd13b802eb4951563789cd	3586	OK	11	0x000001A6	scene/Bg1095/Bg1095.placements.tsv
Bg1096	Data/Scene/Save/Bg1096/Bg1096.npc	2	1	ae5588d4ab7fce2fd08bcc05624fd3cfb34e2b70881bb81778f23538e55f61a3	289	OK	5	0x000000C2	scene/Bg1096/Bg1096.placements.tsv
Bg1097	Data/Scene/Save/Bg1097/Bg1097.npc	2	8	4a0dc8c0686de0170fa64c994b706b563d38d2873af6ae65b9af2c34cc7a382e	1154	OK	4	0x0000009C	scene/Bg1097/Bg1097.placements.tsv
Bg1098	Data/Scene/Save/Bg1098/Bg1098.npc	2	7	838b030891c14a78fc2700baa39ea850f23e1cb23e9ae22d35ed27f633a4dd8e	771	OK	3	0x00000076	scene/Bg1098/Bg1098.placements.tsv
Bg1099	Data/Scene/Save/Bg1099/Bg1099.npc	2	1	3073fe05172f7d8b3cfecbedc741dd633b98d7812d525a837a52c610a6bda91b	347	OK	4	0x000000A4	scene/Bg1099/Bg1099.placements.tsv
Bg1100	Data/Scene/Save/Bg1100/Bg1100.npc	2	4	0f756fb47131a27752767b344b14c063b539ea25ee94c913b1ce37df9488bfcc	606	OK	6	0x000000E8	scene/Bg1100/Bg1100.placements.tsv
Bg1101	Data/Scene/Save/Bg1101/Bg1101.npc	2	4	6d41bc0fedcf299f3cc433b4c4facead1032a6374c5e99b8a1d00830ff637575	568	OK	5	0x000000C2	scene/Bg1101/Bg1101.placements.tsv
Bg1102	Data/Scene/Save/Bg1102/Bg1102.npc	2	3	2873186acedd9aa318543c852dff6c76189b596b8d8a67b5f7484325db3c53b7	475	OK	5	0x000000C2	scene/Bg1102/Bg1102.placements.tsv
Bg1103	Data/Scene/Save/Bg1103/Bg1103.npc	2	6	bd3a88f6b5cc205b761b0eb110d300a9247127ea972241a40b373449279fc67e	754	OK	5	0x000000C2	scene/Bg1103/Bg1103.placements.tsv
Bg1104	Data/Scene/Save/Bg1104/Bg1104.npc	2	1	6509b12e9cda807a291e4b75b440b7f2c577e94b4899dc8cd1ebc8659520ca1f	289	OK	5	0x000000C2	scene/Bg1104/Bg1104.placements.tsv
Bg1105	Data/Scene/Save/Bg1105/Bg1105.npc	2	4	6f7d5c17e49514089c6d1036d96d1a7c548dceb18cec4226aeabdcd3b0fd61b0	726	OK	6	0x000000E8	scene/Bg1105/Bg1105.placements.tsv
Bg1106	Data/Scene/Save/Bg1106/Bg1106.npc	2	11	8c331ddce9162cb8dffddcfab4f1bbdfff28f80b150ff06bc2f665746828178f	1429	OK	7	0x00000136	scene/Bg1106/Bg1106.placements.tsv
Bg1107	Data/Scene/Save/Bg1107/Bg1107.npc	2	2	bfce02170d79d90ea68d12518eb0f27be65421e789f2721653cef4d0b5831c39	382	OK	5	0x000000C2	scene/Bg1107/Bg1107.placements.tsv
Bg1108	Data/Scene/Save/Bg1108/Bg1108.npc	2	3	5f58e23c2435bdb82da1558d96850b53ef7580b394f8f7bd68fd8ff0c322f3af	475	OK	5	0x000000C2	scene/Bg1108/Bg1108.placements.tsv
Bg1109	Data/Scene/Save/Bg1109/Bg1109.npc	2	3	07108d552bf957397fedab24ddb38a394569b57a44908fdaef550519c86e7493	475	OK	5	0x000000C2	scene/Bg1109/Bg1109.placements.tsv
Bg1110	Data/Scene/Save/Bg1110/Bg1110.npc	2	3	078363a8a8f45671bb87433f11a0047dfc2991e0a2bf891de80cb7f8bd4da5a3	551	OK	7	0x0000010E	scene/Bg1110/Bg1110.placements.tsv
Bg1111	Data/Scene/Save/Bg1111/Bg1111.npc	2	4	2efcc7677c27a914c8d091fd0a2e9ef939c0800267d0467ba4471cbd29e0cfa5	554	OK	4	0x000000A4	scene/Bg1111/Bg1111.placements.tsv
Bg1112	Data/Scene/Save/Bg1112/Bg1112.npc	2	4	5d17062077e875a3c459f87b40593464b349e6f3105898a7ae4c3e534bd9effd	644	OK	7	0x0000010E	scene/Bg1112/Bg1112.placements.tsv
Bg1113	Data/Scene/Save/Bg1113/Bg1113.npc	2	1	ef16d1404ca573b3faf6e3d680c20791f00b7cccf15e04d623f8a1a9489efb8b	643	OK	14	0x00000224	scene/Bg1113/Bg1113.placements.tsv
Bg1114	Data/Scene/Save/Bg1114/Bg1114.npc	2	9	cd52557aa00b437a65c0e70861c291438a89f83f580407f5612473a596f7299b	1033	OK	5	0x000000C2	scene/Bg1114/Bg1114.placements.tsv
Bg1115	Data/Scene/Save/Bg1115/Bg1115.npc	2	5	35d316c500461b9a2272f74a327f74e8c3af34075a4ec4405bfe82aeb94a4b80	699	OK	6	0x000000E8	scene/Bg1115/Bg1115.placements.tsv
Bg1116	Data/Scene/Save/Bg1116/Bg1116.npc	2	10	055c08a54e3a56dde661bfd9926ae838553a24a12f01518273003ae5dc89a5eb	1202	OK	7	0x0000010E	scene/Bg1116/Bg1116.placements.tsv
Bg1117	Data/Scene/Save/Bg1117/Bg1117.npc	2	5	05c0769f65b3b6496747f2f066a95f9a9356ea83ffbf691f3a59c8b8190234db	547	OK	2	0x00000050	scene/Bg1117/Bg1117.placements.tsv
Bg1118	Data/Scene/Save/Bg1118/Bg1118.npc	2	6	7abf3827be8ac9ed9ebaf66e496da4761c969eaceb758f07bac6f55c51d64f11	1166	OK	7	0x0000010E	scene/Bg1118/Bg1118.placements.tsv
Bg1119	Data/Scene/Save/Bg1119/Bg1119.npc	2	4	31ee5ae610dbadb2eae19ad4fd46bff34be93bca3e8e51fc364c87eb6a5a61a9	568	OK	5	0x000000C2	scene/Bg1119/Bg1119.placements.tsv
Bg1120	Data/Scene/Save/Bg1120/Bg1120.npc	2	11	89dada612f021741693477bbf9ddb36f948f4f86c6fa9d9dc4c09fffbb243791	1233	OK	4	0x000000A4	scene/Bg1120/Bg1120.placements.tsv
Bg1121	Data/Scene/Save/Bg1121/Bg1121.npc	2	10	ec34eabcf7a075f18a291cd19a4316cd2b6981d96dfa603e0507fdc56822dc10	1126	OK	5	0x000000C2	scene/Bg1121/Bg1121.placements.tsv
Bg1122	Data/Scene/Save/Bg1122/Bg1122.npc	2	8	7e295ae2cdd1d00b296a41157718b61a081da7535fedb239992504116e13d487	1070	OK	6	0x000000F4	scene/Bg1122/Bg1122.placements.tsv
Bg1124	Data/Scene/Save/Bg1124/Bg1124.npc	2	10	9c511cd792e4abce51730c420638af7474fab4d7ad757b4608e6f1b184b6af43	1164	OK	6	0x000000E8	scene/Bg1124/Bg1124.placements.tsv
Bg1125	Data/Scene/Save/Bg1125/Bg1125.npc	2	9	194b53041b3e65c6451bf4201e39a832af93f0fbb5a394de7237d8268c74d5fe	1633	OK	5	0x000000C2	scene/Bg1125/Bg1125.placements.tsv
Bg1126	Data/Scene/Save/Bg1126/Bg1126.npc	2	14	3122e120d384a415ed30f38c02a5f5b57d88755583b79a15a54696bd85276960	1574	OK	7	0x0000010E	scene/Bg1126/Bg1126.placements.tsv
Bg1127	Data/Scene/Save/Bg1127/Bg1127.npc	2	13	1a1e146c4885d923b88451b4715b80b0615055752231906c74f58a37f8af8ec4	1405	OK	5	0x000000C2	scene/Bg1127/Bg1127.placements.tsv
Bg1128	Data/Scene/Save/Bg1128/Bg1128.npc	2	11	0b152f7ff335bd057cd55e53376dfe54cd12cfd580c0bf65acbdd43f83eb15d2	1219	OK	5	0x000000C2	scene/Bg1128/Bg1128.placements.tsv
Bg1129	Data/Scene/Save/Bg1129/Bg1129.npc	2	12	f1388efe80294589a51e68276a4cf9e4a930bb4bf9a287125322ccd955bd8ee1	1370	OK	5	0x000000CC	scene/Bg1129/Bg1129.placements.tsv
Bg1130	Data/Scene/Save/Bg1130/Bg1130.npc	2	20	e014e5767f124bdb914477fefa7d9ef572042c8328a225b3c121558c134631f0	2056	OK	5	0x000000C2	scene/Bg1130/Bg1130.placements.tsv
Bg1131	Data/Scene/Save/Bg1131/Bg1131.npc	2	3	d820540dd0e9ee254bc120b21b090cb16210d323572c9d64c3cbe3d51651b12b	399	OK	3	0x00000076	scene/Bg1131/Bg1131.placements.tsv
Bg1132	Data/Scene/Save/Bg1132/Bg1132.npc	2	17	b97e8e634fe8081a524f606b94a257c2adbaf7a20d55050554d341fa93b0337e	1891	OK	8	0x00000134	scene/Bg1132/Bg1132.placements.tsv
Bg1133	Data/Scene/Save/Bg1133/Bg1133.npc	2	10	01f40863718018e3d5b529d3548be47ccbe94a7966971f0fb602892486a97ec6	1126	OK	5	0x000000C2	scene/Bg1133/Bg1133.placements.tsv
Bg1134	Data/Scene/Save/Bg1134/Bg1134.npc	2	18	481aebb5463bac38b7eea83a8965df445c9dc72f16caa499e9700d56d9db1018	2032	OK	7	0x0000011C	scene/Bg1134/Bg1134.placements.tsv
Bg1135	Data/Scene/Save/Bg1135/Bg1135.npc	2	12	e2557431edf56daf624f485b5e7e3b865c229ddd18bbf7c60ef9396c68dce7f8	1312	OK	5	0x000000C2	scene/Bg1135/Bg1135.placements.tsv
Bg1136	Data/Scene/Save/Bg1136/Bg1136.npc	2	12	d2a83c6f31d09fff2350fece103017794502b88faadd8d744713f9ae3b9e0fdf	1350	OK	6	0x000000E8	scene/Bg1136/Bg1136.placements.tsv
Bg1137	Data/Scene/Save/Bg1137/Bg1137.npc	2	10	08a500cd03eb7e4d5bba1b6fc07d4d1a82d521207dae6cf1ed97ee08f1d9d2db	1126	OK	5	0x000000C2	scene/Bg1137/Bg1137.placements.tsv
Bg1138	Data/Scene/Save/Bg1138/Bg1138.npc	2	10	ad0fef9269b44191b229d41ba2da1c0bebc51bc39f9f34d38402b6d7bec4be0c	1202	OK	7	0x0000010E	scene/Bg1138/Bg1138.placements.tsv
Bg1139	Data/Scene/Save/Bg1139/Bg1139.npc	2	9	8b15ef591dfa8b756252d932d51600287a7eb74c9a31915eb439572e745f1d0f	2045	OK	7	0x0000010E	scene/Bg1139/Bg1139.placements.tsv
Bg1140	Data/Scene/Save/Bg1140/Bg1140.npc	2	9	3200dd7f2f9328aad83f1661a05179d1f8ca7fafdc4836d21537a9250bd5d78e	1657	OK	5	0x000000C2	scene/Bg1140/Bg1140.placements.tsv
Bg1141	Data/Scene/Save/Bg1141/Bg1141.npc	2	13	6e6d1efa666e9ee0989f0a2057401382adf2a2d935ae48296920eecd1d3c64ac	1507	OK	6	0x000000F4	scene/Bg1141/Bg1141.placements.tsv
Bg1142	Data/Scene/Save/Bg1142/Bg1142.npc	2	10	4decf8ac64355d1622b65909a1552b177305fcc5bf559417f5cfc198d8e3f4e5	1088	OK	4	0x0000009C	scene/Bg1142/Bg1142.placements.tsv
Bg1143	Data/Scene/Save/Bg1143/Bg1143.npc	2	7	bacaf4502239aaf7470c84f4effbf00b55358c1c21daebfa0c9fd8ca0098a4b0	809	OK	4	0x0000009C	scene/Bg1143/Bg1143.placements.tsv
Bg1144	Data/Scene/Save/Bg1144/Bg1144.npc	2	17	673f4d3be00efdd956b75377373100ecc3397251e4920215c43a4865236d8cb7	1935	OK	7	0x0000011C	scene/Bg1144/Bg1144.placements.tsv
Bg1145	Data/Scene/Save/Bg1145/Bg1145.npc	2	11	83c417d1265354584d333a85c9cdd4f449cabd88274c2ea851c8584458892b34	1313	OK	6	0x000000F4	scene/Bg1145/Bg1145.placements.tsv
Bg1146	Data/Scene/Save/Bg1146/Bg1146.npc	2	15	8e17efd0a05418b243d2dd088da26eb8e2dfa24ead5bb4d6ce732a358846ad07	1591	OK	5	0x000000C2	scene/Bg1146/Bg1146.placements.tsv
Bg1147	Data/Scene/Save/Bg1147/Bg1147.npc	2	21	9ac3d0e89e1507d9818d81288a8d6d1940563b9e2830baa054bace98d0d0d036	2363	OK	8	0x00000144	scene/Bg1147/Bg1147.placements.tsv
Bg1148	Data/Scene/Save/Bg1148/Bg1148.npc	2	15	a6d1e3417f9e45a52bf239b6eb78af273eb14dc9c59f3864fbc5c83c82340af2	1595	OK	5	0x000000C4	scene/Bg1148/Bg1148.placements.tsv
Bg1149	Data/Scene/Save/Bg1149/Bg1149.npc	2	13	e94101d3b763c941490ea0d2caabea4ef4abf5c1c9b56f84de121967c78e5da5	1405	OK	5	0x000000C2	scene/Bg1149/Bg1149.placements.tsv
Bg1150	Data/Scene/Save/Bg1150/Bg1150.npc	2	13	1e9c4159d6c3813976f97a59e3d501eec76a70f322a0435dd71139f874c7e27d	1367	OK	4	0x0000009C	scene/Bg1150/Bg1150.placements.tsv
Bg1151	Data/Scene/Save/Bg1151/Bg1151.npc	2	13	1e9c4159d6c3813976f97a59e3d501eec76a70f322a0435dd71139f874c7e27d	1367	OK	4	0x0000009C	scene/Bg1151/Bg1151.placements.tsv
Bg1152	Data/Scene/Save/Bg1152/Bg1152.npc	2	16	2e8ad30c5737289c4a55286981b855379768a256138ba8f702d6f1815b4ac6f3	1722	OK	6	0x000000E8	scene/Bg1152/Bg1152.placements.tsv
Bg1153	Data/Scene/Save/Bg1153/Bg1153.npc	2	15	06a26e026cc97814cc56c9d5ebd8f080b8f73e24e4163930753267991f761fba	1629	OK	6	0x000000E8	scene/Bg1153/Bg1153.placements.tsv
Bg1154	Data/Scene/Save/Bg1154/Bg1154.npc	2	1	04fdc1da84ced6ffba2c2df73b1f46fedc07c2bc5ca6d63cdba35f0870e80a04	289	OK	5	0x000000C2	scene/Bg1154/Bg1154.placements.tsv
Bg1155	Data/Scene/Save/Bg1155/Bg1155.npc	2	9	52bb075c18925456433e5a8611a631bcb488981d620ead70617ad65315b34d92	1033	OK	5	0x000000C2	scene/Bg1155/Bg1155.placements.tsv
Bg1156	Data/Scene/Save/Bg1156/Bg1156.npc	2	14	645fc89f1325e324a3bb4f0ee0831bbd64c32cd122cd13106912b1f3ce6726a9	1574	OK	7	0x0000010E	scene/Bg1156/Bg1156.placements.tsv
Bg1157	Data/Scene/Save/Bg1157/Bg1157.npc	2	18	cf7e65a0671d0fd321d88071b5e18e12622030c7d1ffdc77a9460cf9e485c165	1908	OK	6	0x000000E8	scene/Bg1157/Bg1157.placements.tsv
Bg1158	Data/Scene/Save/Bg1158/Bg1158.npc	2	1	3d0e5e1be61ef4865c92127c0403a78a59755b291ff53b232c38cb1728ffdb0d	289	OK	5	0x000000C2	scene/Bg1158/Bg1158.placements.tsv
Bg1159	Data/Scene/Save/Bg1159/Bg1159.npc	2	1	974dc7e9363adc7bac92c3e7e060c75dd6da3844d8f46d26d06f0a659a9d4fac	303	OK	5	0x000000CC	scene/Bg1159/Bg1159.placements.tsv
Bg1160	Data/Scene/Save/Bg1160/Bg1160.npc	2	1	974dc7e9363adc7bac92c3e7e060c75dd6da3844d8f46d26d06f0a659a9d4fac	303	OK	5	0x000000CC	scene/Bg1160/Bg1160.placements.tsv
Bg1161	Data/Scene/Save/Bg1161/Bg1161.npc	2	0	7d7555b673c86bd3c1cf335eb186d0ee6c51e8b886722648bc7b7eb602b32a35	234	OK	6	0x000000E8	scene/Bg1161/Bg1161.placements.tsv
Bg1162	Data/Scene/Save/Bg1162/Bg1162.npc	2	5	c516cd9090009b1f80085527ab9df169e0a003e86443c53a1749a948d9ac08ec	1281	OK	21	0x0000032E	scene/Bg1162/Bg1162.placements.tsv
Bg1163	Data/Scene/Save/Bg1163/Bg1163.npc	2	3	2e1f10fc52be05e11a3eec7701e70bb14897adb262a5f0278180828a40d83bef	497	OK	5	0x000000CC	scene/Bg1163/Bg1163.placements.tsv
Bg1164	Data/Scene/Save/Bg1164/Bg1164.npc	2	5	9a1f4ef034a67cbfa86aadeca33b53258a2422b314a6ca986e78cc087df7bffc	2839	OK	8	0x00000134	scene/Bg1164/Bg1164.placements.tsv
Bg1165	Data/Scene/Save/Bg1165/Bg1165.npc	2	1	974dc7e9363adc7bac92c3e7e060c75dd6da3844d8f46d26d06f0a659a9d4fac	303	OK	5	0x000000CC	scene/Bg1165/Bg1165.placements.tsv
Bg1166	Data/Scene/Save/Bg1166/Bg1166.npc	2	17	b018da652567d2ccf038301117d026dced9a1b8cadfa7cd872730dbfa0886bca	4101	OK	21	0x0000032E	scene/Bg1166/Bg1166.placements.tsv
Bg1167	Data/Scene/Save/Bg1167/Bg1167.npc	2	11	b4d8e7d9715bfc82042108c870aacf8716f08bd10bd5fd2585b266bb779fae76	1273	OK	5	0x000000CC	scene/Bg1167/Bg1167.placements.tsv
Bg1168	Data/Scene/Save/Bg1168/Bg1168.npc	2	5	170db5bc5e2676ecf13e957d9875c23c6133aa0084d16960a7e947dcac4c48ef	691	OK	5	0x000000CC	scene/Bg1168/Bg1168.placements.tsv
Bg1169	Data/Scene/Save/Bg1169/Bg1169.npc	2	0	b02fa96e6ed8eed86b7735bd2de08c2fbe02183bc23c8186a8b2d56a5198fd39	1006	OK	25	0x000003EC	scene/Bg1169/Bg1169.placements.tsv
Bg1170	Data/Scene/Save/Bg1170/Bg1170.npc	2	15	f10e7bb281e835c543dea387eb97ca4ceccc7028543887cfb69860e5eb320877	1661	OK	5	0x000000CC	scene/Bg1170/Bg1170.placements.tsv
Bg1171	Data/Scene/Save/Bg1171/Bg1171.npc	2	7	61bc10008ac40f88d300521e8c37985a049590123f1eb24b4fd8ef19d6d0d891	1725	OK	26	0x00000414	scene/Bg1171/Bg1171.placements.tsv
Bg1172	Data/Scene/Save/Bg1172/Bg1172.npc	2	8	42700222a13a47dad908bf9e3396321643d622f06408390db14cb612c9ede1c0	1822	OK	26	0x00000414	scene/Bg1172/Bg1172.placements.tsv
Bg1173	Data/Scene/Save/Bg1173/Bg1173.npc	2	10	dbf530aa80ac4931bbc16e92707d702ffa24def2167605fef1d88a8c8f53912a	2016	OK	26	0x00000414	scene/Bg1173/Bg1173.placements.tsv
Bg1174	Data/Scene/Save/Bg1174/Bg1174.npc	2	0	4ae60563015c2ee011b21a71ab0c28c5ce312f105ed8d56a2c71193338ff524b	272	OK	7	0x0000010E	scene/Bg1174/Bg1174.placements.tsv
Bg1175	Data/Scene/Save/Bg1175/Bg1175.npc	2	4	fa061c62c99d80a983ad726307f48f11d0dde90cf2fe7541a886a8e423f2691f	1366	OK	26	0x000003E0	scene/Bg1175/Bg1175.placements.tsv
Bg1176	Data/Scene/Save/Bg1176/Bg1176.npc	2	4	976f3ae8eb21e30ff291f87d8ff49d0488c58455abc491ef6254bcf401dde91a	1366	OK	26	0x000003E0	scene/Bg1176/Bg1176.placements.tsv
Bg1177	Data/Scene/Save/Bg1177/Bg1177.npc	2	9	7dbe6618c21edbc3d23da2789b9b799e9a035f2c2dd91a3a889fb39cd524bfc2	1847	OK	26	0x00000414	scene/Bg1177/Bg1177.placements.tsv
Bg1178	Data/Scene/Save/Bg1178/Bg1178.npc	2	168	af2fce006a5a8dfca5cfbe0f131596f378eac50a48942e522b40f18cffeaeb41	17320	OK	26	0x00000414	scene/Bg1178/Bg1178.placements.tsv
Bg1179	Data/Scene/Save/Bg1179/Bg1179.npc	2	1	82fec28fffed8fee92cf6072619c0a599377e948ca0847c40d3415265501da4a	1103	OK	25	0x000003EC	scene/Bg1179/Bg1179.placements.tsv
Bg1180	Data/Scene/Save/Bg1180/Bg1180.npc	2	37	dcd9c4a88a0a2dfcd8f16299acbb57c6a9a93334a4045da30b1f18f6ac1cf245	5493	OK	47	0x0000076E	scene/Bg1180/Bg1180.placements.tsv
Bg1181	Data/Scene/Save/Bg1181/Bg1181.npc	2	0	4edd0fc9eb6d5a794efe120cb47951f8860886e40583076bc4f363c7b472bb7f	206	OK	5	0x000000CC	scene/Bg1181/Bg1181.placements.tsv
Bg1182	Data/Scene/Save/Bg1182/Bg1182.npc	2	2	98540d4b87fd78b7e1b3b7c4d90cc6a94d27fba1bbca795bed8e1d6eee6ee7ba	840	OK	16	0x00000284	scene/Bg1182/Bg1182.placements.tsv
Bg1183	Data/Scene/Save/Bg1183/Bg1183.npc	2	11	9530bcb6dc8a4ea1298638b06080c0253bb31e535c99b8ce332a298525d0f3d3	2113	OK	26	0x00000414	scene/Bg1183/Bg1183.placements.tsv
Bg1184	Data/Scene/Save/Bg1184/Bg1184.npc	2	1	f2258bd7e68c97f2d58da504b2c54b0f00b40293b791e5bcbba223a116e483c4	365	OK	7	0x0000010E	scene/Bg1184/Bg1184.placements.tsv
Bg1185	Data/Scene/Save/Bg1185/Bg1185.npc	2	1	82fec28fffed8fee92cf6072619c0a599377e948ca0847c40d3415265501da4a	1103	OK	25	0x000003EC	scene/Bg1185/Bg1185.placements.tsv
Bg1186	Data/Scene/Save/Bg1186/Bg1186.npc	2	21	ed90d1623171cc3462f1fb424ee2c0e2d6941db69b4bd76d372bc3e9b78d4dcf	2299	OK	9	0x0000015A	scene/Bg1186/Bg1186.placements.tsv
Bg1187	Data/Scene/Save/Bg1187/Bg1187.npc	2	21	6cfd6d5db2bbe679ac2be23fe66fb6ca660b9afb678c7e0f0cbc497617e58f44	2301	OK	9	0x0000015A	scene/Bg1187/Bg1187.placements.tsv
Bg1188	Data/Scene/Save/Bg1188/Bg1188.npc	2	8	c8f57a68d5fbc52036928e73d42b062af4478496c6cc5ff08a17c3ed4c128fd7	1286	OK	4	0x0000009C	scene/Bg1188/Bg1188.placements.tsv
Bg1189	Data/Scene/Save/Bg1189/Bg1189.npc	2	10	bda1da43a324b8ac509ca56f9f4ab3b7607a42cc41264dbcea1c1654d7d6aed9	1216	OK	6	0x000000F4	scene/Bg1189/Bg1189.placements.tsv
Bg1190	Data/Scene/Save/Bg1190/Bg1190.npc	2	28	fef97470c4763580a72936ac27babfdf256c60bdfd34046313cda98c4f71d521	5778	OK	44	0x000006E4	scene/Bg1190/Bg1190.placements.tsv
Bg1191	Data/Scene/Save/Bg1191/Bg1191.npc	2	2	36f076c670d4e9976e2ea263684408cc046622ad361865aa8fde3bee144a9978	420	OK	6	0x000000E8	scene/Bg1191/Bg1191.placements.tsv
Bg1192	Data/Scene/Save/Bg1192/Bg1192.npc	2	11	cf0e655771b553c03e22c7694b4663868bf38a00e1d2b9b0423029623c00b480	1257	OK	6	0x000000E8	scene/Bg1192/Bg1192.placements.tsv
Bg1193	Data/Scene/Save/Bg1193/Bg1193.npc	2	20	f67b6a22210a57c5c0a1aa36429a92a99854d08bb98b7385d5641dbb2a532214	2056	OK	5	0x000000C2	scene/Bg1193/Bg1193.placements.tsv
Bg1194	Data/Scene/Save/Bg1194/Bg1194.npc	2	12	fb84210bf69345c3df3758ba5ae25efae13eb15caef519efcfed23e9ac60c787	1370	OK	5	0x000000CC	scene/Bg1194/Bg1194.placements.tsv
Bg1195	Data/Scene/Save/Bg1195/Bg1195.npc	2	11	a45c48dc1343f7cf63ebbfa8699ba8975c27fe3eb8aef6a2612d1615de7c62b6	1181	OK	4	0x0000009C	scene/Bg1195/Bg1195.placements.tsv
Bg1196	Data/Scene/Save/Bg1196/Bg1196.npc	2	10	12491d2b439e4d196969f3223a9288dc45aa68ac61ea862b8df7fbedbbe10de5	1088	OK	4	0x0000009C	scene/Bg1196/Bg1196.placements.tsv
Bg1197	Data/Scene/Save/Bg1197/Bg1197.npc	2	17	54887cbe0b5e37e811a04e4b18cdbf89d2988820581d2eb7725b51ce58a8e7a3	1853	OK	7	0x0000010E	scene/Bg1197/Bg1197.placements.tsv
Bg1198	Data/Scene/Save/Bg1198/Bg1198.npc	2	12	3b6cfa3b58c573dc5b5832f004f2cb1940c51005a862e3b8a6f5f3680807c71f	1370	OK	5	0x000000CC	scene/Bg1198/Bg1198.placements.tsv
Bg1199	Data/Scene/Save/Bg1199/Bg1199.npc	2	9	08d452f9e454f635d69f9cb479d254af48e01f80556b4e29be73f4107aadd067	931	OK	4	0x000000A4	scene/Bg1199/Bg1199.placements.tsv
Bg1200	Data/Scene/Save/Bg1200/Bg1200.npc	2	16	8cab1ba432c8fc549b4b129c5da1bb2d28867a7d000b7bacdcf10c3e8350d115	1798	OK	8	0x00000134	scene/Bg1200/Bg1200.placements.tsv
Bg1201	Data/Scene/Save/Bg1201/Bg1201.npc	2	14	aa45c0e0493d908ba0c9e7c9ba10f68c814724d9168cd7b47665fb32610fa3de	1498	OK	5	0x000000C2	scene/Bg1201/Bg1201.placements.tsv
Bg1202	Data/Scene/Save/Bg1202/Bg1202.npc	2	19	04c639a5fe3105cd264bee47d57e02e527b211ee64978608744abbf28637b863	2039	OK	7	0x0000010E	scene/Bg1202/Bg1202.placements.tsv
Bg1203	Data/Scene/Save/Bg1203/Bg1203.npc	2	23	269b2b9313e0c6a9292bbefc7ad3d8a0e843a81b4be4f033b552219053b1da3e	2373	OK	6	0x000000E8	scene/Bg1203/Bg1203.placements.tsv
Bg1204	Data/Scene/Save/Bg1204/Bg1204.npc	2	18	bf066d65a7597e5dbb57296ffa9bf7b3713f4ff8b3717c753082e6414d821e4a	1908	OK	6	0x000000E8	scene/Bg1204/Bg1204.placements.tsv
Bg1205	Data/Scene/Save/Bg1205/Bg1205.npc	2	19	22cad5829c5f7d8f3e4bbadd03a12757da965083a3b9cf31fa39bce040743761	2077	OK	8	0x00000134	scene/Bg1205/Bg1205.placements.tsv
Bg1206	Data/Scene/Save/Bg1206/Bg1206.npc	2	13	2fa0267b9c7b409d40b676c1d5923d5ccecc1445192ed28cba64d1bad501a240	1467	OK	5	0x000000CC	scene/Bg1206/Bg1206.placements.tsv
Bg1207	Data/Scene/Save/Bg1207/Bg1207.npc	2	14	8607a9e93f1d7b22d7a369c1f9211e7cfe381819b8c76753d5388be95f9951b8	1594	OK	7	0x0000010E	scene/Bg1207/Bg1207.placements.tsv
Bg1208	Data/Scene/Save/Bg1208/Bg1208.npc	2	21	3a8aedc86fd1847835281fb366bbefab371a6fa8156c6f1f94f086bbbd68c454	2149	OK	5	0x000000C2	scene/Bg1208/Bg1208.placements.tsv
Bg1209	Data/Scene/Save/Bg1209/Bg1209.npc	2	18	ec6cd360d722be22386c0983832218e88e3e47ad581093b80aee7e41bae0aad0	1946	OK	7	0x0000010E	scene/Bg1209/Bg1209.placements.tsv
Bg1210	Data/Scene/Save/Bg1210/Bg1210.npc	2	14	e9c3fdb93b7e7d3e04c0c5112674e211009316571d7e6362b19aa79ee8ee1248	1460	OK	4	0x0000009C	scene/Bg1210/Bg1210.placements.tsv
Bg1211	Data/Scene/Save/Bg1211/Bg1211.npc	2	19	933afa8d7678a444346b996f1b4ab05edc82d0f156c1b88558c351593f537475	2129	OK	7	0x0000011C	scene/Bg1211/Bg1211.placements.tsv
bg2001	Data/Scene/Save/bg2001/bg2001.npc	2	41	9fd72b153ee99d230f4cb018c00e75bef0fcfdba6497d9f7bf0eb5ad2a61c91a	5583	OK	20	0x000002FC	scene/bg2001/bg2001.placements.tsv
Bg2002	Data/Scene/Save/Bg2002/Bg2002.npc	2	67	0813cd6aafe999f289439c52b1f0eaf6a7873c882eb3490e6c5454740833fec3	7761	OK	22	0x00000354	scene/Bg2002/Bg2002.placements.tsv
bg2003	Data/Scene/Save/bg2003/bg2003.npc	2	18	b9c5efa00045663d92c97a71e5d198c487b6cb2855c9308144228226996e76f0	1946	OK	7	0x0000010E	scene/bg2003/bg2003.placements.tsv
bg2004	Data/Scene/Save/bg2004/bg2004.npc	2	64	48c1bd802226b3fd847c1d1ec95602356b2836cf389b0958c57dd223621035ff	8078	OK	28	0x00000464	scene/bg2004/bg2004.placements.tsv
Bg2006	Data/Scene/Save/Bg2006/Bg2006.npc	2	227	c3d194ba9c9caaa73cc218f4fb53ad20bf5e89eb1c4f654edc1e6a66ed037746	23351	OK	28	0x0000042C	scene/Bg2006/Bg2006.placements.tsv
bg2007	Data/Scene/Save/bg2007/bg2007.npc	2	72	c4ef8ec69d351ad9f60497d21ced8318cdd2d1708c140de73f99644f1aa11dc3	8302	OK	28	0x00000464	scene/bg2007/bg2007.placements.tsv
Bg2008	Data/Scene/Save/Bg2008/Bg2008.npc	2	54	3b108f98bba985de7499550d17b204b146c70d0f5b38b4e96c4e32dc966aa323	8044	OK	28	0x00000464	scene/Bg2008/Bg2008.placements.tsv
Bg2009	Data/Scene/Save/Bg2009/Bg2009.npc	2	36	7a9a6f3b4e4be2663c2e2462b8fd23d7a4446817e2f6bb3fcfda1cceeb4363de	3658	OK	8	0x00000134	scene/Bg2009/Bg2009.placements.tsv
Bg2010	Data/Scene/Save/Bg2010/Bg2010.npc	2	25	c9e9f3c4ef4f133717a598d36d002c0d7ef6a401db4211c9ee292a702afb4d38	6009	OK	17	0x000002AC	scene/Bg2010/Bg2010.placements.tsv
bg2012	Data/Scene/Save/bg2012/bg2012.npc	2	0	c05d231da83665dd60560fc424059d66b433774afcff4d3b053b407f057d54ba	6	OK	0	0x00000004	scene/bg2012/bg2012.placements.tsv
bg2013	Data/Scene/Save/bg2013/bg2013.npc	2	43	c8b1c634a9984f72153f20bf19a391da5b5818079cb6f238b6e678eccd190be5	4481	OK	7	0x0000010E	scene/bg2013/bg2013.placements.tsv
bg2014	Data/Scene/Save/bg2014/bg2014.npc	2	18	f2eff3f80d951ffc8dc9a6819cfb9b260dc2f37b91491ecc99dcf93a26e0b8d2	1870	OK	5	0x000000C2	scene/bg2014/bg2014.placements.tsv
Bg2015	Data/Scene/Save/Bg2015/Bg2015.npc	2	57	4276cc5ea004ae79a87b7856c30987e90d4809b20a7e2650c3fa5a704247be83	8303	OK	24	0x00000394	scene/Bg2015/Bg2015.placements.tsv
Bg2016	Data/Scene/Save/Bg2016/Bg2016.npc	2	240	3bd5379ba05a0464607d51d86b4dfce32268b4041da7abc3e84c0884b23f5357	23982	OK	29	0x00000452	scene/Bg2016/Bg2016.placements.tsv
Bg2017	Data/Scene/Save/Bg2017/Bg2017.npc	2	91	6994c96bbdd762a90eba999e492c70c502e45325371e0ec40bb04bc5dff9b6f4	9321	OK	23	0x0000036E	scene/Bg2017/Bg2017.placements.tsv
Bg2018	Data/Scene/Save/Bg2018/Bg2018.npc	2	68	e019986de418b669e9f2361a5311111f857fc851c22d30dc77f0b8a9285e3452	10502	OK	18	0x000002B0	scene/Bg2018/Bg2018.placements.tsv
Bg2020	Data/Scene/Save/Bg2020/Bg2020.npc	2	4	7399bcdc4335067af29c5d6898156eca489fddfbea0c241a09f86940827ec457	794	OK	10	0x00000194	scene/Bg2020/Bg2020.placements.tsv
bg2021	Data/Scene/Save/bg2021/bg2021.npc	2	0	c05d231da83665dd60560fc424059d66b433774afcff4d3b053b407f057d54ba	6	OK	0	0x00000004	scene/bg2021/bg2021.placements.tsv
Bg2030	Data/Scene/Save/Bg2030/Bg2030.npc	2	0	c05d231da83665dd60560fc424059d66b433774afcff4d3b053b407f057d54ba	6	OK	0	0x00000004	scene/Bg2030/Bg2030.placements.tsv
Bg2031	Data/Scene/Save/Bg2031/Bg2031.npc	2	0	c05d231da83665dd60560fc424059d66b433774afcff4d3b053b407f057d54ba	6	OK	0	0x00000004	scene/Bg2031/Bg2031.placements.tsv
Bg2032	Data/Scene/Save/Bg2032/Bg2032.npc	2	44	c67770fd6cfb598c69e0403540ae1e418367b26763f9c085503e1c3dd2cd2f23	5730	OK	18	0x000002B0	scene/Bg2032/Bg2032.placements.tsv
Bg2033	Data/Scene/Save/Bg2033/Bg2033.npc	2	0	e4e2dee36d7e3ef16f17d169b9bbca39021fd85938915eb141eb41c8064d8903	1046	OK	26	0x00000414	scene/Bg2033/Bg2033.placements.tsv
Bg3001	Data/Scene/Save/Bg3001/Bg3001.npc	2	38	571c147ff1f07d5d97ad16970e96f04d4c88a5cd778fb7f4afff6d4c3dc9bdb8	15976	OK	56	0x000008C4	scene/Bg3001/Bg3001.placements.tsv
Bg3002	Data/Scene/Save/Bg3002/Bg3002.npc	2	39	8bafc7e51a801a16b72b0204db519847522afdbc5e2dcfa9cfea0980bfa816a4	16505	OK	58	0x000008A0	scene/Bg3002/Bg3002.placements.tsv
Bg3003	Data/Scene/Save/Bg3003/Bg3003.npc	2	42	32bbb45df7ce076ea4028b89669bf7955921713454c1b7266dcec90640aa4b4f	15602	OK	36	0x0000055C	scene/Bg3003/Bg3003.placements.tsv
Bg3004	Data/Scene/Save/Bg3004/Bg3004.npc	2	46	862b239a6a230403dd99b1720e8295fcaffdc704a5ab7129e583b17d3ca9e73b	7644	OK	46	0x000006D8	scene/Bg3004/Bg3004.placements.tsv
Bg3005	Data/Scene/Save/Bg3005/Bg3005.npc	2	22	4cb02dea9e6453cb8c43bafc3d94e536753ea4ad34199e09e09d9b21e4a5b451	8088	OK	54	0x00000808	scene/Bg3005/Bg3005.placements.tsv
Bg3006	Data/Scene/Save/Bg3006/Bg3006.npc	2	0	734e111500c136a0c149fa5e168d77e6026622099c1e3dd938ec187dcfd53d86	1260	OK	33	0x000004EA	scene/Bg3006/Bg3006.placements.tsv
Bg3007	Data/Scene/Save/Bg3007/Bg3007.npc	2	66	01251b258b057ff76eb5dd1f16536f30092544853b0874a2850d3d76a16c6edb	17056	OK	58	0x00000914	scene/Bg3007/Bg3007.placements.tsv
Bg3008	Data/Scene/Save/Bg3008/Bg3008.npc	2	59	98130d85777390cc8b3f99140a24455d36587b59ad80b30371fb70d922130c90	17553	OK	58	0x000008A0	scene/Bg3008/Bg3008.placements.tsv
Bg3009	Data/Scene/Save/Bg3009/Bg3009.npc	2	14	1fa169f866da026d930b7f193e5d4ae335080511009c8b9d0778b591378897f3	7112	OK	54	0x00000874	scene/Bg3009/Bg3009.placements.tsv
Bg4001	Data/Scene/Save/Bg4001/Bg4001.npc	2	42	78bf7847279d77baab40d6b9a289c769b042d816304e81ca5f136f8798132a82	4680	OK	20	0x00000300	scene/Bg4001/Bg4001.placements.tsv
Bg4002	Data/Scene/Save/Bg4002/Bg4002.npc	2	1	4cd313f65c258676d64fcab12e37f786e593f8d226fcebd57267e30adb44f7d0	743	OK	16	0x00000284	scene/Bg4002/Bg4002.placements.tsv
BG4003	Data/Scene/Save/BG4003/BG4003.npc	2	9	8f39d199b83da78e8a311f30573da234d50596cc29cbc0a9b6e8287b6c6dced8	1687	OK	16	0x00000284	scene/BG4003/BG4003.placements.tsv
bg5001	Data/Scene/Save/bg5001/bg5001.npc	2	0	c05d231da83665dd60560fc424059d66b433774afcff4d3b053b407f057d54ba	6	OK	0	0x00000004	scene/bg5001/bg5001.placements.tsv
Bg5002	Data/Scene/Save/Bg5002/Bg5002.npc	2	38	f0539d37e409b5e165eaa6b97c9aedf92d658a87093168631bec29042e477e20	4756	OK	32	0x000004C4	scene/Bg5002/Bg5002.placements.tsv
Bg5003	Data/Scene/Save/Bg5003/Bg5003.npc	2	74	c62fb478961c86065d0deb4654790d151a39743eed2a841513120829e651b9f1	8712	OK	48	0x00000724	scene/Bg5003/Bg5003.placements.tsv
Bg5004	Data/Scene/Save/Bg5004/Bg5004.npc	2	30	a7bba414bc3590d39d4200683067b4422781c9a73ceec0d955bb81d9b575cdc4	4054	OK	29	0x0000048C	scene/Bg5004/Bg5004.placements.tsv
dupliacte_clear	Data/Scene/Save/dupliacte_clear/dupliacte_clear.npc	1	1	ada2182c96b1a418deee5a46622a2f4dd8beeedb23183a790b6ff4ba45e87083	1428	OK	35	0x00000536	scene/dupliacte_clear/dupliacte_clear.placements.tsv
duplicate	Data/Scene/Save/duplicate/duplicate.npc	1	2	1a592977b10a868cf5b21e6714af0944b0b553105edd162a52311880bfeedf69	1520	OK	35	0x00000536	scene/duplicate/duplicate.placements.tsv
FilmScene	Data/Scene/Save/FilmScene/filmscene.npc	2	0	c05d231da83665dd60560fc424059d66b433774afcff4d3b053b407f057d54ba	6	OK	0	0x00000004	scene/FilmScene/filmscene.placements.tsv
GVGTEST	Data/Scene/Save/GVGTEST/GVGTEST.npc	1	3	cd864cbb8d5d97b7895ddeef077dd239cd909227123d79f9fce591e5061c38bf	1510	OK	35	0x00000536	scene/GVGTEST/GVGTEST.placements.tsv
GVGTEST01	Data/Scene/Save/GVGTEST01/GVGTEST01.npc	1	0	36c159d76b52e03e496363607c5940227f62f4e048df344b050159bc97bba3d7	6	OK	0	0x00000004	scene/GVGTEST01/GVGTEST01.placements.tsv
InstanceTest	Data/Scene/Save/InstanceTest/InstanceTest.npc	2	1	c835583c204546472e2c7fbd362f57347f399e041d34f0c2f00932d7acb3af20	137	OK	1	0x0000002A	scene/InstanceTest/InstanceTest.placements.tsv
MobTest	Data/Scene/Save/MobTest/MobTest.npc	2	18	5a3977bfcc8e8b9cae5e8c74537e30ee259f477a3135a55eb7b17df3d0b0ad0f	7710	OK	150	0x000017C8	scene/MobTest/MobTest.placements.tsv
NoviceTest	Data/Scene/Save/NoviceTest/NoviceTest.npc	2	1	46f34d0e4ac4b6b83bea58bd8f2cb29083f56e16d0123515b7794e50e571c395	65	OK	0	0x00000004	scene/NoviceTest/NoviceTest.placements.tsv
Prototype	Data/Scene/Save/Prototype/Prototype.npc	2	14	a90e3c499030d470c83d45835a77edbe6c6d4933f5b807ca1a886d5d94495ed4	1148	OK	4	0x0000007C	scene/Prototype/Prototype.placements.tsv
SailingTest	Data/Scene/Save/SailingTest/SailingTest.npc	1	0	36c159d76b52e03e496363607c5940227f62f4e048df344b050159bc97bba3d7	6	OK	0	0x00000004	scene/SailingTest/SailingTest.placements.tsv
Seatest	Data/Scene/Save/Seatest/Seatest.npc	2	14	0f299ed7b14e604df4f6bcce65422218e526cbc7a5ee187d70460de026767e63	1396	OK	6	0x000000E4	scene/Seatest/Seatest.placements.tsv
TenYooScene	Data/Scene/Save/TenYooScene/TenYooScene.npc	2	0	c05d231da83665dd60560fc424059d66b433774afcff4d3b053b407f057d54ba	6	OK	0	0x00000004	scene/TenYooScene/TenYooScene.placements.tsv
trigger_test	Data/Scene/Save/trigger_test/trigger_test.npc	2	1	f1cb6f057f01f656f01178c5baa9003f2e1973ff422b82e867a274dcec9168e5	445	OK	5	0x000000C2	scene/trigger_test/trigger_test.placements.tsv
