n_ID	s_CREWID	s_CONDITION	s_ENEMY	s_ALLY
1	0\n0\n1\n1\n1\n2\n2\n3\n3\n4\n4\n5\n5\n6\n6	BUFF_I(0,16384,1)\nGO(0)\nBUFF_I(0,16384,1)\nHP_I>(0.95)\nGO(0)\nBUFF_I(0,16384,1)\nGO(0)\nBUFF_I(0,16384,1)\nGO(0)\nBUFF_I(0,16384,1)\nGO(0)\nBUFF_I(0,16384,1)\nGO(0)\nBUFF_I(0,16384,1)\nGO(0)	MOST_CURE(1)\nMOST_DAM(1)\nMOST_CURE(1)\nWEAKEST_DAM(0)\nCLOSEST_DAM(0)\nMOST_CURE(1)\nWEAKEST_DAM(0)\nMOST_CURE(1)\nMOST_DAM(1)\nMOST_CURE(1)\nMOST_DAM(1)\nMOST_CURE(1)\nMOST_DAM(1)\nMOST_CURE(1)\nMOST_DAM(1)	ME(0)\nME(0)\nME(0)\nME(0)\nME(0)\nME(0)\nWEAKEST_CREW(1)\nME(0)\nCLOSEST_CREW(0)\nME(0)\nCLOSEST_CREW(0)\nME(0)\nCLOSEST_CREW(0)\nME(0)\nCLOSEST_CREW(0)
2	0\n0\n1\n1	BUFF_I(297,0,1)\nGO(0)\nBUFF_I(297,0,1)\nGO(0)	CLOSEST_DAM(0)\nCLOSEST_DAM(0)\nCLOSEST_DAM(0)\nCLOSEST_DAM(0)	ME(0)\nME(0)\nME(0)\nME(0)
3	0\n0\n1\n1	BUFF_I(297,0,1)\nGO(0)\nBUFF_I(297,0,1)\nGO(0)	CLOSEST_DAM(0)\nMOST_CURE(1)\nCLOSEST_DAM(0)\nMOST_DAM(1)	ME(0)\nME(0)\nME(0)\nME(0)
4	0\n0\n1\n1	BUFF_I(297,0,1)\nGO(0)\nBUFF_I(297,0,1)\nGO(0)	CLOSEST_DAM(0)\nMOST_CURE(1)\nCLOSEST_DAM(0)\nMOST_DAM(1)	ME(0)\nME(0)\nCLOSEST_CREW(0)\nCLOSEST_CREW(0)
11	0\n0\n1\n1\n1\n2\n2\n3\n3\n4\n4\n5\n5\n6\n6	BUFF_I(0,16384,1)\nGO(0)\nBUFF_I(0,16384,1)\nHP_I>(0.95)\nGO(0)\nBUFF_I(0,16384,1)\nGO(0)\nBUFF_I(0,16384,1)\nGO(0)\nBUFF_I(0,16384,1)\nGO(0)\nBUFF_I(0,16384,1)\nGO(0)\nBUFF_I(0,16384,1)\nGO(0)	MOST_CURE(1)\nMOST_DAM(1)\nMOST_CURE(1)\nWEAKEST_DAM(0)\nMOST_DAM(1)\nMOST_CURE(1)\nWEAKEST_DAM(0)\nMOST_CURE(1)\nMOST_DAM(1)\nMOST_CURE(1)\nMOST_DAM(1)\nMOST_CURE(1)\nMOST_DAM(1)\nMOST_CURE(1)\nMOST_DAM(1)	ME(0)\nME(0)\nWEAKEST_CREW(0)\nWEAKEST_CREW(0)\nWEAKEST_CREW(0)\nME(0)\nWEAKEST_CREW(0)\nME(0)\nCLOSEST_CREW(0)\nME(0)\nCLOSEST_CREW(0)\nME(0)\nCLOSEST_CREW(0)\nME(0)\nCLOSEST_CREW(0)
100	0\n1\n2\n3\n4\n4\n5\n6	GO(0)\nGO(0)\nGO(0)\nGO(0)\nGO(0)\nGO(0)\nGO(0)\nGO(0)	MOST_DAM(1)\nCLOSEST_DAM(0)\nCLOSEST_DAM(0)\nCLOSEST_DAM(0)\nCLOSEST_DAM(0)\nCLOSEST_CURE(0)\nCLOSEST_DAM(0)\nCLOSEST_DAM(0)	ME(0)\nME(0)\nCLOSEST_CREW(0)\nCLOSEST_CREW(0)\nCLOSEST_CREW(1)\nCLOSEST_CREW(0)\nCLOSEST_CREW(0)\nCLOSEST_CREW(0)
1001	0\n0\n0\n0	PET_AI(1)\nPET_AI(2)\nPET_AI(3)\nPET_AI(4)	MOST_DAM(1)\nMOST_DAM(1)\nMASTER_TARGET(0)\nMOST_DAM(1)	ME(0)\nME(0)\nME(0)\nME(0)
1002	0\n0\n0\n0	PET_AI(1)\nPET_AI(2)\nPET_AI(3)\nPET_AI(4)	MOST_DAM(1)\nMOST_DAM(1)\nMASTER_TARGET(0)\nMOST_DAM(1)	MASTER(0)\nMASTER(0)\nMASTER(0)\nMASTER(0)
9903	0	GO(0)	CLOSEST_DAM(0)	ME(0)
