n_ID	s_CONDITOIN	s_ACTION
1	GO(0)	CHASE(1)
2	GO(0)	CHASE(1)
3	RATE(25)\nRATE(33)\nRATE(50)\nRATE(90)\nGO(0)	CHASE(1)\nCHASE(2)\nCHASE(3)\nCHASE(4)\nCHASE(1)
4	BUFF_I(4984,0,0)\nBUFF_I(4990,0,0)\nGO(0)	CHASE(1)\nCHASE(2)\nCHASE(3)
5	BUFF_I(4981,0,0);HP_I<(0.8);RATE(25)\nGO(0)	CHASE(2)\nCHASE(1)
6	BUFF_I(4981,0,0);HP_I<(0.8);RATE(25)\nGO(0)	CHASE(2)\nCHASE(1)
7	RATE(33)\nRATE(50)\nGO(0)	CHASE(1)\nCHASE(2)\nCHASE(3)
8	BUFF_I(3077,0,0)\nBUFF_ENEMY(3076,0,1)\nBUFF_I(4980,0,0);HP_ENEMY<(0.85)\nHP_ENEMY>(0.85)\nDISTANCE_ENEMY>(7000)\nGO(0)	CHASE(4)\nCHASE(3)\nCHASE(1)\nCHASE(2)\nCHASE(2)\nCHASE(2)
9	BUFF_I(4981,0,0)\nGO(0)	CHASE(2)\nCHASE(1)
10	RATE(50)\nBUFF_I(4982,0,0);HP_I<(0.5);RATE(30)\nBUFF_I(4981,0,0);HP_I<(0.6);RATE(30)\nBUFF_I(4987,0,0);HP_I<(0.75);RATE(30)\nBUFF_I(4980,0,0);HP_I<(0.95);RATE(30)\nGO(0)	CHASE(6)\nCHASE(3)\nCHASE(5)\nCHASE(4)\nCHASE(2)\nCHASE(1)
11	DOONCE(0)\nBUFF_I(4982,0,0)\nRATE(30)\nBUFF_I(4980,0,0);RATE(20)\nBUFF_I(4988,0,0);HP_I<(0.5);RATE(15)\nGO(0)	CHASE(4)\nCHASE(5)\nCHASE(1)\nCHASE(2)\nCHASE(3)\nCHASE(1)
12	RATE(20)\nRATE(20)\nRATE(20)\nRATE(20)\nRATE(20)\nGO(0)	CHASE(2)\nCHASE(4)\nCHASE(3)\nCHASE(5)\nCHASE(1)\nCHASE(6)
13	RATE(50)\nRATE(50)\nGO(0)	CHASE(2)\nCHASE(1)\nCHASE(3)
14	RATE(50)\nGO(0)	CHASE(1)\nCHASE(2)
15	DOONCE(0)\nBUFF_I(4984,0,0);RATE(50)\nBUFF_I(4984,0,0);BUFF_I(4990,0,0);RATE(20)\nGO(0)	CHASE(4)\nCHASE(2)\nCHASE(3)\nCHASE(1)
100	DISTANCE_ENEMY>(700);BUFF_I(4985,0,0)\nDISTANCE_ENEMY<(701);RATE(40)\nDISTANCE_ENEMY<(500);KD_ENEMY(1);RATE(90)\nDISTANCE_ENEMY<(500);RATE(10);BUFF_I(4981,0,0);HP_I<(0.5)\nGO(0)	CHASE(2)\nCHASE(1)\nCHASE(3)\nCHASE(4)\nCHASE(1)
101	DISTANCE_ENEMY>(700);BUFF_I(4985,0,0)\nDISTANCE_ENEMY<(701);RATE(35)\nDISTANCE_ENEMY<(500);KD_ENEMY(1);RATE(90)\nDISTANCE_ENEMY<(500);RATE(20);BUFF_I(4981,0,0);HP_I<(0.6)\nGO(0)	CHASE(2)\nCHASE(1)\nCHASE(3)\nCHASE(4)\nCHASE(1)
102	DISTANCE_ENEMY>(700);BUFF_I(4985,0,0)\nDISTANCE_ENEMY<(701);RATE(30)\nDISTANCE_ENEMY<(500);KD_ENEMY(1);RATE(90)\nDISTANCE_ENEMY<(500);RATE(30);BUFF_I(4981,0,0);HP_I<(0.7)\nGO(0)	CHASE(2)\nCHASE(1)\nCHASE(3)\nCHASE(4)\nCHASE(1)
103	DISTANCE_ENEMY>(950);BUFF_I(4983,0,0)\nDISTANCE_ENEMY>(750);BUFF_I(4981,0,0)\nBUFF_I(4981,0,1);BUFF_I(4986,0,0)\nBUFF_I(4985,0,1);BUFF_I(4986,0,0)\nDISTANCE_ENEMY<(400);BUFF_I(4985,0,0);RATE(40)\nGO(0)	CHASE(2)\nCHASE(3)\nCHASE(4)\nCHASE(4)\nCHASE(5)\nCHASE(1)
110	DISTANCE_ENEMY>(600);RATE(50);BUFF_I(4980,0,0)\nRATE(60)\nDISTANCE_ENEMY<(500);RATE(10);BUFF_I(4981,0,0)\nDISTANCE_ENEMY<(500);RATE(10);BUFF_I(4981,0,0)\nGO(0)	CHASE(2)\nCHASE(1)\nCHASE(3)\nCHASE(4)\nCHASE(1)
111	DISTANCE_ENEMY>(600);RATE(50);BUFF_I(4980,0,0)\nRATE(30)\nDISTANCE_ENEMY<(500);RATE(20);BUFF_I(4981,0,0)\nDISTANCE_ENEMY<(500);RATE(20);BUFF_I(4981,0,0)\nHP_I<(0.7);RATE(30);BUFF_I(4990,0,0)\nDISTANCE_ENEMY<(500);RATE(5)\nGO(0)	CHASE(2)\nCHASE(1)\nCHASE(3)\nCHASE(4)\nCHASE(5)\nCHASE(3)\nCHASE(1)
112	DISTANCE_ENEMY>(600);RATE(50);BUFF_I(4980,0,0)\nRATE(45)\nDISTANCE_ENEMY<(500);RATE(15);BUFF_I(4981,0,0)\nDISTANCE_ENEMY<(500);RATE(15);BUFF_I(4981,0,0)\nGO(0)	CHASE(2)\nCHASE(1)\nCHASE(3)\nCHASE(4)\nCHASE(1)
113	RATE(30)\nDISTANCE_ENEMY<(500);RATE(20);BUFF_I(4981,0,0)\nDISTANCE_ENEMY<(500);RATE(20);BUFF_I(4981,0,0)\nHP_I<(0.7);RATE(30);BUFF_I(4990,0,0)\nDISTANCE_ENEMY<(500);RATE(5)\nGO(0)	CHASE(1)\nCHASE(3)\nCHASE(4)\nCHASE(5)\nCHASE(3)\nCHASE(1)
114	DISTANCE_ENEMY>(600);RATE(50);BUFF_I(4980,0,0)\nRATE(30)\nDISTANCE_ENEMY<(500);RATE(20);BUFF_I(4981,0,0)\nHP_I<(0.7);RATE(30);BUFF_I(4990,0,0)\nGO(0)	CHASE(2)\nCHASE(1)\nCHASE(4)\nCHASE(5)\nCHASE(1)
120	DISTANCE_ENEMY>(700);BUFF_I(4986,0,0);RATE(30)\nDISTANCE_ENEMY<(700);BUFF_I(4985,0,0);RATE(40)\nDISTANCE_ENEMY<(700);BUFF_I(4981,0,0);RATE(10)\nGO(0)	CHASE(2)\nCHASE(4)\nCHASE(3)\nCHASE(1)
121	DISTANCE_ENEMY>(700);BUFF_I(4986,0,0);RATE(30)\nHP_I<(0.75);BUFF_I(4984,0,0);RATE(10)\nDISTANCE_ENEMY<(700);BUFF_I(4985,0,0);RATE(40)\nDISTANCE_ENEMY<(700);BUFF_I(4981,0,0);RATE(15)\nGO(0)	CHASE(2)\nCHASE(5)\nCHASE(4)\nCHASE(3)\nCHASE(1)
122	DISTANCE_ENEMY<(700);RATE(50)\nDISTANCE_ENEMY<(700);BUFF_I(4981,0,0)\nGO(0)	CHASE(1)\nCHASE(2)\nCHASE(1)
123	DISTANCE_ENEMY>(700);BUFF_I(4986,0,0);RATE(30)\nDISTANCE_ENEMY<(700);BUFF_I(4985,0,0);RATE(40)\nDISTANCE_ENEMY<(700);BUFF_I(4981,0,0);RATE(15)\nGO(0)	CHASE(2)\nCHASE(4)\nCHASE(3)\nCHASE(1)
124	DOONCE(0)\nHP_I<(0.95);BUFF_I(4980,0,0);RATE(30)\nHP_I<(0.75);BUFF_I(4984,0,0);RATE(20)\nBUFF_I(4985,0,0);RATE(40)\nBUFF_I(4981,0,0);RATE(25)\nGO(0)	CHASE(5)\nCHASE(2)\nCHASE(5)\nCHASE(4)\nCHASE(3)\nCHASE(1)
125	BUFF_I(4984,0,0);HP_I<(0.7);RATE(30)\nDISTANCE_ENEMY>(700);BUFF_I(4986,0,0);RATE(30)\nDISTANCE_ENEMY<(700);BUFF_I(4985,0,0);RATE(40)\nDISTANCE_ENEMY<(700);BUFF_I(4981,0,0);RATE(10)\nBUFF_I(3008,0,1)\nGO(0)	CHASE(5)\nCHASE(2)\nCHASE(4)\nCHASE(3)\nCHASE(6)\nCHASE(1)
126	BUFF_I(4984,0,0);HP_I<(0.7);RATE(30)\nDISTANCE_ENEMY>(700);BUFF_I(4986,0,0);RATE(30)\nHP_I<(0.75);BUFF_I(4984,0,0);RATE(20)\nDISTANCE_ENEMY<(700);BUFF_I(4985,0,0);RATE(40)\nDISTANCE_ENEMY<(700);BUFF_I(4981,0,0);RATE(10)\nBUFF_I(3008,0,1)\nGO(0)	CHASE(5)\nCHASE(2)\nCHASE(7)\nCHASE(4)\nCHASE(3)\nCHASE(6)\nCHASE(1)
130	DISTANCE_ENEMY>(400);BUFF_I(4981,0,0);RATE(5)\nDISTANCE_ENEMY>(1000);BUFF_I(4980,0,0);RATE(40)\nGO(0)	CHASE(3)\nCHASE(2)\nCHASE(1)
131	BUFF_I(3058,0,1);BUFF_I(4982,0,0)\nBUFF_I(3058,0,1);BUFF_I(4987,0,0)\nBUFF_I(3058,0,1);BUFF_I(4983,0,0)\nBUFF_I(3056,0,0)\nGO(0)	CHASE(3)\nCHASE(4)\nCHASE(5)\nCHASE(1)\nCHASE(2)
132	DOONCE(0)\nBUFF_I(4984,0,0);HP_I<(0.6);RATE(25)\nDISTANCE_ENEMY>(400);BUFF_I(4981,0,0);RATE(50)\nDISTANCE_ENEMY>(1000);BUFF_I(4980,0,0);RATE(40)\nGO(0)	CHASE(4)\nCHASE(4)\nCHASE(3)\nCHASE(2)\nCHASE(1)
133	BUFF_I(4984,0,0);HP_I<(0.6);RATE(10)\nDISTANCE_ENEMY>(400);BUFF_I(4981,0,0);RATE(20)\nDISTANCE_ENEMY>(1000);BUFF_I(4980,0,0);RATE(40)\nGO(0)	CHASE(4)\nCHASE(3)\nCHASE(2)\nCHASE(1)
134	BUFF_I(4984,0,0);HP_I<(0.6);RATE(25)\nDISTANCE_ENEMY>(400);BUFF_I(4981,0,0);RATE(20)\nDISTANCE_ENEMY>(1000);BUFF_I(4980,0,0);RATE(40)\nGO(0)	CHASE(4)\nCHASE(3)\nCHASE(2)\nCHASE(1)
136	BUFF_I(4984,0,0);HP_I<(0.5);RATE(10)\nDISTANCE_ENEMY>(400);BUFF_I(4981,0,0);RATE(20)\nBUFF_I(4980,0,0);RATE(40)\nGO(0)	CHASE(4)\nCHASE(3)\nCHASE(2)\nCHASE(1)
140	DISTANCE_ENEMY>(500);HP_I<(0.5);BUFF_I(4981,0,0);RATE(8)\nDISTANCE_ENEMY>(500);RATE(20)\nGO(0)	CHASE(3)\nCHASE(2)\nCHASE(1)
141	DISTANCE_ENEMY>(500);HP_I<(0.7);BUFF_I(4981,0,0);RATE(15)\nDISTANCE_ENEMY>(500);RATE(30)\nGO(0)	CHASE(3)\nCHASE(2)\nCHASE(1)
142	DISTANCE_ENEMY>(500);HP_I<(0.8);BUFF_I(4981,0,0);RATE(30)\nDISTANCE_ENEMY>(500);RATE(60)\nGO(0)	CHASE(3)\nCHASE(2)\nCHASE(1)
143	DISTANCE_ENEMY>(500);BUFF_I(4981,0,0);RATE(30)\nGO(0)	CHASE(2)\nCHASE(1)
144	DISTANCE_ENEMY>(500);HP_I<(0.8);BUFF_I(4981,0,0);RATE(30)\nDISTANCE_ENEMY>(500);RATE(50)\nGO(0)	CHASE(3)\nCHASE(2)\nCHASE(1)
150	BUFF_I(4980,0,0);RATE(30)\nBUFF_I(4980,0,0);RATE(50)\nGO(0)	CHASE(2)\nCHASE(3)\nCHASE(1)
151	DISTANCE_ENEMY<(400);BUFF_I(4982,0,0);RATE(20);HP_I<(0.6)\nDISTANCE_ENEMY>(500);BUFF_I(4980,0,0);RATE(30)\nDISTANCE_ENEMY>(500);BUFF_I(4980,0,0);RATE(50)\nGO(0)	CHASE(4)\nCHASE(2)\nCHASE(3)\nCHASE(1)
152	BUFF_I(4982,0,0);RATE(10)\nDISTANCE_ENEMY>(500);BUFF_I(4980,0,0);RATE(30)\nDISTANCE_ENEMY>(500);BUFF_I(4980,0,0);RATE(50)\nRATE(50)\nDISTANCE_ENEMY<(400);RATE(20)\nGO(0)	CHASE(4)\nCHASE(2)\nCHASE(3)\nCHASE(1)\nCHASE(4)\nCHASE(1)
154	DISTANCE_ENEMY<(400);BUFF_I(4982,0,0);RATE(10)\nDISTANCE_ENEMY>(500);BUFF_I(4980,0,0);RATE(50)\nRATE(50)\nDISTANCE_ENEMY<(400);RATE(20)\nGO(0)	CHASE(3)\nCHASE(2)\nCHASE(1)\nCHASE(3)\nCHASE(1)
160	HP_I<(0.5);BUFF_I(4984,0,0);RATE(15)\nDISTANCE_ENEMY>(400);BUFF_I(4980,0,0);RATE(60)\nGO(0)	CHASE(3)\nCHASE(2)\nCHASE(1)
161	HP_I<(0.5);BUFF_I(4984,0,0);RATE(15)\nDISTANCE_ENEMY>(400);BUFF_I(4980,0,0);RATE(40)\nGO(0)	CHASE(3)\nCHASE(2)\nCHASE(1)
162	HP_I<(0.5);BUFF_I(4984,0,0);RATE(15)\nDISTANCE_ENEMY>(400);BUFF_I(4980,0,0);RATE(40)\nRATE(20)\nHP_I<(0.5);RATE(7)\nGO(0)	CHASE(3)\nCHASE(2)\nCHASE(1)\nCHASE(3)\nCHASE(1)
164	HP_I<(0.5);BUFF_I(4984,0,0);RATE(15)\nDISTANCE_ENEMY>(400);BUFF_I(4980,0,0);RATE(60)\nRATE(60)\nHP_I<(0.5);BUFF_I(4988,0,0);DISTANCE_ENEMY<(500);RATE(10)\nGO(0)	CHASE(3)\nCHASE(2)\nCHASE(1)\nCHASE(4)\nCHASE(1)
165	HP_I<(0.5);BUFF_I(4984,0,0);RATE(15)\nDISTANCE_ENEMY>(400);BUFF_I(4980,0,0);RATE(40)\nRATE(45)\nHP_I<(0.5);BUFF_I(4988,0,0);DISTANCE_ENEMY<(500);RATE(30)\nGO(0)	CHASE(3)\nCHASE(2)\nCHASE(1)\nCHASE(4)\nCHASE(1)
170	BUFF_I(4980,0,0);RATE(25)\nHP_I<(0.8);BUFF_I(4986,0,0);RATE(30)\nHP_I<(0.5);BUFF_I(4987,0,0);RATE(20)\nHP_I<(0.5);BUFF_I(4981,0,0);RATE(20)\nHP_I>(0.5);BUFF_I(4985,0,0);RATE(20)\nHP_I<(0.5);BUFF_I(4985,0,0);RATE(20)\nDISTANCE_ENEMY>(250);HP_I<(0.4);BUFF_I(4982,0,0);RATE(20)\nHP_I>(0.6)\nHP_I<(0.6)\nGO(0)	CHASE(1)\nCHASE(4)\nCHASE(5)\nCHASE(6)\nCHASE(7)\nCHASE(8)\nCHASE(9)\nCHASE(2)\nCHASE(3)\nCHASE(2)
171	BUFF_I(4980,0,0);RATE(25)\nHP_I<(0.8);BUFF_I(4986,0,0);RATE(30)\nHP_I<(0.5);BUFF_I(4987,0,0);RATE(20)\nHP_I<(0.5);BUFF_I(4981,0,0);RATE(20)\nGO(0)	CHASE(1)\nCHASE(4)\nCHASE(5)\nCHASE(6)\nCHASE(2)
172	HP_I<(0.6)\nHP_ENEMY<(0.3)\nBUFF_I(3074,0,0)\nBUFF_I(8207,0,0);BUFF_I(3074,0,1)\nBUFF_I(4980,0,0);RATE(25)\nHP_I<(0.8);BUFF_I(4986,0,0);RATE(30)\nHP_I<(0.7);BUFF_I(4987,0,0);RATE(20)\nHP_I<(0.7);BUFF_I(4981,0,0);RATE(20)\nHP_I>(0.7);BUFF_I(4985,0,0);RATE(20)\nHP_I<(0.7);BUFF_I(4985,0,0);RATE(20)\nDISTANCE_ENEMY>(250);HP_I<(0.4);BUFF_I(4982,0,0);RATE(20)\nHP_I>(0.6)\nHP_I<(0.6)\nGO(0)	CHASE(14)\nCHASE(14)\nCHASE(13)\nCHASE(14)\nCHASE(1)\nCHASE(4)\nCHASE(5)\nCHASE(6)\nCHASE(7)\nCHASE(8)\nCHASE(9)\nCHASE(2)\nCHASE(3)\nCHASE(2)
173	BUFF_I(4983,0,0);HP_I<(0.5);RATE(50)\nBUFF_I(4988,0,0);HP_I<(0.7);RATE(50)\nBUFF_I(8021,0,0)\nBUFF_I(4980,0,0);RATE(25)\nHP_I<(0.8);BUFF_I(4986,0,0);RATE(30)\nHP_I<(0.5);BUFF_I(4987,0,0);RATE(20)\nHP_I<(0.7);BUFF_I(4995,0,0);RATE(20)\nHP_I>(0.5);BUFF_I(4985,0,0);RATE(20)\nHP_I<(0.5);BUFF_I(4985,0,0);RATE(20)\nHP_I<(0.4);BUFF_I(4982,0,0);RATE(20)\nHP_I>(0.6)\nHP_I<(0.6)\nGO(0)	CHASE(12)\nCHASE(11)\nCHASE(10)\nCHASE(1)\nCHASE(4)\nCHASE(5)\nCHASE(6)\nCHASE(7)\nCHASE(8)\nCHASE(9)\nCHASE(2)\nCHASE(3)\nCHASE(2)
180	KD_ENEMY(1);DISTANCE_ENEMY<(300);RATE(70)\nRATE(30)\nHP_I<(0.5);BUFF_I(4981,0,0);RATE(20)\nHP_I<(0.5);RATE(30)\nGO(0)	CHASE(4)\nCHASE(1)\nCHASE(3)\nCHASE(2)\nCHASE(1)
181	KD_ENEMY(1);DISTANCE_ENEMY<(300);RATE(70)\nRATE(20)\nHP_I<(0.7);RATE(40)\nHP_I<(0.5);BUFF_I(4981,0,0);RATE(30)\nHP_I<(0.7);DISTANCE_ENEMY<(800);BUFF_I(4984,0,0);RATE(15)\nGO(0)	CHASE(4)\nCHASE(1)\nCHASE(2)\nCHASE(3)\nCHASE(5)\nCHASE(1)
182	KD_ENEMY(1);DISTANCE_ENEMY<(300);RATE(70)\nRATE(20)\nHP_I<(0.7);RATE(40)\nHP_I<(0.7);BUFF_I(4981,0,0);RATE(40)\nHP_I<(0.7);DISTANCE_ENEMY<(800);BUFF_I(4984,0,0);RATE(15)\nGO(0)	CHASE(4)\nCHASE(1)\nCHASE(2)\nCHASE(3)\nCHASE(5)\nCHASE(1)
183	KD_ENEMY(1);RATE(70)\nHP_I>(0.7);HP_I<(0.8);BUFF_I(4989,0,0)\nHP_I>(0.4);HP_I<(0.5);BUFF_I(4989,0,0)\nHP_I>(0.1);HP_I<(0.2);BUFF_I(4989,0,0)\nHP_I<(0.4);BUFF_I(4984,0,0);RATE(40)\nHP_I<(0.5);BUFF_I(4982,0,0);RATE(20)\nHP_I<(0.6);BUFF_I(4987,0,0);RATE(40)\nHP_I>(0.7);RATE(20)\nHP_I<(0.7);RATE(20)\nHP_I<(0.9);BUFF_I(4981,0,0);RATE(40)\nHP_I<(0.7);DISTANCE_ENEMY<(800);BUFF_I(4987,0,0);RATE(15)\nGO(0)	CHASE(4)\nCHASE(7)\nCHASE(7)\nCHASE(7)\nCHASE(6)\nCHASE(4)\nCHASE(5)\nCHASE(1)\nCHASE(2)\nCHASE(3)\nCHASE(5)\nCHASE(1)
184	KD_ENEMY(1);DISTANCE_ENEMY<(300);RATE(70)\nRATE(15)\nHP_I<(0.5);BUFF_I(4981,0,0);RATE(20)\nHP_I<(0.5);RATE(30)\nGO(0)	CHASE(4)\nCHASE(1)\nCHASE(3)\nCHASE(2)\nCHASE(1)
185	KD_ENEMY(1);DISTANCE_ENEMY<(300);RATE(70)\nRATE(10)\nHP_ALLY<(0.5);BUFF_I(4984,0,0);RATE(15)\nHP_I<(0.5);BUFF_I(4981,0,0);RATE(30)\nHP_I<(0.7);RATE(40)\nGO(0)	CHASE(4)\nCHASE(1)\nCHASE(5)\nCHASE(3)\nCHASE(2)\nCHASE(1)
186	KD_ENEMY(1);DISTANCE_ENEMY<(300);RATE(70)\nRATE(10)\nHP_ALLY<(0.5);BUFF_I(4984,0,0);RATE(25)\nHP_I<(0.7);BUFF_I(4981,0,0);RATE(40)\nHP_I<(0.7);RATE(40)\nGO(0)	CHASE(4)\nCHASE(1)\nCHASE(5)\nCHASE(3)\nCHASE(2)\nCHASE(1)
190	BUFF_I(4984,0,0);HP_I<(0.5);RATE(25)\nKD_ENEMY(1);DISTANCE_ENEMY<(300)\nBUFF_I(4983,0,0);HP_I<(0.6);RATE(35)\nBUFF_I(4981,0,0);HP_I<(0.9);RATE(35)\nBUFF_I(4986,0,0);HP_I<(0.7);RATE(35)\nRATE(50)\nDISTANCE_ENEMY>(200);RATE(25)\nGO(0)	CHASE(5)\nCHASE(4)\nCHASE(7)\nCHASE(6)\nCHASE(3)\nCHASE(2)\nCHASE(6)\nCHASE(1)
191	BUFF_I(4983,0,0);DISTANCE_ENEMY>(200);RATE(25)\nBUFF_I(4981,0,0);RATE(35)\nBUFF_I(4986,0,0);RATE(35)\nRATE(50)\nRATE(20)\nRATE(20)\nGO(0)	CHASE(7)\nCHASE(6)\nCHASE(3)\nCHASE(2)\nCHASE(6)\nCHASE(3)\nCHASE(1)
192	KD_ENEMY(1);DISTANCE_ENEMY<(300)\nBUFF_I(4981,0,0);HP_I<(0.9);RATE(35)\nBUFF_I(4986,0,0);HP_I<(0.7);RATE(35)\nRATE(50)\nGO(0)	CHASE(4)\nCHASE(6)\nCHASE(3)\nCHASE(2)\nCHASE(1)
200	RATE(10)\nDISTANCE_ENEMY<(400);RATE(60)\nGO(0)	CHASE(1)\nCHASE(1)\nCHASE(2)
201	RATE(10)\nDISTANCE_ENEMY<(400);BUFF_I(4982,0,0);RATE(50)\nHP_I<(0.8);BUFF_I(4982,0,0);RATE(20)\nDISTANCE_ENEMY<(400);RATE(40)\nGO(0)	CHASE(1)\nCHASE(3)\nCHASE(3)\nCHASE(1)\nCHASE(2)
202	RATE(10)\nDISTANCE_ENEMY<(400);BUFF_I(4982,0,0);RATE(60)\nHP_I<(0.8);BUFF_I(4982,0,0);RATE(30)\nDISTANCE_ENEMY<(400);RATE(40)\nGO(0)	CHASE(1)\nCHASE(3)\nCHASE(3)\nCHASE(1)\nCHASE(2)
210	RATE(10)\nDISTANCE_ENEMY>(500);RATE(60)\nHP_I<(0.5);DISTANCE_ENEMY<(400);BUFF_I(4981,0,0);RATE(5)\nGO(0)	CHASE(1)\nCHASE(2)\nCHASE(3)\nCHASE(1)
211	RATE(20)\nDISTANCE_ENEMY>(500);RATE(60)\nHP_I<(0.7);DISTANCE_ENEMY<(400);BUFF_I(4981,0,0);RATE(15)\nGO(0)	CHASE(1)\nCHASE(2)\nCHASE(3)\nCHASE(1)
212	DISTANCE_ENEMY>(500);BUFF_I(4980,0,0);RATE(60)\nRATE(25)\nDISTANCE_ENEMY<(400);BUFF_I(4981,0,0);RATE(15)\nGO(0)	CHASE(2)\nCHASE(1)\nCHASE(3)\nCHASE(1)
213	DISTANCE_ENEMY>(500);BUFF_I(4980,0,0);RATE(60)\nRATE(25)\nDISTANCE_ENEMY<(400);BUFF_I(4981,0,0);RATE(15)\nRATE(5)\nGO(0)	CHASE(2)\nCHASE(1)\nCHASE(3)\nCHASE(3)\nCHASE(1)
214	DOONCE(0)\nBUFF_I(4984,0,0);RATE(10)\nDISTANCE_ENEMY>(500);BUFF_I(4980,0,0);RATE(60)\nDISTANCE_ENEMY<(500);BUFF_I(4982,0,0);RATE(15)\nRATE(25)\nDISTANCE_ENEMY<(400);BUFF_I(4981,0,0);RATE(15)\nRATE(5)\nGO(0)	CHASE(5)\nCHASE(5)\nCHASE(2)\nCHASE(4)\nCHASE(1)\nCHASE(3)\nCHASE(3)\nCHASE(1)
215	DISTANCE_ENEMY>(500);BUFF_I(4980,0,0);RATE(60)\nDISTANCE_ENEMY<(500);BUFF_I(4982,0,0);RATE(15)\nRATE(25)\nDISTANCE_ENEMY<(400);BUFF_I(4981,0,0);RATE(15)\nRATE(5)\nGO(0)	CHASE(2)\nCHASE(4)\nCHASE(1)\nCHASE(3)\nCHASE(3)\nCHASE(1)
220	BUFF_I(4981,0,0);BUFF_ENEMY(3042,0,1);HP_I<(0.7)\nBUFF_I(4980,0,0);RATE(30)\nBUFF_I(4986,0,0);RATE(30)\nHP_I<(0.7);BUFF_I(4985,0,0);RATE(30)\nHP_I<(0.5);BUFF_I(4983,0,0);RATE(30)\nHP_I<(0.3);BUFF_I(4984,0,0);RATE(30)\nGO(0)	CHASE(5)\nCHASE(2)\nCHASE(7)\nCHASE(3)\nCHASE(4)\nCHASE(6)\nCHASE(1)
230	BUFF_I(4984,0,0);HP_I<(0.5);RATE(7)\nDISTANCE_ENEMY>(350);RATE(80)\nDISTANCE_ENEMY<(600);RATE(40)\nGO(0)	CHASE(4)\nCHASE(2)\nCHASE(1)\nCHASE(1)
231	BUFF_I(4984,0,0);HP_I<(0.5);RATE(15)\nBUFF_I(4982,0,0);HP_I<(0.7);RATE(15)\nDISTANCE_ENEMY>(350);RATE(80)\nDISTANCE_ENEMY<(600);RATE(40)\nGO(0)	CHASE(4)\nCHASE(3)\nCHASE(2)\nCHASE(1)\nCHASE(1)
232	BUFF_I(4984,0,0);HP_I<(0.5);RATE(15)\nBUFF_I(4982,0,0);HP_I<(0.7);RATE(20)\nHP_I<(0.3);RATE(15)\nDISTANCE_ENEMY>(350);RATE(80)\nDISTANCE_ENEMY<(600);RATE(40)\nGO(0)	CHASE(4)\nCHASE(3)\nCHASE(3)\nCHASE(2)\nCHASE(1)\nCHASE(1)
240	DISTANCE_ENEMY>(400);RATE(95)\nDISTANCE_ENEMY<(450);RATE(60)\nGO(0)	CHASE(2)\nCHASE(2)\nCHASE(1)
241	BUFF_I(4983,0,0);HP_I<(0.5);RATE(15)\nDISTANCE_ENEMY>(400);RATE(95)\nDISTANCE_ENEMY<(450);RATE(60)\nGO(0)	CHASE(3)\nCHASE(2)\nCHASE(2)\nCHASE(1)
242	BUFF_I(4983,0,0);HP_I<(0.8);RATE(10)\nBUFF_I(4983,0,0);HP_I<(0.5);RATE(20)\nDISTANCE_ENEMY>(400);RATE(95)\nDISTANCE_ENEMY<(450);RATE(60)\nGO(0)	CHASE(3)\nCHASE(3)\nCHASE(2)\nCHASE(2)\nCHASE(1)
250	RATE(45)\nRATE(60)\nBUFF_I(4983,0,0);HP_I<(0.5);RATE(10)\nGO(0)	CHASE(1)\nCHASE(2)\nCHASE(3)\nCHASE(1)
251	RATE(45)\nRATE(60)\nBUFF_I(4983,0,0);HP_I<(0.7);RATE(20)\nGO(0)	CHASE(1)\nCHASE(2)\nCHASE(3)\nCHASE(1)
252	BUFF_I(4983,0,0);HP_I<(0.7);RATE(20)\nRATE(25)\nRATE(60)\nGO(0)	CHASE(3)\nCHASE(1)\nCHASE(2)\nCHASE(1)
253	DOONCE(0)\nBUFF_I(4983,0,0);RATE(20)\nRATE(45)\nRATE(60)\nRATE(15)\nGO(0)	CHASE(3)\nCHASE(3)\nCHASE(1)\nCHASE(2)\nCHASE(3)\nCHASE(1)
260	RATE(25)\nBUFF_I(4980,0,0);DISTANCE_ENEMY>(500);RATE(50)\nGO(0)	CHASE(1)\nCHASE(2)\nCHASE(1)
261	BUFF_I(4982,0,0);RATE(15)\nBUFF_I(4982,0,0);HP_I<(0.7);RATE(30)\nRATE(25)\nBUFF_I(4980,0,0);DISTANCE_ENEMY>(500);RATE(50)\nGO(0)	CHASE(3)\nCHASE(3)\nCHASE(1)\nCHASE(2)\nCHASE(1)
262	BUFF_I(4982,0,0);RATE(10)\nBUFF_I(4980,0,0);DISTANCE_ENEMY>(500);RATE(50)\nBUFF_I(4982,0,0);DISTANCE_ENEMY>(700);RATE(30)\nBUFF_I(4987,0,0);HP_I<(0.7);RATE(15)\nBUFF_I(4983,0,0);HP_I<(0.5);RATE(15)\nBUFF_I(4988,0,0);DISTANCE_ENEMY<(500);HP_I<(0.4);RATE(15)\nGO(0)	CHASE(3)\nCHASE(2)\nCHASE(3)\nCHASE(4)\nCHASE(5)\nCHASE(6)\nCHASE(1)
263	BUFF_I(4982,0,0);RATE(10)\nBUFF_I(4980,0,0);DISTANCE_ENEMY>(500);RATE(50)\nBUFF_I(4982,0,0);DISTANCE_ENEMY>(700);RATE(30)\nBUFF_I(4987,0,0);HP_I<(0.7);RATE(25)\nBUFF_I(4983,0,0);HP_I<(0.5);RATE(25)\nBUFF_I(4988,0,0);DISTANCE_ENEMY<(500);HP_I<(0.4);RATE(25)\nHP_I<(0.3);RATE(20)\nHP_I<(0.5);RATE(15)\nGO(0)	CHASE(3)\nCHASE(2)\nCHASE(3)\nCHASE(4)\nCHASE(5)\nCHASE(6)\nCHASE(5)\nCHASE(4)\nCHASE(1)
264	BUFF_I(4982,0,0);RATE(10)\nBUFF_I(4980,0,0);DISTANCE_ENEMY>(500);RATE(50)\nBUFF_I(4982,0,0);DISTANCE_ENEMY>(700);RATE(30)\nBUFF_I(4987,0,0);HP_I<(0.7);RATE(15)\nBUFF_I(4983,0,0);HP_I<(0.5);RATE(15)\nBUFF_I(4988,0,0);DISTANCE_ENEMY<(500);HP_I<(0.4);RATE(15)\nGO(0)	CHASE(3)\nCHASE(2)\nCHASE(3)\nCHASE(4)\nCHASE(5)\nCHASE(6)\nCHASE(1)
265	BUFF_I(4982,0,0);RATE(10)\nBUFF_I(4980,0,0);DISTANCE_ENEMY>(500);RATE(50)\nBUFF_I(4982,0,0);DISTANCE_ENEMY>(700);RATE(30)\nBUFF_I(4987,0,0);HP_I<(0.7);RATE(25)\nBUFF_I(4983,0,0);HP_I<(0.5);RATE(25)\nBUFF_I(4988,0,0);DISTANCE_ENEMY<(500);HP_I<(0.4);RATE(25)\nHP_I<(0.3);RATE(20)\nHP_I<(0.5);RATE(15)\nGO(0)	CHASE(3)\nCHASE(2)\nCHASE(3)\nCHASE(4)\nCHASE(5)\nCHASE(6)\nCHASE(5)\nCHASE(4)\nCHASE(1)
266	BUFF_I(4982,0,0);RATE(10)\nBUFF_I(4980,0,0);DISTANCE_ENEMY>(500);RATE(50)\nBUFF_I(4982,0,0);DISTANCE_ENEMY<(500);RATE(15)\nBUFF_I(4987,0,0);HP_I<(0.5);RATE(10)\nGO(0)	CHASE(3)\nCHASE(2)\nCHASE(3)\nCHASE(4)\nCHASE(1)
267	BUFF_I(4982,0,0);RATE(10)\nBUFF_I(4980,0,0);DISTANCE_ENEMY>(500);RATE(50)\nBUFF_I(4983,0,0);DISTANCE_ENEMY>(500);HP_I<(0.5);RATE(50)\nBUFF_I(4982,0,0);DISTANCE_ENEMY<(500);RATE(15)\nBUFF_I(4987,0,0);RATE(10)\nBUFF_I(4987,0,0);DISTANCE_ENEMY<(700);RATE(20)\nGO(0)	CHASE(3)\nCHASE(2)\nCHASE(5)\nCHASE(3)\nCHASE(4)\nCHASE(4)\nCHASE(1)
270	HP_I>(0.7);RATE(30)\nBUFF_I(4981,0,0);HP_I<(0.5);RATE(20)\nDISTANCE_ENEMY>(400);BUFF_I(4980,0,0);RATE(50)\nGO(0)	CHASE(1)\nCHASE(3)\nCHASE(2)\nCHASE(1)
271	HP_I>(0.7);RATE(30)\nDISTANCE_ENEMY>(400);BUFF_I(4980,0,0);RATE(50)\nBUFF_I(4983,0,0);HP_I<(0.6);RATE(20)\nBUFF_I(4981,0,0);HP_I<(0.6);RATE(20)\nGO(0)	CHASE(1)\nCHASE(2)\nCHASE(4)\nCHASE(3)\nCHASE(1)
272	HP_I>(0.7);RATE(30)\nBUFF_I(4984,0,0);HP_I<(0.6);RATE(15)\nBUFF_I(4984,0,0);HP_I<(0.6);RATE(30)\nDISTANCE_ENEMY>(400);BUFF_I(4980,0,0);RATE(50)\nBUFF_I(4983,0,0);HP_I<(0.8);RATE(20)\nBUFF_I(4981,0,0);HP_I<(0.8);RATE(20)\nGO(0)	CHASE(1)\nCHASE(5)\nCHASE(6)\nCHASE(2)\nCHASE(4)\nCHASE(3)\nCHASE(1)
273	HP_I>(0.7);RATE(30)\nBUFF_I(4984,0,0);HP_I>(0.5);HP_I<(0.7);RATE(30)\nBUFF_I(4984,0,0);HP_I<(0.5);RATE(30)\nDISTANCE_ENEMY>(400);BUFF_I(4980,0,0);RATE(50)\nBUFF_I(4983,0,0);HP_I<(0.8);RATE(20)\nBUFF_I(4981,0,0);HP_I<(0.6);RATE(20)\nHP_I<(0.5);RATE(15)\nGO(0)	CHASE(1)\nCHASE(5)\nCHASE(6)\nCHASE(2)\nCHASE(4)\nCHASE(3)\nCHASE(3)\nCHASE(1)
274	HP_I>(0.7);RATE(30)\nBUFF_I(4984,0,0);BUFF_I(4981,0,0);HP_I<(0.6);RATE(20)\nDISTANCE_ENEMY>(400);BUFF_I(4980,0,0);RATE(50)\nBUFF_I(4983,0,0);HP_I<(0.8);RATE(20)\nBUFF_I(4981,0,0);HP_I<(0.6);RATE(20)\nHP_I<(0.5);RATE(15)\nGO(0)	CHASE(1)\nCHASE(5)\nCHASE(2)\nCHASE(4)\nCHASE(3)\nCHASE(3)\nCHASE(1)
275	HP_I>(0.7);RATE(30)\nBUFF_I(4981,0,0);HP_I<(0.7);RATE(30)\nHP_I<(0.5);RATE(10)\nDISTANCE_ENEMY>(400);BUFF_I(4980,0,0);RATE(50)\nBUFF_I(4983,0,0);HP_I<(0.8);RATE(20)\nBUFF_I(4981,0,0);HP_I<(0.6);RATE(20)\nHP_I<(0.5);RATE(15)\nGO(0)	CHASE(1)\nCHASE(5)\nCHASE(5)\nCHASE(2)\nCHASE(4)\nCHASE(3)\nCHASE(3)\nCHASE(1)
280	HP_I<(0.5);BUFF_I(4982,0,0);RATE(15)\nDISTANCE_ENEMY<(500);RATE(40)\nGO(0)	CHASE(3)\nCHASE(1)\nCHASE(2)
281	HP_I<(0.9);BUFF_I(4982,0,0);RATE(25)\nDISTANCE_ENEMY<(500);RATE(40)\nGO(0)	CHASE(3)\nCHASE(1)\nCHASE(2)
282	DISTANCE_ENEMY>(700);BUFF_I(4984,0,0);RATE(25)\nHP_I<(0.9);BUFF_I(4982,0,0);RATE(25)\nDISTANCE_ENEMY<(500);RATE(40)\nGO(0)	CHASE(4)\nCHASE(3)\nCHASE(1)\nCHASE(2)
284	DISTANCE_ENEMY>(700)\nHP_I<(0.9);BUFF_I(4982,0,0);RATE(25)\nDISTANCE_ENEMY<(500);RATE(40)\nGO(0)	CHASE(4)\nCHASE(3)\nCHASE(1)\nCHASE(2)
285	DISTANCE_ENEMY>(300);RATE(70)\nDISTANCE_ENEMY>(300)\nGO(0)	CHASE(2)\nCHASE(3)\nCHASE(1)
286	DISTANCE_ENEMY>(300)\nGO(0)	CHASE(2)\nCHASE(1)
290	KD_ENEMY(1);DISTANCE_ENEMY<(200);RATE(80)\nRATE(60)\nBUFF_I(4983,0,0);HP_ALLY<(0.5);RATE(10)\nBUFF_I(4982,0,0);HP_I<(0.3);RATE(20)\nBUFF_I(4987,0,0);HP_I<(0.3);RATE(20)\nGO(0)	CHASE(2)\nCHASE(1)\nCHASE(3)\nCHASE(5)\nCHASE(4)\nCHASE(1)
291	KD_ENEMY(1);DISTANCE_ENEMY<(200);RATE(80)\nRATE(40)\nBUFF_I(4983,0,0);HP_ALLY<(0.7);RATE(30)\nBUFF_I(4982,0,0);HP_I<(0.5);RATE(25)\nBUFF_I(4987,0,0);HP_I<(0.5);RATE(25)\nGO(0)	CHASE(2)\nCHASE(1)\nCHASE(3)\nCHASE(5)\nCHASE(4)\nCHASE(1)
292	KD_ENEMY(1);DISTANCE_ENEMY<(200);RATE(80)\nRATE(30)\nBUFF_I(4983,0,0);HP_ALLY<(0.7);RATE(50)\nHP_I>(0.7);RATE(20)\nBUFF_I(4982,0,0);HP_I<(0.9);RATE(25)\nHP_I>(0.5);RATE(20)\nBUFF_I(4987,0,0);HP_I<(0.7);RATE(40)\nGO(0)	CHASE(2)\nCHASE(1)\nCHASE(3)\nCHASE(1)\nCHASE(5)\nCHASE(1)\nCHASE(4)\nCHASE(1)
293	KD_ENEMY(1);DISTANCE_ENEMY<(200);RATE(80)\nRATE(20)\nBUFF_I(4983,0,0);HP_ALLY<(0.7);RATE(50)\nHP_I>(0.8);RATE(20)\nBUFF_I(4982,0,0);HP_I<(0.9);RATE(50)\nHP_I>(0.6);RATE(20)\nHP_I<(0.5);RATE(30)\nBUFF_I(4987,0,0);HP_I<(0.7);RATE(30)\nGO(0)	CHASE(2)\nCHASE(1)\nCHASE(3)\nCHASE(1)\nCHASE(5)\nCHASE(1)\nCHASE(5)\nCHASE(4)\nCHASE(1)
294	KD_ENEMY(1);DISTANCE_ENEMY<(200);RATE(80)\nRATE(20)\nBUFF_I(4983,0,0);HP_ALLY<(0.7);RATE(50)\nHP_I>(0.8);RATE(20)\nBUFF_I(4982,0,0);HP_I<(0.9);RATE(50)\nHP_I>(0.5);RATE(20)\nHP_I<(0.5);RATE(15)\nBUFF_I(4987,0,0);HP_I<(0.7);RATE(30)\nGO(0)	CHASE(2)\nCHASE(1)\nCHASE(3)\nCHASE(1)\nCHASE(5)\nCHASE(1)\nCHASE(5)\nCHASE(4)\nCHASE(1)
295	DISTANCE_ENEMY>(1200)\nKD_ENEMY(1);DISTANCE_ENEMY<(200);RATE(80)\nRATE(30)\nBUFF_I(4983,0,0);HP_ALLY<(0.7);RATE(50)\nHP_I>(0.7);RATE(20)\nBUFF_I(4982,0,0);HP_I<(0.9);RATE(25)\nHP_I>(0.5);RATE(20)\nBUFF_I(4987,0,0);HP_I<(0.7);RATE(40)\nGO(0)	CHASE(6)\nCHASE(2)\nCHASE(1)\nCHASE(3)\nCHASE(1)\nCHASE(5)\nCHASE(1)\nCHASE(4)\nCHASE(1)
300	HP_I<(0.3);RATE(3)\nBUFF_I(4980,0,0);DISTANCE_ENEMY>(300);RATE(60)\nBUFF_I(4982,0,0);DISTANCE_ENEMY<(650);RATE(20)\nRATE(30)\nGO(0)	CHASE(5)\nCHASE(2)\nCHASE(3)\nCHASE(2)\nCHASE(1)
301	HP_I<(0.3);RATE(15)\nBUFF_I(4983,0,0);HP_I<(0.4);RATE(10)\nBUFF_I(4982,0,0);DISTANCE_ENEMY<(750);RATE(35)\nBUFF_I(4980,0,0);DISTANCE_ENEMY>(300);RATE(75)\nGO(0)	CHASE(5)\nCHASE(4)\nCHASE(3)\nCHASE(2)\nCHASE(1)
302	HP_I<(0.3);RATE(20)\nBUFF_I(4983,0,0);HP_I<(0.7);RATE(35)\nBUFF_I(4982,0,0);DISTANCE_ENEMY<(750);RATE(40)\nBUFF_I(4980,0,0);DISTANCE_ENEMY>(300);RATE(55)\nGO(0)	CHASE(5)\nCHASE(4)\nCHASE(3)\nCHASE(2)\nCHASE(1)
303	BUFF_I(4983,0,0);HP_I<(0.8);RATE(40)\nBUFF_I(4982,0,0);DISTANCE_ENEMY<(750);RATE(40)\nBUFF_I(4980,0,0);DISTANCE_ENEMY>(300);RATE(55)\nGO(0)	CHASE(4)\nCHASE(3)\nCHASE(2)\nCHASE(1)
304	BUFF_I(4988,0,0);HP_I<(0.6);RATE(25)\nBUFF_I(4983,0,0);HP_I<(0.8);RATE(25)\nBUFF_I(4982,0,0);DISTANCE_ENEMY<(750);RATE(40)\nBUFF_I(4980,0,0);DISTANCE_ENEMY>(300);RATE(35)\nGO(0)	CHASE(5)\nCHASE(4)\nCHASE(3)\nCHASE(2)\nCHASE(1)
305	BUFF_I(4988,0,0);HP_I<(0.6);RATE(25)\nHP_I<(0.3);RATE(25)\nBUFF_I(4983,0,0);HP_I<(0.8);RATE(25)\nHP_I<(0.4);RATE(25)\nBUFF_I(4982,0,0);DISTANCE_ENEMY<(750);RATE(40)\nBUFF_I(4980,0,0);DISTANCE_ENEMY>(300);RATE(35)\nGO(0)	CHASE(5)\nCHASE(5)\nCHASE(4)\nCHASE(4)\nCHASE(3)\nCHASE(2)\nCHASE(1)
310	RATE(30)\nDISTANCE_ENEMY>(400);BUFF_I(4980,0,0);RATE(30)\nGO(0)	CHASE(1)\nCHASE(2)\nCHASE(1)
311	BUFF_I(4983,0,0);HP_I<(0.5);RATE(7)\nBUFF_I(4981,0,0);RATE(25)\nRATE(30)\nDISTANCE_ENEMY>(400);BUFF_I(4980,0,0);RATE(60)\nGO(0)	CHASE(4)\nCHASE(3)\nCHASE(1)\nCHASE(2)\nCHASE(1)
312	BUFF_I(4983,0,0);HP_I<(0.7);RATE(15)\nBUFF_I(4981,0,0);RATE(25)\nRATE(30)\nDISTANCE_ENEMY>(400);BUFF_I(4980,0,0);RATE(60)\nGO(0)	CHASE(4)\nCHASE(3)\nCHASE(1)\nCHASE(2)\nCHASE(1)
313	BUFF_I(4988,0,0);HP_I<(0.7);RATE(15)\nBUFF_I(4983,0,0);HP_I<(0.7);RATE(15)\nBUFF_I(4981,0,0);RATE(25)\nRATE(30)\nDISTANCE_ENEMY>(400);BUFF_I(4980,0,0);RATE(60)\nGO(0)	CHASE(5)\nCHASE(4)\nCHASE(3)\nCHASE(1)\nCHASE(2)\nCHASE(1)
314	HP_I<(0.3);RATE(25)\nHP_I<(0.4);RATE(20)\nBUFF_I(4988,0,0);HP_I<(0.7);RATE(15)\nBUFF_I(4983,0,0);HP_I<(0.7);RATE(15)\nBUFF_I(4981,0,0);RATE(25)\nRATE(30)\nDISTANCE_ENEMY>(400);BUFF_I(4980,0,0);RATE(60)\nGO(0)	CHASE(5)\nCHASE(4)\nCHASE(5)\nCHASE(4)\nCHASE(3)\nCHASE(1)\nCHASE(2)\nCHASE(1)
315	BUFF_I(4983,0,0);HP_I<(0.9);RATE(30)\nBUFF_I(4981,0,0);RATE(25)\nRATE(30)\nDISTANCE_ENEMY>(400);BUFF_I(4980,0,0);RATE(60)\nGO(0)	CHASE(4)\nCHASE(3)\nCHASE(1)\nCHASE(2)\nCHASE(1)
320	DISTANCE_ENEMY>(300);RATE(50)\nBUFF_I(4982,0,0);HP_I<(0.5);DISTANCE_ENEMY<(600);RATE(10)\nGO(0)	CHASE(2)\nCHASE(3)\nCHASE(1)
321	DISTANCE_ENEMY>(300);RATE(50)\nBUFF_I(4982,0,0);HP_I>(0.5);DISTANCE_ENEMY<(600);RATE(15)\nBUFF_I(4982,0,0);HP_I<(0.5);DISTANCE_ENEMY<(600);RATE(15)\nBUFF_I(4981,0,0);HP_I<(0.8);RATE(10)\nGO(0)	CHASE(2)\nCHASE(3)\nCHASE(4)\nCHASE(5)\nCHASE(1)
322	BUFF_I(4984,0,0);HP_ALLY<(0.7);RATE(40)\nBUFF_I(4981,0,0);HP_I<(0.8);RATE(15)\nDISTANCE_ENEMY>(300);RATE(50)\nBUFF_I(4982,0,0);HP_I>(0.5);DISTANCE_ENEMY<(600);RATE(15)\nBUFF_I(4982,0,0);HP_I<(0.5);DISTANCE_ENEMY<(600);RATE(15)\nGO(0)	CHASE(6)\nCHASE(5)\nCHASE(2)\nCHASE(3)\nCHASE(4)\nCHASE(1)
323	BUFF_I(4984,0,0);HP_ALLY<(0.5);RATE(20)\nBUFF_I(4981,0,0);HP_I<(0.8);RATE(25)\nDISTANCE_ENEMY>(300);RATE(50)\nBUFF_I(4982,0,0);HP_I>(0.5);DISTANCE_ENEMY<(600);RATE(15)\nBUFF_I(4982,0,0);DISTANCE_ENEMY<(600);RATE(25)\nGO(0)	CHASE(6)\nCHASE(5)\nCHASE(2)\nCHASE(3)\nCHASE(4)\nCHASE(1)
324	BUFF_I(4985,0,0);RATE(50)\nGO(0)	CHASE(2)\nCHASE(1)
330	BUFF_I(4982,0,0);HP_I<(0.5);RATE(5)\nBUFF_I(4980,0,0);DISTANCE_ENEMY>(450);RATE(60)\nGO(0)	CHASE(3)\nCHASE(2)\nCHASE(1)
331	BUFF_I(4982,0,0);HP_I<(0.5);RATE(25)\nBUFF_I(4980,0,0);DISTANCE_ENEMY>(450);RATE(60)\nGO(0)	CHASE(3)\nCHASE(2)\nCHASE(1)
332	BUFF_I(4983,0,0);BUFF_I(4982,0,1);RATE(40)\nBUFF_I(4982,0,0);HP_I<(0.8);RATE(25)\nBUFF_I(4983,0,0);HP_I<(0.5);RATE(25)\nBUFF_I(4980,0,0);DISTANCE_ENEMY>(450);RATE(60)\nGO(0)	CHASE(4)\nCHASE(3)\nCHASE(4)\nCHASE(2)\nCHASE(1)
333	BUFF_I(4983,0,0);BUFF_I(4982,0,1);RATE(40)\nBUFF_I(4982,0,0);HP_I<(0.8);RATE(25)\nBUFF_I(4983,0,0);HP_I<(0.5);RATE(25)\nBUFF_I(4980,0,0);RATE(30)\nGO(0)	CHASE(4)\nCHASE(3)\nCHASE(4)\nCHASE(2)\nCHASE(1)
334	BUFF_I(4983,0,0);BUFF_I(4982,0,1);RATE(40)\nBUFF_I(4982,0,0);HP_I<(0.9);RATE(25)\nBUFF_I(4983,0,0);HP_I<(0.6);RATE(25)\nHP_I<(0.45);RATE(15)\nHP_I<(0.3);RATE(15)\nBUFF_I(4980,0,0);RATE(30)\nGO(0)	CHASE(4)\nCHASE(3)\nCHASE(4)\nCHASE(3)\nCHASE(4)\nCHASE(2)\nCHASE(1)
335	BUFF_I(4983,0,0);BUFF_I(4982,0,1);RATE(40)\nBUFF_I(4982,0,0);HP_I<(0.9);RATE(25)\nBUFF_I(4983,0,0);HP_I<(0.6);RATE(25)\nHP_I<(0.45);RATE(15)\nHP_I<(0.3);RATE(15)\nBUFF_I(4980,0,0);RATE(30)\nGO(0)	CHASE(4)\nCHASE(3)\nCHASE(4)\nCHASE(3)\nCHASE(4)\nCHASE(2)\nCHASE(1)
340	HP_I<(0.6);BUFF_I(4982,0,0);DISTANCE_ENEMY<(450);RATE(15)\nRATE(33)\nDISTANCE_ENEMY>(600);RATE(50)\nDISTANCE_ENEMY<(450);RATE(50)\nGO(0)	CHASE(3)\nCHASE(2)\nCHASE(2)\nCHASE(1)\nCHASE(2)
341	HP_I<(0.5);BUFF_I(4987,0,0);DISTANCE_ENEMY<(450);RATE(20)\nHP_I<(0.85);BUFF_I(4982,0,0);DISTANCE_ENEMY<(450);RATE(20)\nRATE(33)\nDISTANCE_ENEMY>(600);RATE(50)\nDISTANCE_ENEMY<(450);RATE(50)\nGO(0)	CHASE(4)\nCHASE(3)\nCHASE(2)\nCHASE(2)\nCHASE(1)\nCHASE(2)
342	HP_I<(0.7);BUFF_I(4987,0,0);DISTANCE_ENEMY<(450);RATE(15)\nBUFF_I(4982,0,0);DISTANCE_ENEMY<(450);RATE(20)\nRATE(33)\nHP_I<(0.7);BUFF_I(4983,0,0);RATE(15)\nDISTANCE_ENEMY>(600);RATE(50)\nDISTANCE_ENEMY<(450);RATE(50)\nGO(0)	CHASE(4)\nCHASE(3)\nCHASE(2)\nCHASE(5)\nCHASE(2)\nCHASE(1)\nCHASE(2)
350	BUFF_I(4981,0,0);BUFF_I(4983,0,0);HP_I<(0.5);RATE(10)\nBUFF_I(4980,0,0);DISTANCE_ENEMY>(400);RATE(80)\nDISTANCE_ENEMY<(275);RATE(80)\nGO(0)	CHASE(3)\nCHASE(2)\nCHASE(1)\nCHASE(1)
351	BUFF_I(4986,0,0);DISTANCE_ENEMY<(800);HP_I<(0.7);RATE(10)\nBUFF_I(4981,0,0);BUFF_I(4983,0,0);HP_I<(0.7);RATE(15)\nBUFF_I(4980,0,0);DISTANCE_ENEMY>(400);RATE(80)\nDISTANCE_ENEMY<(275);RATE(80)\nGO(0)	CHASE(4)\nCHASE(3)\nCHASE(2)\nCHASE(1)\nCHASE(1)
352	BUFF_I(4986,0,0);DISTANCE_ENEMY<(800);RATE(20)\nBUFF_I(4981,0,0);BUFF_I(4983,0,0);HP_I<(0.7);RATE(30)\nBUFF_I(4980,0,0);DISTANCE_ENEMY>(400);RATE(80)\nDISTANCE_ENEMY<(275);RATE(80)\nGO(0)	CHASE(4)\nCHASE(3)\nCHASE(2)\nCHASE(1)\nCHASE(1)
353	BUFF_I(4986,0,0);RATE(20)\nHP_I<(0.3);RATE(20)\nBUFF_I(4983,0,0);HP_I<(0.7);RATE(30)\nDISTANCE_ENEMY<(800);RATE(80)\nBUFF_I(4980,0,0);DISTANCE_ENEMY>(700);RATE(80)\nBUFF_I(4980,0,0);HP_I<(0.5);RATE(20)\nGO(0)	CHASE(4)\nCHASE(4)\nCHASE(3)\nCHASE(1)\nCHASE(2)\nCHASE(2)\nCHASE(1)
355	DOONCE(0)\nBUFF_I(4986,0,0);DISTANCE_ENEMY<(800);HP_I<(0.7);RATE(10)\nBUFF_I(4981,0,0);BUFF_I(4983,0,0);HP_I<(0.7);RATE(15)\nBUFF_I(4980,0,0);DISTANCE_ENEMY>(400);RATE(80);HP_I<(0.95)\nDISTANCE_ENEMY<(275);RATE(80)\nGO(0)	CHASE(2)\nCHASE(4)\nCHASE(3)\nCHASE(2)\nCHASE(1)\nCHASE(1)
360	RATE(30)\nBUFF_I(4980,0,0);RATE(20)\nBUFF_I(4988,0,0);HP_I<(0.5);RATE(15)\nGO(0)	CHASE(1)\nCHASE(2)\nCHASE(3)\nCHASE(1)
361	BUFF_I(4988,0,0);HP_I<(0.8);RATE(20)\nBUFF_I(4980,0,0);RATE(25)\nBUFF_I(4984,0,0);HP_I<(0.6);RATE(10)\nGO(0)	CHASE(3)\nCHASE(2)\nCHASE(5)\nCHASE(1)
362	BUFF_I(4988,0,0);RATE(20)\nBUFF_I(4980,0,0);RATE(40)\nBUFF_I(4984,0,0);HP_I<(0.6);RATE(25)\nGO(0)	CHASE(3)\nCHASE(2)\nCHASE(5)\nCHASE(1)
363	BUFF_I(4984,0,0);HP_I<(0.5)\nBUFF_I(4988,0,0);RATE(20)\nBUFF_I(4980,0,0);RATE(40)\nRATE(30)\nBUFF_I(4983,0,0);HP_I<(0.8);RATE(40)\nGO(0)	CHASE(5)\nCHASE(3)\nCHASE(2)\nCHASE(1)\nCHASE(4)\nCHASE(1)
364	BUFF_I(4984,0,0);HP_I<(0.5)\nBUFF_I(4988,0,0);RATE(20)\nHP_I<(0.5);RATE(20)\nBUFF_I(4980,0,0);RATE(40)\nHP_I<(0.5);RATE(10)\nHP_I>(0.5);RATE(30)\nBUFF_I(4983,0,0);HP_I<(0.8);RATE(40)\nHP_I<(0.3);RATE(40)\nGO(0)	CHASE(5)\nCHASE(3)\nCHASE(3)\nCHASE(2)\nCHASE(2)\nCHASE(1)\nCHASE(4)\nCHASE(4)\nCHASE(1)
370	RATE(60)\nDISTANCE_ENEMY<(600);BUFF_I(4982,0,0);HP_I<(0.8);RATE(33)\nGO(0)	CHASE(1)\nCHASE(2)\nCHASE(1)
371	BUFF_I(4983,0,0);HP_I<(0.5);RATE(15)\nBUFF_I(4984,0,0);HP_I<(0.7);RATE(15)\nBUFF_I(4984,0,0);HP_I<(0.7);RATE(15)\nRATE(60)\nDISTANCE_ENEMY<(600);BUFF_I(4982,0,0);HP_I<(0.8);RATE(33)\nGO(0)	CHASE(5)\nCHASE(4)\nCHASE(3)\nCHASE(1)\nCHASE(2)\nCHASE(1)
380	DISTANCE_ENEMY>(500);BUFF_I(4981,0,0);RATE(40)\nDISTANCE_ENEMY>(500);RATE(15)\nBUFF_I(4980,0,0);RATE(30)\nGO(0)	CHASE(2)\nCHASE(2)\nCHASE(3)\nCHASE(1)
381	BUFF_I(4987,0,0);RATE(20)\nDISTANCE_ENEMY>(500);BUFF_I(4981,0,0);RATE(40)\nDISTANCE_ENEMY>(500);RATE(15)\nBUFF_I(4980,0,0);RATE(30)\nGO(0)	CHASE(4)\nCHASE(2)\nCHASE(2)\nCHASE(3)\nCHASE(1)
382	BUFF_I(4982,0,0);HP_I<(0.5);RATE(15)\nBUFF_I(4987,0,0);RATE(20)\nDISTANCE_ENEMY>(500);BUFF_I(4981,0,0);RATE(40)\nDISTANCE_ENEMY>(500);RATE(15)\nBUFF_I(4980,0,0);RATE(30)\nGO(0)	CHASE(5)\nCHASE(4)\nCHASE(2)\nCHASE(2)\nCHASE(3)\nCHASE(1)
390	DISTANCE_ENEMY>(500);BUFF_I(4980,0,0);RATE(70)\nHP_I>(0.6);RATE(25)\nDISTANCE_ENEMY<(700);HP_I<(0.7);BUFF_I(4982,0,0);RATE(25)\nBUFF_I(4980,0,0);RATE(20)\nGO(0)	CHASE(2)\nCHASE(1)\nCHASE(3)\nCHASE(2)\nCHASE(1)
391	HP_I<(0.4);RATE(15)\nDISTANCE_ENEMY>(500);BUFF_I(4980,0,0);RATE(70)\nHP_I>(0.6);RATE(25)\nDISTANCE_ENEMY<(700);HP_I<(0.7);BUFF_I(4982,0,0);RATE(25)\nBUFF_I(4980,0,0);RATE(20)\nGO(0)	CHASE(3)\nCHASE(2)\nCHASE(1)\nCHASE(3)\nCHASE(2)\nCHASE(1)
392	HP_I<(0.8);BUFF_I(4981,0,0);RATE(25)\nDISTANCE_ENEMY>(500);BUFF_I(4980,0,0);RATE(70)\nHP_I>(0.6);RATE(25)\nDISTANCE_ENEMY<(700);HP_I<(0.7);BUFF_I(4982,0,0);RATE(25)\nBUFF_I(4980,0,0);RATE(20)\nGO(0)	CHASE(4)\nCHASE(2)\nCHASE(1)\nCHASE(3)\nCHASE(2)\nCHASE(1)
393	HP_I<(0.5);RATE(20);BUFF_I(4981,0,0)\nHP_I<(0.7);RATE(50);BUFF_I(4982,0,0)\nHP_I<(0.9);RATE(50);BUFF_I(4982,0,0)\nHP_I<(0.7);BUFF_I(4980,0,0);RATE(20)\nBUFF_I(4980,0,0);RATE(20)\nHP_I<(0.5);BUFF_I(4985,0,0);RATE(20)\nBUFF_I(4985,0,0);RATE(20)\nGO(0)	CHASE(6)\nCHASE(4)\nCHASE(5)\nCHASE(2)\nCHASE(2)\nCHASE(3)\nCHASE(3)\nCHASE(1)
394	HP_I<(0.5);BUFF_I(4989,0,0)\nHP_I<(0.5);RATE(20);BUFF_I(4981,0,0)\nHP_I<(0.7);RATE(50);BUFF_I(4982,0,0)\nHP_I<(0.9);RATE(50);BUFF_I(4982,0,0)\nHP_I<(0.7);BUFF_I(4980,0,0);RATE(20)\nBUFF_I(4980,0,0);RATE(20)\nHP_I<(0.5);BUFF_I(4985,0,0);RATE(20)\nBUFF_I(4985,0,0);RATE(20)\nGO(0)	CHASE(7)\nCHASE(6)\nCHASE(4)\nCHASE(5)\nCHASE(2)\nCHASE(2)\nCHASE(3)\nCHASE(3)\nCHASE(1)
400	HP_I<(0.7);RATE(50);BUFF_I(4982,0,0)\nHP_I<(0.3);RATE(80);BUFF_I(4987,0,0)\nHP_I<(0.6);HP_I>(0.3);RATE(80);BUFF_I(4987,0,0)\nHP_I<(0.9);HP_I>(0.6);RATE(80);BUFF_I(4987,0,0)\nHP_I<(0.5);RATE(30);BUFF_I(4986,0,0)\nDISTANCE_ENEMY<(750);RATE(30)\nDISTANCE_ENEMY<(400);RATE(30)\nDISTANCE_ENEMY>(400);RATE(30)\nHP_I<(0.7);DISTANCE_ENEMY<(200);RATE(40);BUFF_I(4982,0,0)\nHP_I<(0.7);RATE(10)\nHP_I<(0.7);RATE(10)\nDISTANCE_ENEMY>(400)\nGO(0)	CHASE(5)\nCHASE(8)\nCHASE(7)\nCHASE(6)\nCHASE(4)\nCHASE(2)\nCHASE(1)\nCHASE(3)\nCHASE(5)\nCHASE(5)\nCHASE(4)\nCHASE(3)\nCHASE(1)
401	DISTANCE_ENEMY>(4000);RATE(30)\nDISTANCE_ENEMY>(4000);RATE(80)\nDISTANCE_ENEMY>(4000)\nHP_I<(0.4);BUFF_I(4989,0,0)\nHP_I<(0.7);RATE(50);BUFF_I(4982,0,0)\nHP_I<(0.3);RATE(80);BUFF_I(4987,0,0)\nHP_I<(0.6);HP_I>(0.3);RATE(80);BUFF_I(4987,0,0)\nHP_I<(0.9);HP_I>(0.6);RATE(80);BUFF_I(4987,0,0)\nHP_I<(0.5);RATE(30);BUFF_I(4986,0,0)\nDISTANCE_ENEMY<(750);RATE(30)\nDISTANCE_ENEMY<(400);RATE(30)\nDISTANCE_ENEMY>(400);RATE(30)\nHP_I<(0.7);DISTANCE_ENEMY<(200);RATE(40);BUFF_I(4982,0,0)\nHP_I<(0.7);RATE(10)\nHP_I<(0.7);RATE(10)\nDISTANCE_ENEMY>(400)\nGO(0)	CHASE(10)\nCHASE(11)\nCHASE(12)\nCHASE(9)\nCHASE(5)\nCHASE(8)\nCHASE(7)\nCHASE(6)\nCHASE(4)\nCHASE(2)\nCHASE(1)\nCHASE(3)\nCHASE(5)\nCHASE(5)\nCHASE(4)\nCHASE(3)\nCHASE(1)
410	DOONCE(0)\nBUFF_I(4984,0,0);HP_I<(0.5);RATE(40)\nBUFF_I(4983,0,0);HP_I<(0.7);RATE(70)\nBUFF_I(4981,0,0);HP_I<(0.8);RATE(50)\nBUFF_I(4982,0,0);HP_I<(0.8);RATE(20)\nBUFF_I(4981,0,1);RATE(30)\nDISTANCE_ENEMY<(3000);RATE(50)\nDISTANCE_ENEMY<(3000);RATE(33)\nBUFF_I(4981,0,0);RATE(20)\nBUFF_I(4982,0,0);RATE(90)\nGO(0)	CHASE(7)\nCHASE(6)\nCHASE(5)\nCHASE(3)\nCHASE(4)\nCHASE(2)\nCHASE(1)\nCHASE(2)\nCHASE(3)\nCHASE(4)\nCHASE(1)
420	BUFF_I(4981,0,0);DISTANCE_ENEMY>(700);RATE(10)\nBUFF_I(4986,0,0);RATE(15)\nBUFF_I(4988,0,0);DISTANCE_ENEMY>(500);HP_I<(0.7);RATE(10)\nBUFF_I(4982,0,0);;RATE(15)\nBUFF_I(4984,0,0);HP_I<(0.5);RATE(50)\nHP_I<(0.5);RATE(7)\nDISTANCE_ENEMY<(500)\nBUFF_I(4980,0,0);RATE(50)\nGO(0)	CHASE(5)\nCHASE(3)\nCHASE(4)\nCHASE(6)\nCHASE(7)\nCHASE(3)\nCHASE(6)\nCHASE(2)\nCHASE(1)
421	HP_I<(0.5);BUFF_I(4989,0,0)\nBUFF_I(4981,0,0);DISTANCE_ENEMY>(700);RATE(10)\nBUFF_I(4986,0,0);RATE(15)\nBUFF_I(4988,0,0);DISTANCE_ENEMY>(500);HP_I<(0.7);RATE(10)\nBUFF_I(4982,0,0);DISTANCE_ENEMY<(700);RATE(15)\nBUFF_I(4984,0,0);HP_I<(0.5);RATE(50)\nHP_I<(0.5);RATE(7)\nRATE(50)\nGO(0)	CHASE(8)\nCHASE(5)\nCHASE(3)\nCHASE(4)\nCHASE(6)\nCHASE(7)\nCHASE(3)\nCHASE(2)\nCHASE(1)
430	DOONCE(0)\nGO(0)	CHASE(1)\nCHASE(2)
440	DOONCE(0)\nBUFF_I(4984,0,0);HP_I<(0.25)\nBUFF_I(3079,0,0);RATE(25)\nDISTANCE_ENEMY>(400);RATE(15)\nBUFF_I(3079,0,0);BUFF_I(4982,0,0);HP_I<(0.80);RATE(25)\nBUFF_I(4987,0,0);HP_I>(0.5);RATE(40)\nBUFF_I(4980,0,0);HP_I<(0.5);RATE(25)\nBUFF_I(4986,0,0);HP_I<(0.75);RATE(35)\nBUFF_I(3079,0,0)\nGO(0)	CHASE(1)\nCHASE(6)\nCHASE(2)\nCHASE(3)\nCHASE(7)\nCHASE(4)\nCHASE(4)\nCHASE(5)\nCHASE(2)\nCHASE(3)
450	BUFF_I(3061,0,1);RATE(30)\nBUFF_I(3061,0,1);DISTANCE_ENEMY>(300);RATE(20)\nBUFF_I(3061,0,1);RATE(20);DISTANCE_ENEMY>(1200)\nBUFF_I(3061,0,1);DISTANCE_ENEMY>(200);RATE(50)\nBUFF_I(3061,0,1);RATE(20)\nBUFF_I(3061,0,1);RATE(20)\nBUFF_I(4983,0,0);HP_I<(0.3)RATE(50)\nDISTANCE_ENEMY>(1500);BUFF_I(4982,0,0);RATE(50)\nBUFF_I(4988,0,0);HP_I<(0.6);RATE(20)\nBUFF_I(4981,0,0);DISTANCE_ENEMY>(300);HP_I<(0.8)RATE(25)\nBUFF_I(4980,0,0);RATE(30)\nBUFF_I(4982,0,0);HP_I<(0.8);RATE(15)\nBUFF_I(4988,0,0);HP_I<(0.3);RATE(50)\nGO(0)	CHASE(2)\nCHASE(3)\nCHASE(4)\nCHASE(6)\nCHASE(8)\nCHASE(5)\nCHASE(7)\nCHASE(4)\nCHASE(5)\nCHASE(3)\nCHASE(2)\nCHASE(4)\nCHASE(5)\nCHASE(1)
451	BUFF_I(3061,0,1);RATE(30)\nBUFF_I(3061,0,1);DISTANCE_ENEMY>(300);RATE(40)\nBUFF_I(3061,0,1);RATE(50);DISTANCE_ENEMY>(1200)\nBUFF_I(3061,0,1);DISTANCE_ENEMY>(200);RATE(70)\nBUFF_I(3061,0,1);RATE(30)\nBUFF_I(4983,0,0);HP_I<(0.8);RATE(50)\nBUFF_I(4982,0,0);RATE(50)\nBUFF_I(4988,0,0);RATE(20)\nBUFF_I(4981,0,0);DISTANCE_ENEMY>(300);HP_I<(0.8)RATE(25)\nBUFF_I(4980,0,0);RATE(30)\nBUFF_I(4988,0,0);HP_I<(0.3);RATE(50)\nGO(0)	CHASE(2)\nCHASE(3)\nCHASE(4)\nCHASE(6)\nCHASE(5)\nCHASE(7)\nCHASE(4)\nCHASE(5)\nCHASE(3)\nCHASE(2)\nCHASE(5)\nCHASE(1)
452	BUFF_I(3061,0,1);RATE(30)\nBUFF_I(3061,0,1);DISTANCE_ENEMY>(300);RATE(20)\nBUFF_I(3061,0,1);RATE(20);DISTANCE_ENEMY>(1200)\nBUFF_I(3061,0,1);DISTANCE_ENEMY>(200);RATE(20)\nBUFF_I(3061,0,1);RATE(30)\nBUFF_I(4983,0,0);HP_I<(0.3)RATE(50)\nDISTANCE_ENEMY>(1500);BUFF_I(4982,0,0);RATE(50)\nBUFF_I(4988,0,0);HP_I<(0.6);RATE(20)\nBUFF_I(4981,0,0);DISTANCE_ENEMY>(300);HP_I<(0.8)RATE(25)\nBUFF_I(4980,0,0);RATE(30);HP_I<(0.5)\nBUFF_I(4980,0,0);RATE(30)\nBUFF_I(4982,0,0);HP_I<(0.8);RATE(15)\nBUFF_I(4988,0,0);HP_I<(0.3);RATE(50)\nGO(0)	CHASE(2)\nCHASE(3)\nCHASE(4)\nCHASE(6)\nCHASE(5)\nCHASE(7)\nCHASE(4)\nCHASE(5)\nCHASE(3)\nCHASE(8)\nCHASE(2)\nCHASE(4)\nCHASE(5)\nCHASE(1)
460	RATE(50)\nGO(0)	CHASE(2)\nCHASE(1)
461	BUFF_I(4981,0,0);RATE(15);HP_I<(0.8)\nRATE(50)\nGO(0)	CHASE(3)\nCHASE(2)\nCHASE(1)
462	BUFF_I(4982,0,0);RATE(10);HP_I<(0.8)\nBUFF_I(4981,0,0);RATE(15);HP_I<(0.8)\nRATE(50)\nBUFF_I(4986,0,0);RATE(15);HP_I<(0.7)\nGO(0)	CHASE(5)\nCHASE(3)\nCHASE(2)\nCHASE(4)\nCHASE(1)
470	RATE(50)\nGO(0)	CHASE(2)\nCHASE(1)
471	BUFF_I(4981,0,0);RATE(15);HP_I<(0.8)\nRATE(50)\nGO(0)	CHASE(3)\nCHASE(2)\nCHASE(1)
472	DISTANCE_ENEMY>(400);BUFF_I(4988,0,0);RATE(35)\nHP_I<(0.6);DISTANCE_ENEMY<(500);RATE(25);BUFF_I(4983,0,0)\nBUFF_I(4982,0,0);DISTANCE_ENEMY>(400);RATE(50)\nBUFF_I(4982,0,0);RATE(20)\nBUFF_I(4986,0,0);RATE(20)\nBUFF_I(4981,0,0);RATE(35);HP_I<(0.8)\nBUFF_I(4981,0,0);RATE(25)\nBUFF_I(4985,0,0);RATE(25);HP_I<(0.4)\nRATE(50)\nGO(0)	CHASE(10)\nCHASE(9)\nCHASE(8)\nCHASE(4)\nCHASE(7)\nCHASE(6)\nCHASE(3)\nCHASE(5)\nCHASE(2)\nCHASE(1)
480	RATE(50)\nGO(0)	CHASE(2)\nCHASE(1)
481	BUFF_I(4981,0,0);RATE(15);HP_I<(0.8)\nRATE(50)\nGO(0)	CHASE(3)\nCHASE(2)\nCHASE(1)
482	BUFF_I(4981,0,0);RATE(15);HP_I<(0.8)\nBUFF_I(4982,0,0);RATE(15);HP_I<(0.8)\nRATE(50)\nGO(0)	CHASE(3)\nCHASE(4)\nCHASE(2)\nCHASE(1)
483	DISTANCE_ENEMY>(700);BUFF_I(8579,0,0);RATE(50)\nHP_I<(0.9);BUFF_I(4982,0,0);RATE(25)\nDISTANCE_ENEMY<(500);RATE(40)\nGO(0)	CHASE(4)\nCHASE(3)\nCHASE(1)\nCHASE(2)
484	DISTANCE_ENEMY>(600);RATE(50);BUFF_I(4980,0,0)\nRATE(60)\nDISTANCE_ENEMY<(500);RATE(10);BUFF_I(4981,0,0)\nDISTANCE_ENEMY<(500);RATE(10);BUFF_I(4981,0,0)\nGO(0)	CHASE(2)\nCHASE(1)\nCHASE(3)\nCHASE(4)\nCHASE(1)
485	HP_I>(0.7);RATE(30)\nBUFF_I(4984,0,0);BUFF_I(4981,0,0);HP_I<(0.7);RATE(30)\nHP_I<(0.5);RATE(10)\nDISTANCE_ENEMY>(400);BUFF_I(4980,0,0);RATE(50)\nBUFF_I(4983,0,0);HP_I<(0.8);RATE(20)\nBUFF_I(4981,0,0);HP_I<(0.6);RATE(20)\nHP_I<(0.5);RATE(15)\nGO(0)	CHASE(1)\nCHASE(5)\nCHASE(5)\nCHASE(2)\nCHASE(4)\nCHASE(3)\nCHASE(3)\nCHASE(1)
486	HP_ENEMY<(0.4);BUFF_I(4994,0,0)\nDISTANCE_ENEMY>(500);BUFF_I(4981,0,0);RATE(50)\nHP_I<(0.4);BUFF_I(4982,0,0)\nKD_ENEMY(1);DISTANCE_ENEMY<(500);RATE(65)\nBUFF_I(4980,0,0);RATE(25)\nDISTANCE_ENEMY>(700);BUFF_I(4987,0,0);RATE(66)\nBUFF_I(4986,0,0);RATE(50);HP_I<(0.4)\nGO(0)	CHASE(8)\nCHASE(1)\nCHASE(4)\nCHASE(2)\nCHASE(3)\nCHASE(5)\nCHASE(7)\nCHASE(6)
487	DISTANCE_ENEMY>(500);DISTANCE_ENEMY<(1700);BUFF_I(4986,0,0);RATE(75)\nDISTANCE_ENEMY>(300);BUFF_I(4981,0,0)\nKD_ENEMY(1);DISTANCE_ENEMY<(400);RATE(1)\nDISTANCE_ENEMY<(300);BUFF_I(4980,0,0);RATE(50)\nDISTANCE_ENEMY<(300);BUFF_I(4986,0,0);RATE(75)\nGO(0)	CHASE(4)\nCHASE(2)\nCHASE(3)\nCHASE(5)\nCHASE(6)\nCHASE(1)
488	BUFF_I(4980,0,0);HP_ALLY<(0.5);RATE(30)\nBUFF_I(4986,0,0);RATE(20);HP_I<(0.5)\nBUFF_I(4984,0,0);HP_ALLY<(0.25);RATE(20)\nBUFF_I(4981,0,0);RATE(50)\nBUFF_I(4987,0,0);RATE(20);HP_I<(0.8)\nGO(0)	CHASE(1)\nCHASE(2)\nCHASE(3)\nCHASE(4)\nCHASE(5)\nCHASE(6)
490	DISTANCE_ENEMY>(1200)\nKD_ENEMY(1);BUFF_I(4986,0,0)\nDISTANCE_ENEMY>(400);BUFF_I(4985,0,0);RATE(45);HP_I<(0.8)\nDISTANCE_ENEMY>(400);BUFF_I(4985,0,0);RATE(75);HP_I<(0.9)\nBUFF_I(4983,0,0);RATE(50);HP_I<(0.45)\nBUFF_I(4987,0,0);RATE(50);HP_I<(0.6)\nBUFF_I(4981,0,0);RATE(25);HP_I<(0.95)\nBUFF_I(4981,0,0);HP_I<(0.5)\nHP_I<(0.7);RATE(30)\nRATE(30)\nGO(0)	CHASE(7)\nCHASE(6)\nCHASE(7)\nCHASE(5)\nCHASE(9)\nCHASE(8)\nCHASE(3)\nCHASE(3)\nCHASE(4)\nCHASE(2)\nCHASE(1)
491	DISTANCE_ENEMY>(1200)\nKD_ENEMY(1);BUFF_I(4986,0,0)\nDISTANCE_ENEMY>(400);BUFF_I(4985,0,0);RATE(45);HP_I<(0.8)\nDISTANCE_ENEMY>(400);BUFF_I(4985,0,0);RATE(75);HP_I<(0.9)\nBUFF_I(4983,0,0);RATE(50);HP_I<(0.65)\nBUFF_I(4981,0,0);RATE(25);HP_I<(0.95)\nBUFF_I(4981,0,0);HP_I<(0.5)\nHP_I<(0.7);RATE(30)\nRATE(30)\nGO(0)	CHASE(7)\nCHASE(6)\nCHASE(7)\nCHASE(5)\nCHASE(9)\nCHASE(3)\nCHASE(3)\nCHASE(4)\nCHASE(2)\nCHASE(1)
500	BUFF_I(3083,0,0)\nGO(0)	CHASE(2)\nCHASE(1)
510	BUFF_I(4980,0,0);RATE(30)\nBUFF_I(4981,0,0);RATE(30)\nBUFF_I(4982,0,0);RATE(30)\nGO(0)	CHASE(2)\nCHASE(3)\nCHASE(4)\nCHASE(1)
520	BUFF_I(3089,0,1)\nBUFF_I(3089,0,0);BUFF_I(4981,0,0);RATE(30)\nBUFF_I(3089,0,0);BUFF_I(4980,0,0);RATE(50)\nBUFF_I(3089,0,0)	CHASE(4)\nCHASE(3)\nCHASE(2)\nCHASE(1)
530	RATE(30)\nHP_I<(0.7);BUFF_I(4981,0,0);RATE(30)\nHP_I<(0.7);BUFF_I(4982,0,0);RATE(30)\nGO(0)	CHASE(2)\nCHASE(3)\nCHASE(4)\nCHASE(1)
540	HP_I<(0.5);BUFF_I(4986,0,0);RATE(30)\nHP_I<(0.7);BUFF_I(4982,0,0);RATE(30)\nHP_I<(0.6);BUFF_I(4981,0,0);RATE(15)\nHP_I<(0.1);BUFF_I(4983,0,0);RATE(10)\nGO(0)	CHASE(2)\nCHASE(3)\nCHASE(4)\nCHASE(5)\nCHASE(1)
550	HP_I<(0.8);BUFF_I(4981,0,0);RATE(30);DISTANCE_ENEMY>(200)\nHP_I<(0.5);BUFF_I(4982,0,0);RATE(30)\nHP_I<(0.9);BUFF_I(4985,0,0);RATE(15)\nGO(0)	CHASE(2)\nCHASE(3)\nCHASE(4)\nCHASE(1)
1000	BUFF_I(10901,0,1)\nBUFF_I(10902,0,1);BUFF_I(4982,0,0);RATE(50)\nBUFF_I(10903,0,1);BUFF_I(4982,0,0);RATE(50)\nBUFF_I(10903,0,1);BUFF_I(4984,0,0);RATE(50)\nBUFF_I(10904,0,1);BUFF_I(4982,0,0);RATE(50)\nBUFF_I(10904,0,1);BUFF_I(4983,0,0);RATE(10)\nBUFF_I(10904,0,1);BUFF_I(4984,0,0);RATE(10)\nBUFF_I(10904,0,1);BUFF_I(4984,0,0);RATE(10)\nGO(0)	CHASE(1)\nCHASE(2)\nCHASE(2)\nCHASE(3)\nCHASE(2)\nCHASE(3)\nCHASE(4)\nCHASE(5)\nCHASE(1)
1001	BUFF_I(10901,0,1);DISTANCE_ENEMY<(250)\nBUFF_I(10901,0,1);BUFF_I(10912,0,1)\nBUFF_I(10902,0,1);BUFF_I(10913,0,1);DISTANCE_ENEMY<(550);BUFF_I(4982,0,0);RATE(50)\nBUFF_I(10902,0,1);DISTANCE_ENEMY<(250)\nBUFF_I(10902,0,1);BUFF_I(10912,0,1)\nBUFF_I(10903,0,1);BUFF_I(10914,0,1);BUFF_I(4984,0,0)\nBUFF_I(10903,0,1);BUFF_I(10913,0,1);DISTANCE_ENEMY<(550);BUFF_I(4982,0,0);RATE(50)\nBUFF_I(10903,0,1);DISTANCE_ENEMY<(250)\nBUFF_I(10903,0,1);BUFF_I(10912,0,1)\nBUFF_I(10904,0,1);BUFF_I(10915,0,1);DISTANCE_ENEMY>(400);BUFF_I(4983,0,0)\nBUFF_I(10904,0,1);BUFF_I(10913,0,1);DISTANCE_ENEMY<(550);BUFF_I(4982,0,0);RATE(50)\nBUFF_I(10904,0,1);BUFF_I(10914,0,1);BUFF_I(4984,0,0)\nBUFF_I(10904,0,1);DISTANCE_ENEMY<(250)\nBUFF_I(10912,0,1)	CHASE(1)\nCHASE(2)\nCHASE(3)\nCHASE(1)\nCHASE(2)\nCHASE(4)\nCHASE(3)\nCHASE(1)\nCHASE(2)\nCHASE(5)\nCHASE(3)\nCHASE(4)\nCHASE(1)\nCHASE(2)
1002	BUFF_I(10901,0,1)\nBUFF_I(10902,0,1);BUFF_I(4982,0,0);RATE(50)\nBUFF_I(10903,0,1);BUFF_I(4982,0,0);RATE(50)\nBUFF_I(10903,0,1);BUFF_I(4984,0,0);RATE(50)\nBUFF_I(10904,0,1);BUFF_I(4982,0,0);RATE(50)\nBUFF_I(10904,0,1);BUFF_I(4983,0,0);RATE(10)\nBUFF_I(10904,0,1);BUFF_I(4984,0,0);RATE(10)\nBUFF_I(10904,0,1);BUFF_I(4984,0,0);RATE(10)\nGO(0)	CHASE(1)\nCHASE(2)\nCHASE(2)\nCHASE(3)\nCHASE(2)\nCHASE(3)\nCHASE(4)\nCHASE(5)\nCHASE(1)
1003	BUFF_I(10901,0,1);DISTANCE_ENEMY<(250)\nBUFF_I(10901,0,1);BUFF_I(10912,0,1)\nBUFF_I(10902,0,1);BUFF_I(10913,0,1);BUFF_I(4980,0,0)\nBUFF_I(10902,0,1);DISTANCE_ENEMY<(250)\nBUFF_I(10902,0,1);BUFF_I(10912,0,1)\nBUFF_I(10903,0,1);BUFF_I(10914,0,1);BUFF_I(4984,0,0)\nBUFF_I(10903,0,1);BUFF_I(10913,0,1);BUFF_I(4980,0,0)\nBUFF_I(10903,0,1);DISTANCE_ENEMY<(250)\nBUFF_I(10903,0,1);BUFF_I(10912,0,1)\nBUFF_I(10904,0,1);BUFF_I(10915,0,1);DISTANCE_ENEMY>(400);BUFF_I(4983,0,0)\nBUFF_I(10904,0,1);BUFF_I(10913,0,1);BUFF_I(4980,0,0)\nBUFF_I(10904,0,1);BUFF_I(10914,0,1);BUFF_I(4984,0,0)\nBUFF_I(10904,0,1);DISTANCE_ENEMY<(250)\nBUFF_I(10912,0,1)	CHASE(1)\nCHASE(2)\nCHASE(3)\nCHASE(1)\nCHASE(2)\nCHASE(4)\nCHASE(3)\nCHASE(1)\nCHASE(2)\nCHASE(5)\nCHASE(3)\nCHASE(4)\nCHASE(1)\nCHASE(2)
1004	BUFF_I(10901,0,1);DISTANCE_ENEMY>(500);BUFF_I(4980,0,0);RATE(50)\nBUFF_I(10901,0,1)\nBUFF_I(10902,0,1);DISTANCE_ENEMY>(500);BUFF_I(4980,0,0);RATE(50)\nBUFF_I(10902,0,1);DISTANCE_ENEMY<(700);RATE(50)\nBUFF_I(10902,0,1);DISTANCE_ENEMY<(700);BUFF_I(4982,0,0);RATE(50)\nBUFF_I(10903,0,1);DISTANCE_ENEMY>(500);BUFF_I(4980,0,0);RATE(50)\nBUFF_I(10903,0,1);DISTANCE_ENEMY<(700);RATE(50)\nBUFF_I(10903,0,1);DISTANCE_ENEMY<(700);BUFF_I(4982,0,0);RATE(50)\nBUFF_I(10904,0,1);DISTANCE_ENEMY<(700);BUFF_I(4982,0,0);RATE(50)\nBUFF_I(10904,0,1);DISTANCE_ENEMY<(700);RATE(50)\nBUFF_I(10904,0,1);DISTANCE_ENEMY<(700);BUFF_I(4982,0,0);RATE(50)\nBUFF_I(10904,0,1);DISTANCE_ENEMY<(700);BUFF_I(4990,0,0);RATE(50)\nGO(0)	CHASE(2)\nCHASE(1)\nCHASE(2)\nCHASE(1)\nCHASE(3)\nCHASE(2)\nCHASE(1)\nCHASE(4)\nCHASE(2)\nCHASE(1)\nCHASE(4)\nCHASE(5)\nCHASE(1)
1005	BUFF_I(10901,0,1)\nBUFF_I(10902,0,1);DISTANCE_ENEMY>(400);RATE(20)\nBUFF_I(10902,0,1)\nBUFF_I(10903,0,1);DISTANCE_ENEMY>(400)\nBUFF_I(10903,0,1)\nBUFF_I(10904,0,1);BUFF_I(4981,0,0);RATE(30)\nBUFF_I(10904,0,1);DISTANCE_ENEMY>(400)\nBUFF_I(10904,0,1)\nGO(0)	CHASE(1)\nCHASE(2)\nCHASE(1)\nCHASE(2)\nCHASE(1)\nCHASE(3)\nCHASE(2)\nCHASE(1)\nCHASE(1)
1006	BUFF_I(10901,0,1);DISTANCE_ENEMY<(250);RATE(70)\nBUFF_I(10901,0,1);BUFF_I(10912,0,1)\nBUFF_I(10902,0,1);BUFF_I(10913,0,1);DISTANCE_ENEMY<(250);BUFF_I(4982,0,0);RATE(20)\nBUFF_I(10902,0,1);DISTANCE_ENEMY<(250);RATE(40)\nBUFF_I(10902,0,1);BUFF_I(10912,0,1)\nBUFF_I(10903,0,1);BUFF_I(10914,0,1);DISTANCE_ENEMY>(450);BUFF_I(4987,0,0);RATE(20)\nBUFF_I(10903,0,1);BUFF_I(10913,0,1);DISTANCE_ENEMY<(250);BUFF_I(4981,0,0);RATE(20)\nBUFF_I(10903,0,1);BUFF_I(10912,0,1);DISTANCE_ENEMY<(250);RATE(40)\nBUFF_I(10903,0,1)\nBUFF_I(10904,0,1);BUFF_I(10914,0,1);DISTANCE_ENEMY>(450);BUFF_I(4987,0,0)\nBUFF_I(10904,0,1);BUFF_I(10913,0,1);DISTANCE_ENEMY<(250);BUFF_I(4982,0,0)\nBUFF_I(10904,0,1);DISTANCE_ENEMY<(250);RATE(40)\nBUFF_I(10904,0,1);BUFF_I(10915,0,1);DISTANCE_ENEMY>(300);BUFF_I(4983,0,0)\nBUFF_I(10904,0,1);BUFF_I(10912,0,1)\nGO(0)	CHASE(1)\nCHASE(2)\nCHASE(3)\nCHASE(1)\nCHASE(2)\nCHASE(4)\nCHASE(3)\nCHASE(2)\nCHASE(1)\nCHASE(4)\nCHASE(3)\nCHASE(1)\nCHASE(5)\nCHASE(2)\nCHASE(1)
1007	BUFF_I(10901,0,1)\nBUFF_I(10902,0,1);RATE(5)\nBUFF_I(10902,0,1)\nBUFF_I(10903,0,1);BUFF_I(4988,0,0);RATE(15)\nBUFF_I(10903,0,1);RATE(5)\nBUFF_I(10903,0,1)\nBUFF_I(10904,0,1);BUFF_I(4984,0,0);RATE(10)\nBUFF_I(10904,0,1);BUFF_I(4988,0,0);RATE(15)\nBUFF_I(10904,0,1);RATE(5)\nBUFF_I(10904,0,1)\nGO(0)	CHASE(1)\nCHASE(2)\nCHASE(1)\nCHASE(3)\nCHASE(2)\nCHASE(1)\nCHASE(4)\nCHASE(3)\nCHASE(2)\nCHASE(1)\nCHASE(1)
1008	BUFF_I(10901,0,1);DISTANCE_ENEMY>(500);BUFF_I(4980,0,0);RATE(50)\nBUFF_I(10901,0,1)\nBUFF_I(10902,0,1);DISTANCE_ENEMY>(500);BUFF_I(4980,0,0);RATE(50)\nBUFF_I(10902,0,1);DISTANCE_ENEMY<(700);RATE(50)\nBUFF_I(10902,0,1);DISTANCE_ENEMY<(700);BUFF_I(4982,0,0);RATE(50)\nBUFF_I(10903,0,1);DISTANCE_ENEMY>(500);BUFF_I(4980,0,0);RATE(50)\nBUFF_I(10903,0,1);DISTANCE_ENEMY<(700);RATE(50)\nBUFF_I(10903,0,1);DISTANCE_ENEMY<(700);BUFF_I(4982,0,0);RATE(50)\nBUFF_I(10904,0,1);DISTANCE_ENEMY<(700);BUFF_I(4982,0,0);RATE(50)\nBUFF_I(10904,0,1);DISTANCE_ENEMY<(700);RATE(50)\nBUFF_I(10904,0,1);DISTANCE_ENEMY<(700);BUFF_I(4982,0,0);RATE(50)\nBUFF_I(10904,0,1);DISTANCE_ENEMY<(700);BUFF_I(4990,0,0);RATE(50)\nGO(0)	CHASE(2)\nCHASE(1)\nCHASE(2)\nCHASE(1)\nCHASE(3)\nCHASE(2)\nCHASE(1)\nCHASE(4)\nCHASE(2)\nCHASE(1)\nCHASE(4)\nCHASE(5)\nCHASE(1)
1009	BUFF_I(10901,0,1)\nBUFF_I(10902,0,1);DISTANCE_ENEMY>(300);RATE(50)\nBUFF_I(10902,0,1)\nBUFF_I(10903,0,1);KD_ENEMY(1);RATE(50)\nBUFF_I(10903,0,1);BUFF_I(4980,0,0);DISTANCE_ENEMY>(300);RATE(50)\nBUFF_I(10903,0,1)\nBUFF_I(10904,0,1);KD_ENEMY(1)\nBUFF_I(10904,0,1);BUFF_I(4980,0,0);DISTANCE_ENEMY>(300);RATE(30)\nBUFF_I(10904,0,1);RATE(70)\nBUFF_I(10904,0,1);BUFF_I(4984,0,0)\nGO(0)	CHASE(1)\nCHASE(2)\nCHASE(1)\nCHASE(3)\nCHASE(2)\nCHASE(1)\nCHASE(3)\nCHASE(2)\nCHASE(1)\nCHASE(4)\nCHASE(1)
1010	BUFF_I(10901,0,1)\nBUFF_I(10902,0,1);DISTANCE_ENEMY>(400);RATE(20)\nBUFF_I(10902,0,1)\nBUFF_I(10903,0,1);DISTANCE_ENEMY>(400)\nBUFF_I(10903,0,1)\nBUFF_I(10904,0,1);BUFF_I(4981,0,0);RATE(30)\nBUFF_I(10904,0,1);DISTANCE_ENEMY>(400)\nBUFF_I(10904,0,1)\nGO(0)	CHASE(1)\nCHASE(2)\nCHASE(1)\nCHASE(2)\nCHASE(1)\nCHASE(3)\nCHASE(2)\nCHASE(1)\nCHASE(1)
1011	BUFF_I(10901,0,1)\nBUFF_I(10902,0,1);DISTANCE_ENEMY>(400);BUFF_I(4980,0,0)\nBUFF_I(10902,0,1)\nBUFF_I(10903,0,1);DISTANCE_ENEMY<(500);BUFF_I(4981,0,0);RATE(20)\nBUFF_I(10903,0,1);DISTANCE_ENEMY>(400);BUFF_I(4980,0,0)\nBUFF_I(10903,0,1)\nBUFF_I(10904,0,1);BUFF_I(4983,0,0);RATE(30)\nBUFF_I(10904,0,1);DISTANCE_ENEMY<(500);BUFF_I(4981,0,0);RATE(30)\nBUFF_I(10904,0,1);DISTANCE_ENEMY>(400);RATE(20)\nBUFF_I(10904,0,1)\nGO(0)	CHASE(1)\nCHASE(2)\nCHASE(1)\nCHASE(3)\nCHASE(2)\nCHASE(1)\nCHASE(4)\nCHASE(3)\nCHASE(2)\nCHASE(1)\nCHASE(1)
1012	BUFF_I(10901,0,1)\nBUFF_I(10902,0,1);KD_ENEMY(1);DISTANCE_ENEMY<(300)\nBUFF_I(10902,0,1);BUFF_I(4982,0,0);RATE(10)\nBUFF_I(10902,0,1)\nBUFF_I(10903,0,1);KD_ENEMY(1);DISTANCE_ENEMY<(300)\nBUFF_I(10903,0,1);BUFF_I(4987,0,0);DISTANCE_ENEMY>(300);RATE(10)\nBUFF_I(10903,0,1);BUFF_I(4982,0,0);RATE(15)\nBUFF_I(10903,0,1)\nBUFF_I(10904,0,1);HP_ALLY<(0.4);BUFF_I(4983,0,0);RATE(20)\nBUFF_I(10904,0,1);KD_ENEMY(1);DISTANCE_ENEMY<(300)\nBUFF_I(10904,0,1);BUFF_I(4987,0,0);DISTANCE_ENEMY>(300);RATE(10)\nBUFF_I(10904,0,1);BUFF_I(4982,0,0);RATE(20)\nBUFF_I(10904,0,1)\nGO(0)	CHASE(1)\nCHASE(2)\nCHASE(3)\nCHASE(1)\nCHASE(2)\nCHASE(4)\nCHASE(3)\nCHASE(1)\nCHASE(5)\nCHASE(2)\nCHASE(4)\nCHASE(3)\nCHASE(1)\nCHASE(1)
1013	BUFF_I(10901,0,1);DISTANCE_ENEMY>(300);RATE(60)\nBUFF_I(10901,0,1)\nBUFF_I(10902,0,1);BUFF_I(4982,0,0);DISTANCE_ENEMY<(400);RATE(10)\nBUFF_I(10902,0,1);DISTANCE_ENEMY>(300);RATE(60)\nBUFF_I(10902,0,1)\nBUFF_I(10903,0,1);BUFF_I(4982,0,0);DISTANCE_ENEMY<(400);RATE(10)\nBUFF_I(10903,0,1);BUFF_I(4981,0,0);DISTANCE_ENEMY>(300);RATE(10)\nBUFF_I(10903,0,1);DISTANCE_ENEMY>(300);RATE(75)\nBUFF_I(10903,0,1)\nBUFF_I(10904,0,1);BUFF_I(4984,0,0);HP_ALLY<(0.4);RATE(20)\nBUFF_I(10904,0,1);BUFF_I(4982,0,0);DISTANCE_ENEMY<(400);RATE(10)\nBUFF_I(10904,0,1);BUFF_I(4981,0,0);DISTANCE_ENEMY>(300);RATE(10)\nBUFF_I(10904,0,1);DISTANCE_ENEMY>(300);RATE(85)\nBUFF_I(10904,0,1)\nGO(0)	CHASE(2)\nCHASE(1)\nCHASE(2)\nCHASE(3)\nCHASE(1)\nCHASE(3)\nCHASE(4)\nCHASE(2)\nCHASE(1)\nCHASE(5)\nCHASE(3)\nCHASE(4)\nCHASE(2)\nCHASE(1)\nCHASE(2)
1014	BUFF_I(10901,0,1)\nBUFF_I(10902,0,1);BUFF_I(4980,0,0);RATE(15)\nBUFF_I(10902,0,1)\nBUFF_I(10903,0,1);BUFF_I(4980,0,0);RATE(15)\nBUFF_I(10903,0,1);BUFF_I(4982,0,0);RATE(15)\nBUFF_I(10903,0,1)\nBUFF_I(10904,0,1);BUFF_I(4983,0,0);RATE(10)\nBUFF_I(10904,0,1);BUFF_I(4980,0,0);RATE(20)\nBUFF_I(10904,0,1);BUFF_I(4982,0,0);RATE(15)\nBUFF_I(10904,0,1)\nGO(0)	CHASE(1)\nCHASE(2)\nCHASE(1)\nCHASE(3)\nCHASE(4)\nCHASE(1)\nCHASE(5)\nCHASE(3)\nCHASE(4)\nCHASE(1)\nCHASE(1)
1015	BUFF_I(10901,0,1)\nBUFF_I(10902,0,1);DISTANCE_ENEMY>(300);RATE(50)\nBUFF_I(10902,0,1)\nBUFF_I(10903,0,1);KD_ENEMY(1);RATE(50)\nBUFF_I(10903,0,1);BUFF_I(4980,0,0);DISTANCE_ENEMY>(300);RATE(50)\nBUFF_I(10903,0,1)\nBUFF_I(10904,0,1);KD_ENEMY(1)\nBUFF_I(10904,0,1);BUFF_I(4980,0,0);DISTANCE_ENEMY>(300);RATE(30)\nBUFF_I(10904,0,1);RATE(70)\nBUFF_I(10904,0,1);BUFF_I(4984,0,0);HP_ALLY<(0.5)\nGO(0)	CHASE(1)\nCHASE(2)\nCHASE(1)\nCHASE(3)\nCHASE(2)\nCHASE(1)\nCHASE(3)\nCHASE(2)\nCHASE(1)\nCHASE(4)\nCHASE(1)
1016	BUFF_I(10901,0,1)\nBUFF_I(10902,0,1);DISTANCE_ENEMY>(400);RATE(20)\nBUFF_I(10902,0,1)\nBUFF_I(10903,0,1);DISTANCE_ENEMY>(400)\nBUFF_I(10903,0,1)\nBUFF_I(10904,0,1);BUFF_I(4981,0,0);RATE(30)\nBUFF_I(10904,0,1);DISTANCE_ENEMY>(400)\nBUFF_I(10904,0,1)\nGO(0)	CHASE(1)\nCHASE(2)\nCHASE(1)\nCHASE(2)\nCHASE(1)\nCHASE(3)\nCHASE(2)\nCHASE(1)\nCHASE(1)
1017	BUFF_I(10901,0,1)\nBUFF_I(10902,0,1);DISTANCE_ENEMY>(400);BUFF_I(4980,0,0)\nBUFF_I(10902,0,1)\nBUFF_I(10903,0,1);DISTANCE_ENEMY<(500);BUFF_I(4981,0,0);RATE(20)\nBUFF_I(10903,0,1);DISTANCE_ENEMY>(400);BUFF_I(4980,0,0)\nBUFF_I(10903,0,1)\nBUFF_I(10904,0,1);BUFF_I(4983,0,0);RATE(30)\nBUFF_I(10904,0,1);DISTANCE_ENEMY<(500);BUFF_I(4981,0,0);RATE(30)\nBUFF_I(10904,0,1);DISTANCE_ENEMY>(400);RATE(20)\nBUFF_I(10904,0,1)\nGO(0)	CHASE(1)\nCHASE(2)\nCHASE(1)\nCHASE(3)\nCHASE(2)\nCHASE(1)\nCHASE(4)\nCHASE(3)\nCHASE(2)\nCHASE(1)\nCHASE(1)
1018	BUFF_I(10901,0,1)\nBUFF_I(10902,0,1);KD_ENEMY(1);DISTANCE_ENEMY<(300)\nBUFF_I(10902,0,1);BUFF_I(4982,0,0);RATE(10)\nBUFF_I(10902,0,1)\nBUFF_I(10903,0,1);KD_ENEMY(1);DISTANCE_ENEMY<(300)\nBUFF_I(10903,0,1);BUFF_I(4987,0,0);DISTANCE_ENEMY>(300);RATE(15)\nBUFF_I(10903,0,1);BUFF_I(4982,0,0);RATE(10)\nBUFF_I(10903,0,1)\nBUFF_I(10904,0,1);HP_ALLY<(0.6);BUFF_I(4983,0,0);RATE(10)\nBUFF_I(10904,0,1);KD_ENEMY(1);DISTANCE_ENEMY<(300)\nBUFF_I(10904,0,1);BUFF_I(4987,0,0);DISTANCE_ENEMY>(300);RATE(20)\nBUFF_I(10904,0,1);BUFF_I(4982,0,0);RATE(10)\nBUFF_I(10904,0,1)\nGO(0)	CHASE(1)\nCHASE(2)\nCHASE(3)\nCHASE(1)\nCHASE(2)\nCHASE(4)\nCHASE(3)\nCHASE(1)\nCHASE(5)\nCHASE(2)\nCHASE(4)\nCHASE(3)\nCHASE(1)\nCHASE(1)
1019	BUFF_I(10901,0,1);DISTANCE_ENEMY>(300);RATE(60)\nBUFF_I(10901,0,1)\nBUFF_I(10902,0,1);BUFF_I(4982,0,0);DISTANCE_ENEMY<(400);RATE(10)\nBUFF_I(10902,0,1);DISTANCE_ENEMY>(300);RATE(60)\nBUFF_I(10902,0,1)\nBUFF_I(10903,0,1);BUFF_I(4982,0,0);DISTANCE_ENEMY<(400);RATE(10)\nBUFF_I(10903,0,1);BUFF_I(4981,0,0);DISTANCE_ENEMY>(300);RATE(10)\nBUFF_I(10903,0,1);DISTANCE_ENEMY>(300);RATE(75)\nBUFF_I(10903,0,1)\nBUFF_I(10904,0,1);BUFF_I(4984,0,0);HP_ALLY<(0.4);RATE(20)\nBUFF_I(10904,0,1);BUFF_I(4982,0,0);DISTANCE_ENEMY<(400);RATE(10)\nBUFF_I(10904,0,1);BUFF_I(4981,0,0);DISTANCE_ENEMY>(300);RATE(10)\nBUFF_I(10904,0,1);DISTANCE_ENEMY>(300);RATE(85)\nBUFF_I(10904,0,1)\nGO(0)	CHASE(2)\nCHASE(1)\nCHASE(2)\nCHASE(3)\nCHASE(1)\nCHASE(3)\nCHASE(4)\nCHASE(2)\nCHASE(1)\nCHASE(5)\nCHASE(3)\nCHASE(4)\nCHASE(2)\nCHASE(1)\nCHASE(2)
1020	BUFF_I(10901,0,1);RATE(50)\nBUFF_I(10901,0,1);BUFF_I(10912,0,1);BUFF_I(4982,0,0);RATE(75)\nBUFF_I(10902,0,1);BUFF_I(10913,0,1);BUFF_I(4980,0,0);DISTANCE_ENEMY>(600)\nBUFF_I(10902,0,1);BUFF_I(10912,0,1);BUFF_I(4982,0,0);RATE(75)\nBUFF_I(10902,0,1)\nBUFF_I(10903,0,1);BUFF_I(10913,0,1);BUFF_I(4980,0,0);DISTANCE_ENEMY>(600)\nBUFF_I(10903,0,1);BUFF_I(10914,0,1);RATE(33)\nBUFF_I(10903,0,1);BUFF_I(10912,0,1);BUFF_I(4982,0,0)\nBUFF_I(10903,0,1)\nBUFF_I(10904,0,1);BUFF_I(10913,0,1);BUFF_I(4980,0,0);DISTANCE_ENEMY>(600)\nBUFF_I(10904,0,1);BUFF_I(10915,0,1);BUFF_I(4983,0,0);DISTANCE_ENEMY>(400)\nBUFF_I(10904,0,1);BUFF_I(10914,0,1);RATE(50)\nBUFF_I(10904,0,1);BUFF_I(10912,0,1);BUFF_I(4982,0,0)\nGO(0)	CHASE(1)\nCHASE(2)\nCHASE(3)\nCHASE(2)\nCHASE(1)\nCHASE(3)\nCHASE(4)\nCHASE(2)\nCHASE(1)\nCHASE(3)\nCHASE(5)\nCHASE(4)\nCHASE(2)\nCHASE(1)
1021	BUFF_I(10901,0,1);DISTANCE_ENEMY<(250);RATE(40)\nBUFF_I(10901,0,1)\nBUFF_I(10902,0,1);DISTANCE_ENEMY<(250);BUFF_I(4981,0,0);RATE(20)\nBUFF_I(10902,0,1);DISTANCE_ENEMY<(250);RATE(40)\nBUFF_I(10902,0,1)\nBUFF_I(10903,0,1);DISTANCE_ENEMY>(400);BUFF_I(4982,0,0);RATE(20)\nBUFF_I(10903,0,1);DISTANCE_ENEMY<(250);BUFF_I(4981,0,0);RATE(20)\nBUFF_I(10903,0,1);DISTANCE_ENEMY<(250);RATE(40)\nBUFF_I(10903,0,1)\nBUFF_I(10904,0,1);DISTANCE_ENEMY>(400);BUFF_I(4982,0,0);RATE(10)\nBUFF_I(10904,0,1);DISTANCE_ENEMY<(250);BUFF_I(4981,0,0);RATE(20)\nBUFF_I(10904,0,1);DISTANCE_ENEMY<(250);RATE(40)\nBUFF_I(10904,0,1);DISTANCE_ENEMY>(300);BUFF_I(4983,0,0);RATE(25)\nBUFF_I(10904,0,1)\nGO(0)	CHASE(2)\nCHASE(1)\nCHASE(3)\nCHASE(2)\nCHASE(1)\nCHASE(4)\nCHASE(3)\nCHASE(2)\nCHASE(1)\nCHASE(4)\nCHASE(3)\nCHASE(2)\nCHASE(5)\nCHASE(1)\nCHASE(1)
1022	BUFF_I(10901,0,1)\nBUFF_I(10902,0,1);RATE(5)\nBUFF_I(10902,0,1)\nBUFF_I(10903,0,1);BUFF_I(4988,0,0);RATE(15)\nBUFF_I(10903,0,1);RATE(5)\nBUFF_I(10903,0,1)\nBUFF_I(10904,0,1);BUFF_I(4984,0,0);RATE(10)\nBUFF_I(10904,0,1);BUFF_I(4988,0,0);RATE(15)\nBUFF_I(10904,0,1);RATE(5)\nBUFF_I(10904,0,1)\nGO(0)	CHASE(1)\nCHASE(2)\nCHASE(1)\nCHASE(3)\nCHASE(2)\nCHASE(1)\nCHASE(4)\nCHASE(3)\nCHASE(2)\nCHASE(1)\nCHASE(1)
1023	BUFF_I(10901,0,1);RATE(70)\nBUFF_I(10901,0,1);BUFF_I(10912,0,1);BUFF_I(4982,0,0)\nBUFF_I(10902,0,1);RATE(30)\nBUFF_I(10902,0,1);BUFF_I(10912,0,1);BUFF_I(4982,0,0);RATE(30)\nBUFF_I(10902,0,1);BUFF_I(10913,0,1);BUFF_I(4980,0,0);DISTANCE_ENEMY>(650)\nBUFF_I(10903,0,1);BUFF_I(10913,0,1);BUFF_I(4980,0,0);DISTANCE_ENEMY>(650)\nBUFF_I(10903,0,1);RATE(30)\nBUFF_I(10903,0,1);BUFF_I(10912,0,1);RATE(30)\nBUFF_I(10903,0,1);BUFF_I(10915,0,1);BUFF_I(4985,0,0);DISTANCE_ENEMY<(650)\nBUFF_I(10904,0,1);BUFF_I(10913,0,1);BUFF_I(4980,0,0);DISTANCE_ENEMY>(650)\nBUFF_I(10904,0,1);BUFF_I(10914,0,1);BUFF_I(4982,0,0)\nBUFF_I(10904,0,1);BUFF_I(10915,0,1);BUFF_I(4985,0,0)\nBUFF_I(10904,0,1);RATE(30)\nGO(0)	CHASE(1)\nCHASE(2)\nCHASE(1)\nCHASE(2)\nCHASE(3)\nCHASE(3)\nCHASE(1)\nCHASE(2)\nCHASE(5)\nCHASE(3)\nCHASE(4)\nCHASE(5)\nCHASE(1)\nCHASE(1)
1024	BUFF_I(10901,0,1)\nBUFF_I(10902,0,1);BUFF_I(4980,0,0);RATE(10)\nBUFF_I(10902,0,1)\nBUFF_I(10903,0,1);BUFF_I(4980,0,0);RATE(20)\nBUFF_I(10903,0,1);BUFF_I(4982,0,0);RATE(10)\nBUFF_I(10903,0,1)\nBUFF_I(10904,0,1);BUFF_I(4980,0,0)\nBUFF_I(10904,0,1);BUFF_I(4982,0,0);RATE(35)\nBUFF_I(10904,0,1);RATE(40)\nBUFF_I(10904,0,1);RATE(15)\nGO(0)	CHASE(1)\nCHASE(2)\nCHASE(1)\nCHASE(2)\nCHASE(3)\nCHASE(1)\nCHASE(2)\nCHASE(3)\nCHASE(1)\nCHASE(3)\nCHASE(1)
1025	BUFF_I(10901,0,1);DISTANCE_ENEMY>(500);BUFF_I(4980,0,0);RATE(50)\nBUFF_I(10901,0,1)\nBUFF_I(10902,0,1);DISTANCE_ENEMY>(500);BUFF_I(4980,0,0);RATE(50)\nBUFF_I(10902,0,1);DISTANCE_ENEMY<(700);RATE(50)\nBUFF_I(10902,0,1);DISTANCE_ENEMY<(700);BUFF_I(4981,0,0);RATE(50)\nBUFF_I(10903,0,1);DISTANCE_ENEMY>(500);BUFF_I(4980,0,0);RATE(50)\nBUFF_I(10903,0,1);DISTANCE_ENEMY<(700);RATE(50)\nBUFF_I(10903,0,1);DISTANCE_ENEMY<(700);BUFF_I(4981,0,0);RATE(50)\nBUFF_I(10904,0,1);DISTANCE_ENEMY<(700);BUFF_I(4980,0,0);RATE(50)\nBUFF_I(10904,0,1);DISTANCE_ENEMY<(700);RATE(50)\nBUFF_I(10904,0,1);DISTANCE_ENEMY<(700);BUFF_I(4981,0,0);RATE(50)\nBUFF_I(10904,0,1);DISTANCE_ENEMY<(700);BUFF_I(4990,0,0);RATE(50)\nGO(0)	CHASE(2)\nCHASE(1)\nCHASE(2)\nCHASE(1)\nCHASE(3)\nCHASE(2)\nCHASE(1)\nCHASE(4)\nCHASE(2)\nCHASE(1)\nCHASE(4)\nCHASE(5)\nCHASE(1)
1026	BUFF_I(10901,0,1);DISTANCE_ENEMY<(250);RATE(40)\nBUFF_I(10901,0,1)\nBUFF_I(10902,0,1);DISTANCE_ENEMY<(250);BUFF_I(4981,0,0);RATE(20)\nBUFF_I(10902,0,1);DISTANCE_ENEMY<(250);RATE(40)\nBUFF_I(10902,0,1)\nBUFF_I(10903,0,1);DISTANCE_ENEMY>(400);BUFF_I(4982,0,0);RATE(20)\nBUFF_I(10903,0,1);DISTANCE_ENEMY<(250);BUFF_I(4981,0,0);RATE(20)\nBUFF_I(10903,0,1);DISTANCE_ENEMY<(250);RATE(40)\nBUFF_I(10903,0,1)\nBUFF_I(10904,0,1);DISTANCE_ENEMY>(400);BUFF_I(4982,0,0);RATE(10)\nBUFF_I(10904,0,1);DISTANCE_ENEMY<(250);BUFF_I(4981,0,0);RATE(20)\nBUFF_I(10904,0,1);DISTANCE_ENEMY<(250);RATE(40)\nBUFF_I(10904,0,1);DISTANCE_ENEMY>(300);BUFF_I(4983,0,0);RATE(25)\nBUFF_I(10904,0,1)\nGO(0)	CHASE(2)\nCHASE(1)\nCHASE(3)\nCHASE(2)\nCHASE(1)\nCHASE(4)\nCHASE(3)\nCHASE(2)\nCHASE(1)\nCHASE(4)\nCHASE(3)\nCHASE(2)\nCHASE(5)\nCHASE(1)\nCHASE(1)
1027	BUFF_I(10901,0,1);DISTANCE_ENEMY>(500);BUFF_I(4980,0,0);RATE(50)\nBUFF_I(10901,0,1)\nBUFF_I(10902,0,1);DISTANCE_ENEMY>(500);BUFF_I(4980,0,0);RATE(50)\nBUFF_I(10902,0,1);DISTANCE_ENEMY<(700);RATE(50)\nBUFF_I(10902,0,1);DISTANCE_ENEMY<(700);BUFF_I(4982,0,0);RATE(50)\nBUFF_I(10903,0,1);DISTANCE_ENEMY>(500);BUFF_I(4980,0,0);RATE(50)\nBUFF_I(10903,0,1);DISTANCE_ENEMY<(700);RATE(50)\nBUFF_I(10903,0,1);DISTANCE_ENEMY<(700);BUFF_I(4982,0,0);RATE(50)\nBUFF_I(10904,0,1);DISTANCE_ENEMY<(700);BUFF_I(4982,0,0);RATE(50)\nBUFF_I(10904,0,1);DISTANCE_ENEMY<(700);RATE(50)\nBUFF_I(10904,0,1);DISTANCE_ENEMY<(700);BUFF_I(4982,0,0);RATE(50)\nBUFF_I(10904,0,1);DISTANCE_ENEMY<(700);BUFF_I(4990,0,0);RATE(50)\nGO(0)	CHASE(2)\nCHASE(1)\nCHASE(2)\nCHASE(1)\nCHASE(3)\nCHASE(2)\nCHASE(1)\nCHASE(4)\nCHASE(2)\nCHASE(1)\nCHASE(4)\nCHASE(5)\nCHASE(1)
1028	BUFF_I(10901,0,1)\nBUFF_I(10902,0,1);DISTANCE_ENEMY>(400);RATE(20)\nBUFF_I(10902,0,1)\nBUFF_I(10903,0,1);DISTANCE_ENEMY>(400)\nBUFF_I(10903,0,1)\nBUFF_I(10904,0,1);BUFF_I(4981,0,0);RATE(30)\nBUFF_I(10904,0,1);DISTANCE_ENEMY>(400)\nBUFF_I(10904,0,1)\nGO(0)	CHASE(1)\nCHASE(2)\nCHASE(1)\nCHASE(2)\nCHASE(1)\nCHASE(3)\nCHASE(2)\nCHASE(1)\nCHASE(1)
1029	BUFF_I(10901,0,1);BUFF_I(10912,0,1);KD_ENEMY(1,302);DISTANCE_ENEMY<(350)\nBUFF_I(10901,0,1);BUFF_I(10912,0,1);KD_ENEMY(1,304);DISTANCE_ENEMY<(350)\nBUFF_I(10901,0,1)\nBUFF_I(10902,0,1);BUFF_I(10913,0,1);BUFF_I(4981,0,0);HP_ALLY<(0.6)\nBUFF_I(10902,0,1)\nBUFF_I(10902,0,1);BUFF_I(10912,0,1);KD_ENEMY(1,302);DISTANCE_ENEMY<(350)\nBUFF_I(10902,0,1);BUFF_I(10912,0,1);KD_ENEMY(1,304);DISTANCE_ENEMY<(350)\nBUFF_I(10903,0,1);BUFF_I(10914,0,1);BUFF_I(4980,0,0);DISTANCE_ENEMY>(400);RATE(35)\nBUFF_I(10903,0,1);BUFF_I(10913,0,1);BUFF_I(4981,0,0);HP_ALLY<(0.6)\nBUFF_I(10903,0,1);BUFF_I(10912,0,1);KD_ENEMY(1,302);DISTANCE_ENEMY<(350)\nBUFF_I(10903,0,1);BUFF_I(10912,0,1);KD_ENEMY(1,304);DISTANCE_ENEMY<(350)\nBUFF_I(10903,0,1)\nBUFF_I(10904,0,1);BUFF_I(10915,0,1);BUFF_I(4982,0,0)\nBUFF_I(10904,0,1);BUFF_I(10914,0,1);BUFF_I(4980,0,0);DISTANCE_ENEMY>(400)\nBUFF_I(10904,0,1);BUFF_I(10913,0,1);BUFF_I(4981,0,0);HP_ALLY<(0.6)\nBUFF_I(10904,0,1);BUFF_I(10912,0,1);KD_ENEMY(1,302);DISTANCE_ENEMY<(350)\nBUFF_I(10904,0,1);BUFF_I(10912,0,1);KD_ENEMY(1,304);DISTANCE_ENEMY<(350)\nGO(0)	CHASE(2)\nCHASE(2)\nCHASE(1)\nCHASE(3)\nCHASE(1)\nCHASE(2)\nCHASE(2)\nCHASE(4)\nCHASE(3)\nCHASE(2)\nCHASE(2)\nCHASE(1)\nCHASE(5)\nCHASE(4)\nCHASE(3)\nCHASE(2)\nCHASE(2)\nCHASE(1)
1030	BUFF_I(10901,0,1)\nBUFF_I(10902,0,1);BUFF_I(10912,0,1);RATE(5)\nBUFF_I(10902,0,1)\nBUFF_I(10903,0,1);BUFF_I(4988,0,0);BUFF_I(10913,0,1);RATE(15)\nBUFF_I(10903,0,1);BUFF_I(10912,0,1);RATE(5)\nBUFF_I(10903,0,1)\nBUFF_I(10904,0,1);BUFF_I(4983,0,0);BUFF_I(10914,0,1);RATE(10)\nBUFF_I(10904,0,1);BUFF_I(4988,0,0);BUFF_I(10913,0,1);RATE(15)\nBUFF_I(10904,0,1);BUFF_I(10912,0,1);RATE(5)\nBUFF_I(10904,0,1)\nGO(0)	CHASE(1)\nCHASE(2)\nCHASE(1)\nCHASE(3)\nCHASE(2)\nCHASE(1)\nCHASE(4)\nCHASE(3)\nCHASE(2)\nCHASE(1)\nCHASE(1)
1031	BUFF_I(10901,0,1);RATE(65)\nBUFF_I(10901,0,1);BUFF_I(10912,0,1)\nBUFF_I(10902,0,1);BUFF_I(10913,0,1);DISTANCE_ENEMY>(800)\nBUFF_I(10902,0,1);RATE(40)\nBUFF_I(10902,0,1);BUFF_I(10912,0,1)\nBUFF_I(10903,0,1);BUFF_I(4981,0,0);BUFF_I(10914,0,1);DISTANCE_ENEMY<(1200);DISTANCE_ENEMY>(400)\nBUFF_I(10903,0,1);BUFF_I(10913,0,1);DISTANCE_ENEMY>(800)\nBUFF_I(10903,0,1);BUFF_I(10912,0,1);RATE(50)\nBUFF_I(10903,0,1)\nBUFF_I(10904,0,1);BUFF_I(4983,0,0);BUFF_I(10915,0,1);DISTANCE_ENEMY<(750)\nBUFF_I(10904,0,1);BUFF_I(4981,0,0);BUFF_I(10914,0,1);DISTANCE_ENEMY<(1200);DISTANCE_ENEMY>(400)\nBUFF_I(10904,0,1);BUFF_I(10913,0,1);DISTANCE_ENEMY>(800)\nBUFF_I(10904,0,1);BUFF_I(10912,0,1);RATE(70)\nGO(0)	CHASE(1)\nCHASE(2)\nCHASE(3)\nCHASE(1)\nCHASE(2)\nCHASE(4)\nCHASE(3)\nCHASE(2)\nCHASE(1)\nCHASE(5)\nCHASE(4)\nCHASE(3)\nCHASE(2)\nCHASE(1)
1032	BUFF_I(10901,0,1);DISTANCE_ENEMY>(500);BUFF_I(4980,0,0);RATE(50)\nBUFF_I(10901,0,1)\nBUFF_I(10902,0,1);DISTANCE_ENEMY>(500);BUFF_I(4980,0,0);RATE(50)\nBUFF_I(10902,0,1);DISTANCE_ENEMY<(700);RATE(50)\nBUFF_I(10902,0,1);DISTANCE_ENEMY<(700);BUFF_I(4981,0,0);RATE(50)\nBUFF_I(10903,0,1);DISTANCE_ENEMY>(500);BUFF_I(4980,0,0);RATE(50)\nBUFF_I(10903,0,1);DISTANCE_ENEMY<(700);RATE(50)\nBUFF_I(10903,0,1);DISTANCE_ENEMY<(700);BUFF_I(4981,0,0);RATE(50)\nBUFF_I(10904,0,1);DISTANCE_ENEMY<(700);BUFF_I(4980,0,0);RATE(50)\nBUFF_I(10904,0,1);DISTANCE_ENEMY<(700);RATE(50)\nBUFF_I(10904,0,1);DISTANCE_ENEMY<(700);BUFF_I(4981,0,0);RATE(50)\nBUFF_I(10904,0,1);DISTANCE_ENEMY<(700);BUFF_I(4990,0,0);RATE(50)\nGO(0)	CHASE(2)\nCHASE(1)\nCHASE(2)\nCHASE(1)\nCHASE(3)\nCHASE(2)\nCHASE(1)\nCHASE(4)\nCHASE(2)\nCHASE(1)\nCHASE(4)\nCHASE(5)\nCHASE(1)
1033	BUFF_I(10901,0,1)\nBUFF_I(10902,0,1);DISTANCE_ENEMY<(700);RATE(30)\nBUFF_I(10902,0,1)\nBUFF_I(10903,0,1);DISTANCE_ENEMY<(700);RATE(30)\nBUFF_I(10903,0,1);BUFF_I(4983,0,0);RATE(30)\nBUFF_I(10903,0,1)\nBUFF_I(10904,0,1);DISTANCE_ENEMY<(700);RATE(30)\nBUFF_I(10904,0,1);RATE(15)\nBUFF_I(10904,0,1)\nGO(0)	CHASE(2)\nCHASE(1)\nCHASE(2)\nCHASE(1)\nCHASE(3)\nCHASE(2)\nCHASE(1)\nCHASE(3)\nCHASE(2)\nCHASE(2)
1034	BUFF_I(10901,0,1);BUFF_I(4982,0,0);BUFF_I(10912,0,1);RATE(20)\nBUFF_I(10901,0,1)\nBUFF_I(10902,0,1);BUFF_I(10913,0,1);BUFF_I(4980,0,0);HP_ALLY<(0.66)\nBUFF_I(10902,0,1);BUFF_I(10912,0,1);BUFF_I(4982,0,0);RATE(40)\nBUFF_I(10902,0,1)\nBUFF_I(10903,0,1);BUFF_I(10913,0,1);BUFF_I(4980,0,0);HP_ALLY<(0.66)\nBUFF_I(10903,0,1);BUFF_I(10914,0,1);BUFF_I(4983,0,0)\nBUFF_I(10903,0,1);BUFF_I(10912,0,1);BUFF_I(4982,0,0);RATE(75)\nBUFF_I(10903,0,1)\nBUFF_I(10904,0,1);BUFF_I(10915,0,1);BUFF_I(4988,0,0)\nBUFF_I(10904,0,1);BUFF_I(10913,0,1);BUFF_I(4980,0,0);HP_ALLY<(0.66)\nBUFF_I(10904,0,1);BUFF_I(10914,0,1);BUFF_I(4983,0,0)\nBUFF_I(10904,0,1);BUFF_I(10912,0,1);BUFF_I(4982,0,0)\nGO(0)	CHASE(2)\nCHASE(1)\nCHASE(3)\nCHASE(2)\nCHASE(1)\nCHASE(3)\nCHASE(4)\nCHASE(2)\nCHASE(1)\nCHASE(5)\nCHASE(3)\nCHASE(4)\nCHASE(2)\nCHASE(1)
1035	BUFF_I(10901,0,1);DISTANCE_ENEMY>(300);RATE(60)\nBUFF_I(10901,0,1)\nBUFF_I(10902,0,1);BUFF_I(4982,0,0);DISTANCE_ENEMY<(400);RATE(10)\nBUFF_I(10902,0,1);DISTANCE_ENEMY>(300);RATE(60)\nBUFF_I(10902,0,1)\nBUFF_I(10903,0,1);BUFF_I(4982,0,0);DISTANCE_ENEMY<(400);RATE(10)\nBUFF_I(10903,0,1);BUFF_I(4981,0,0);DISTANCE_ENEMY>(300);RATE(10)\nBUFF_I(10903,0,1);DISTANCE_ENEMY>(300);RATE(75)\nBUFF_I(10903,0,1)\nBUFF_I(10904,0,1);BUFF_I(4984,0,0);HP_ALLY<(0.4);RATE(20)\nBUFF_I(10904,0,1);BUFF_I(4982,0,0);DISTANCE_ENEMY<(400);RATE(10)\nBUFF_I(10904,0,1);BUFF_I(4981,0,0);DISTANCE_ENEMY>(300);RATE(10)\nBUFF_I(10904,0,1);DISTANCE_ENEMY>(300);RATE(85)\nBUFF_I(10904,0,1)\nGO(0)	CHASE(2)\nCHASE(1)\nCHASE(2)\nCHASE(3)\nCHASE(1)\nCHASE(3)\nCHASE(4)\nCHASE(2)\nCHASE(1)\nCHASE(5)\nCHASE(3)\nCHASE(4)\nCHASE(2)\nCHASE(1)\nCHASE(2)
1036	BUFF_I(10901,0,1)\nBUFF_I(10902,0,1);BUFF_I(4980,0,0);RATE(15)\nBUFF_I(10902,0,1)\nBUFF_I(10903,0,1);BUFF_I(4980,0,0);RATE(15)\nBUFF_I(10903,0,1);BUFF_I(4982,0,0);RATE(15)\nBUFF_I(10903,0,1)\nBUFF_I(10904,0,1);BUFF_I(4983,0,0);RATE(10)\nBUFF_I(10904,0,1);BUFF_I(4980,0,0);RATE(20)\nBUFF_I(10904,0,1);BUFF_I(4982,0,0);RATE(15)\nBUFF_I(10904,0,1)\nGO(0)	CHASE(1)\nCHASE(2)\nCHASE(1)\nCHASE(3)\nCHASE(4)\nCHASE(1)\nCHASE(5)\nCHASE(3)\nCHASE(4)\nCHASE(1)\nCHASE(1)
1037	BUFF_I(10901,0,1)\nBUFF_I(10902,0,1);BUFF_I(4980,0,0);RATE(10)\nBUFF_I(10902,0,1)\nBUFF_I(10903,0,1);BUFF_I(4980,0,0);RATE(20)\nBUFF_I(10903,0,1);BUFF_I(4982,0,0);RATE(10)\nBUFF_I(10903,0,1)\nBUFF_I(10904,0,1);BUFF_I(4980,0,0)\nBUFF_I(10904,0,1);BUFF_I(4982,0,0);RATE(35)\nBUFF_I(10904,0,1);RATE(40)\nBUFF_I(10904,0,1);RATE(15)\nGO(0)	CHASE(1)\nCHASE(2)\nCHASE(1)\nCHASE(2)\nCHASE(3)\nCHASE(1)\nCHASE(2)\nCHASE(3)\nCHASE(1)\nCHASE(3)\nCHASE(1)
1038	BUFF_I(10901,0,1)\nBUFF_I(10902,0,1);RATE(50)\nBUFF_I(10902,0,1)\nBUFF_I(10903,0,1);BUFF_I(4983,0,0);RATE(15)\nBUFF_I(10903,0,1);RATE(50)\nBUFF_I(10903,0,1)\nBUFF_I(10904,0,1);BUFF_I(4983,0,0);RATE(20)\nBUFF_I(10904,0,1);RATE(30)\nBUFF_I(10904,0,1);RATE(30)\nBUFF_I(10904,0,1);RATE(30)\nGO(0)	CHASE(1)\nCHASE(1)\nCHASE(2)\nCHASE(3)\nCHASE(1)\nCHASE(2)\nCHASE(3)\nCHASE(1)\nCHASE(2)\nCHASE(3)\nCHASE(1)
1039	BUFF_I(10901,0,1);RATE(50)\nBUFF_I(10901,0,1);BUFF_I(10912,0,1);RATE(50)\nBUFF_I(10902,0,1);RATE(30)\nBUFF_I(10902,0,1);BUFF_I(10912,0,1);RATE(30)\nBUFF_I(10902,0,1);BUFF_I(4980,0,0);BUFF_I(10913,0,1);DISTANCE_ENEMY>(550)\nBUFF_I(10903,0,1);BUFF_I(4980,0,0);RATE(25);BUFF_I(10913,0,1);DISTANCE_ENEMY>(550)\nBUFF_I(10903,0,1);RATE(30)\nBUFF_I(10903,0,1);BUFF_I(10912,0,1);RATE(30)\nBUFF_I(10903,0,1);BUFF_I(10915,0,1);BUFF_I(4981,0,0);DISTANCE_ENEMY>(650)\nBUFF_I(10904,0,1);BUFF_I(10914,0,1);BUFF_I(4982,0,0);RATE(20);DISTANCE_ENEMY<(400)\nBUFF_I(10904,0,1);BUFF_I(10912,0,1);RATE(30)\nBUFF_I(10904,0,1);BUFF_I(10913,0,1);BUFF_I(4980,0,0);RATE(30);DISTANCE_ENEMY>(550)\nBUFF_I(10904,0,1);BUFF_I(10915,0,1);BUFF_I(4981,0,0);RATE(30);DISTANCE_ENEMY>(650)\nGO(0)	CHASE(1)\nCHASE(2)\nCHASE(1)\nCHASE(2)\nCHASE(3)\nCHASE(3)\nCHASE(1)\nCHASE(2)\nCHASE(5)\nCHASE(4)\nCHASE(2)\nCHASE(3)\nCHASE(5)\nCHASE(1)
1040	BUFF_I(10901,0,1);RATE(50)\nBUFF_I(10901,0,1);BUFF_I(10912,0,1);RATE(50)\nBUFF_I(10902,0,1);RATE(30)\nBUFF_I(10902,0,1);BUFF_I(10912,0,1);RATE(30)\nBUFF_I(10902,0,1);BUFF_I(10913,0,1);BUFF_I(4982,0,0);DISTANCE_ENEMY>(350);DISTANCE_ENEMY<(700)\nBUFF_I(10903,0,1);BUFF_I(10913,0,1);BUFF_I(4982,0,0);RATE(25);DISTANCE_ENEMY>(350);DISTANCE_ENEMY<(700)\nBUFF_I(10903,0,1);BUFF_I(10911,0,1);RATE(30)\nBUFF_I(10903,0,1);BUFF_I(10912,0,1);RATE(30)\nBUFF_I(10903,0,1);BUFF_I(10915,0,1);BUFF_I(4984,0,0);DISTANCE_ENEMY>(500)\nBUFF_I(10904,0,1);BUFF_I(10914,0,1);BUFF_I(4981,0,0);RATE(20)\nBUFF_I(10904,0,1);BUFF_I(10911,0,1);RATE(30)\nBUFF_I(10904,0,1);BUFF_I(10913,0,1);BUFF_I(4982,0,0);RATE(30);DISTANCE_ENEMY>(350);DISTANCE_ENEMY<(700)\nBUFF_I(10904,0,1);BUFF_I(10915,0,1);BUFF_I(4984,0,0);RATE(30);DISTANCE_ENEMY>(500)\nBUFF_I(10912,0,1)	CHASE(1)\nCHASE(2)\nCHASE(1)\nCHASE(2)\nCHASE(3)\nCHASE(3)\nCHASE(1)\nCHASE(2)\nCHASE(5)\nCHASE(4)\nCHASE(1)\nCHASE(3)\nCHASE(5)\nCHASE(2)
1041	BUFF_I(10901,0,1);RATE(50)\nBUFF_I(10901,0,1);BUFF_I(10912,0,1);RATE(50)\nBUFF_I(10902,0,1);RATE(30)\nBUFF_I(10902,0,1);BUFF_I(10912,0,1);RATE(30)\nBUFF_I(10902,0,1);BUFF_I(10913,0,1);BUFF_I(4980,0,0)\nBUFF_I(10903,0,1);BUFF_I(10913,0,1);BUFF_I(4980,0,0);RATE(25)\nBUFF_I(10903,0,1);RATE(30)\nBUFF_I(10903,0,1);BUFF_I(10912,0,1);RATE(30)\nBUFF_I(10903,0,1);BUFF_I(10915,0,1);BUFF_I(4987,0,0);RATE(50);HP_ALLY<(0.4) \nBUFF_I(10904,0,1);BUFF_I(10914,0,1);BUFF_I(4982,0,0);RATE(20)\nBUFF_I(10904,0,1);RATE(30)\nBUFF_I(10904,0,1);BUFF_I(10913,0,1);BUFF_I(4980,0,0);RATE(30)\nBUFF_I(10904,0,1);BUFF_I(10915,0,1);BUFF_I(4987,0,0);RATE(50);HP_ALLY<(0.4) \nBUFF_I(10912,0,1);GO(0)	CHASE(1)\nCHASE(2)\nCHASE(1)\nCHASE(2)\nCHASE(3)\nCHASE(3)\nCHASE(1)\nCHASE(2)\nCHASE(5)\nCHASE(4)\nCHASE(1)\nCHASE(3)\nCHASE(5)\nCHASE(2)
1042	BUFF_I(10901,0,1);BUFF_I(10915,0,1);BUFF_I(4988,0,0);RATE(40)\nBUFF_I(10901,0,1)\nBUFF_I(10902,0,1);BUFF_I(10915,0,1);BUFF_I(4988,0,0);RATE(40)\nBUFF_I(10902,0,1);BUFF_I(10913,0,1);BUFF_I(4984,0,0);HP_I<(0.5);RATE(30)\nBUFF_I(10902,0,1)\nBUFF_I(10903,0,1);BUFF_I(4981,0,0);BUFF_I(10914,0,1);RATE(30)\nBUFF_I(10903,0,1);BUFF_I(4984,0,0);BUFF_I(10913,0,1);HP_I<(0.5);RATE(30)\nBUFF_I(10903,0,1);BUFF_I(4982,0,0);BUFF_I(10915,0,1);DISTANCE_ENEMY>(300);RATE(50)\nBUFF_I(10903,0,1)\nBUFF_I(10904,0,1);BUFF_I(10914,0,1);BUFF_I(4981,0,0);RATE(30)\nBUFF_I(10904,0,1);BUFF_I(10913,0,1);BUFF_I(4984,0,0);HP_I<(0.5);RATE(30)\nBUFF_I(10904,0,1);BUFF_I(10915,0,1);BUFF_I(4982,0,0);DISTANCE_ENEMY>(300);RATE(50)\nBUFF_I(10904,0,1);BUFF_I(10912,0,1);BUFF_I(4987,0,0);RATE(50)\nGO(0)	CHASE(6)\nCHASE(1)\nCHASE(6)\nCHASE(3)\nCHASE(1)\nCHASE(4)\nCHASE(3)\nCHASE(5)\nCHASE(1)\nCHASE(4)\nCHASE(3)\nCHASE(5)\nCHASE(2)\nCHASE(1)
1043	BUFF_I(10901,0,1)\nBUFF_I(10902,0,1);BUFF_I(4985,0,0);BUFF_I(10912,0,1);RATE(30)\nBUFF_I(10902,0,1)\nBUFF_I(10903,0,1);BUFF_I(4985,0,0);RATE(50);BUFF_I(10912,0,1)\nBUFF_I(10903,0,1);BUFF_I(4983,0,0);RATE(30);BUFF_I(10913,0,1);HP_ALLY<(0.7)\nBUFF_I(10903,0,1)\nBUFF_I(10904,0,1);BUFF_I(4985,0,0);RATE(50);BUFF_I(10912,0,1)\nBUFF_I(10904,0,1);BUFF_I(4983,0,0);BUFF_I(10913,0,1);RATE(30);HP_ALLY<(0.7)\nBUFF_I(10904,0,1);BUFF_I(4984,0,0);BUFF_I(10914,0,1);RATE(30)\nBUFF_I(10904,0,1);BUFF_I(4988,0,0);BUFF_I(10915,0,1);RATE(30)\nGO(0)	CHASE(1)\nCHASE(2)\nCHASE(1)\nCHASE(2)\nCHASE(3)\nCHASE(1)\nCHASE(2)\nCHASE(3)\nCHASE(4)\nCHASE(5)\nCHASE(1)
1044	BUFF_I(10901,0,1);RATE(50)\nBUFF_I(10901,0,1);BUFF_I(10912,0,1);BUFF_I(4985,0,0)\nBUFF_I(10902,0,1);RATE(30)\nBUFF_I(10902,0,1);BUFF_I(10912,0,1);RATE(30);BUFF_I(4985,0,0)\nBUFF_I(10902,0,1);BUFF_I(10913,0,1);BUFF_I(4980,0,0)\nBUFF_I(10903,0,1);BUFF_I(10913,0,1);BUFF_I(4980,0,0);RATE(25)\nBUFF_I(10903,0,1);RATE(30)\nBUFF_I(10903,0,1);BUFF_I(10912,0,1);RATE(30);BUFF_I(4985,0,0)\nBUFF_I(10903,0,1);BUFF_I(10915,0,1);BUFF_I(4987,0,0);RATE(50);HP_ALLY<(0.4) \nBUFF_I(10904,0,1);BUFF_I(10914,0,1);BUFF_I(4982,0,0);RATE(20)\nBUFF_I(10904,0,1);RATE(30)\nBUFF_I(10904,0,1);BUFF_I(10913,0,1);BUFF_I(4980,0,0);RATE(30)\nBUFF_I(10904,0,1);BUFF_I(10915,0,1);BUFF_I(4987,0,0);RATE(50);HP_ALLY<(0.4) \nBUFF_I(10912,0,1);BUFF_I(4985,0,0)\nGO(0)	CHASE(1)\nCHASE(2)\nCHASE(1)\nCHASE(2)\nCHASE(3)\nCHASE(3)\nCHASE(1)\nCHASE(2)\nCHASE(5)\nCHASE(4)\nCHASE(1)\nCHASE(3)\nCHASE(5)\nCHASE(2)\nCHASE(1)
1500	DISTANCE_ENEMY>(1000)\nRATE(50)\nGO(0)	CHASE(1)\nCHASE(2)\nCHASE(3)
1501	DISTANCE_ENEMY>(500)\nRATE(50)\nGO(0)	CHASE(1)\nCHASE(2)\nCHASE(3)
1502	HP_I<(0.9);DISTANCE_ENEMY>(500)\nHP_I<(0.7);HP_I>(0.2);RATE(50)\nHP_I<(0.7);RATE(50)\nHP_I<(0.2);RATE(30)\nHP_I<(0.2);RATE(60)\nGO(0)	CHASE(1)\nCHASE(2)\nCHASE(4)\nCHASE(1)\nCHASE(2)\nCHASE(3)
1503	DISTANCE_ENEMY>(800);DISTANCE_ENEMY<(1000);RATE(75)\nDISTANCE_ENEMY>(500);RATE(75)\nHP_I>(0.8);RATE(30)\nHP_I>(0.5);HP_I<(0.8);RATE(30)\nHP_I>(0.2);HP_I<(0.5);RATE(30)\nHP_I>(0.2);HP_I<(0.5)RATE(60)\nHP_I<(0.2);RATE(30)\nHP_I<(0.2);RATE(60)\nGO(0)	CHASE(5)\nCHASE(4)\nCHASE(1)\nCHASE(2)\nCHASE(1)\nCHASE(2)\nCHASE(1)\nCHASE(2)\nCHASE(3)
1504	HP_ENEMY>(0.6);RATE(30)\nHP_ENEMY>(0.6);RATE(60)\nHP_ENEMY<(0.6);HP_ENEMY>(0.3);RATE(30)\nHP_ENEMY<(0.6);HP_ENEMY>(0.3);RATE(60)\nHP_ENEMY<(0.3);HP_ENEMY>(0.1);RATE(30)\nGO(0)	CHASE(1)\nCHASE(2)\nCHASE(1)\nCHASE(2)\nCHASE(1)\nCHASE(3)
1505	RATE(33)\nRATE(66)\nRATE(50)\nGo(0)	CHASE(4)\nCHASE(1)\nCHASE(2)\nCHASE(3)
1506	HP_I<(0.7);RATE(50)\nDISTANCE_ENEMY>(800);RATE(60)\nGO(0)	CHASE(3)\nCHASE(2)\nCHASE(1)
1507	DISTANCE_ENEMY>(500);RATE(60)\nHP_I>(0.7);BUFF_I(4980,0,0)\nHP_I<(0.7);HP_I>(0.3);BUFF_I(4980,0,0)\nHP_I<(0.7);HP_I>(0.3);RATE(20)\nHP_I<(0.3);RATE(20)\nHP_I<(0.3);RATE(40)\nHP_I<(0.3);RATE(60)\nGO(0)	CHASE(5)\nCHASE(1)\nCHASE(2)\nCHASE(1)\nCHASE(1)\nCHASE(2)\nCHASE(3)\nCHASE(4)
1511	HP_I>(0.5);HP_I<(0.7);RATE(30)\nHP_I<(0.5);RATE(30)\nDISTANCE_ENEMY>(400);RATE(50)\nDISTANCE_ENEMY>(700);RATE(75)\nHP_I<(0.8);RATE(20)\nGO(0)	CHASE(5)\nCHASE(6)\nCHASE(2)\nCHASE(4)\nCHASE(3)\nCHASE(1)
1512	DISTANCE_ENEMY>(700);RATE(30)\nDISTANCE_ENEMY>(700);RATE(50)\nDISTANCE_ENEMY<(700);RATE(90)\nDISTANCE_ENEMY<(700);RATE(50)\nGO(0)	CHASE(2)\nCHASE(3)\nCHASE(4)\nCHASE(3)\nCHASE(1)
1513	DISTANCE_ENEMY>(1000);RATE(80)\nDISTANCE_ENEMY<(600);RATE(20)\nDISTANCE_ENEMY<(600);RATE(20)\nHP_I<(0.7);RATE(30)\nDISTANCE_ENEMY<(600);RATE(25)\nGO(0)	CHASE(2)\nCHASE(3)\nCHASE(4)\nCHASE(5)\nCHASE(3)\nCHASE(1)
1514	HP_I<(0.9);RATE(30)\nRATE(25)\nDISTANCE_ENEMY<(600);RATE(75)\nDISTANCE_ENEMY>(400);RATE(75)\nGO(0)	CHASE(4)\nCHASE(3)\nCHASE(5)\nCHASE(2)\nCHASE(1)
1515	DISTANCE_ENEMY>(1200);RATE(100)\nRATE(100)\nGO(0)	CHASE(3)\nCHASE(2)\nCHASE(1)
1516	\nDISTANCE_ENEMY>(1200);GO(0)\nDISTANCE_ENEMY<(1500);RATE(50)\nDISTANCE_ENEMY>(1200);GO(0)\nDISTANCE_ENEMY<(400);GO(0)\nRATE(50)\nGO(0)	CHASE(3)\nCHASE(5)\nCHASE(1)\nCHASE(2)\nCHASE(4)\nCHASE(1)
1517	\nDISTANCE_ENEMY<(2000);RATE(50)\nDISTANCE_ENEMY>(800);DISTANCE_ENEMY<(1200);GO(0)\nDISTANCE_ENEMY<(800);RATE(25)\nGO(0)\nRATE(75)\nGO(0)	CHASE(6)\nCHASE(2)\nCHASE(3)\nCHASE(4)\nCHASE(5)\nCHASE(1)
1521	HP_I<(0.5);DISTANCE_ENEMY<(800)\nHP_I<(0.9);DISTANCE_ENEMY>(800);RATE(75)\nHP_I<(0.5);DISTANCE_ENEMY<(800);RATE(50)\nHP_I<(0.7);HP_I>(0.2);RATE(50)\nHP_I<(0.7);RATE(50)\nHP_I<(0.2);RATE(30)\nHP_I<(0.2);RATE(60)\nGO(0)	CHASE(4)\nCHASE(1)\nCHASE(5)\nCHASE(2)\nCHASE(3)\nCHASE(1)\nCHASE(2)\nCHASE(6)
1522	GO(0)\nDISTANCE_ENEMY<(1200);RATE(50)\nDISTANCE_ENEMY>(1000)\nRATE(50)\nGO(0)	CHASE(5)\nCHASE(4)\nCHASE(1)\nCHASE(2)\nCHASE(3)
1523	HP_I<(0.6);GO(0)\nDISTANCE_ENEMY>(700);DISTANCE_ENEMY<(900);RATE(50)\nDISTANCE_ENEMY>(1000);RATE(50)\nDISTANCE_ENEMY<(600);BUFF_I(33102,0,1);\nDISTANCE_ENEMY>(650);BUFF_I(33102,0,1);RATE(75)\nBUFF_I(33102,0,1);RATE(90)\nHP_I>(0.5);HP_I<(0.8);RATE(30)\nHP_I>(0.2);HP_I<(0.5);RATE(30)\nHP_I<(0.2);RATE(30)\nBUFF_I(33102,0,1)\nHP_I>(0.8);RATE(30)\nGO(0)	CHASE(6)\nCHASE(5)\nCHASE(4)\nCHASE(8)\nCHASE(7)\nCHASE(4)\nCHASE(2)\nCHASE(1)\nCHASE(2)\nCHASE(1)\nCHASE(1)\nCHASE(3)
1524	DISTANCE_ENEMY>(800);GO(0)\nDISTANCE_ENEMY<(500);RATE(50)\nDISTANCE_ENEMY<(500);RATE(50)\nHP_ENEMY>(0.6);RATE(30)\nHP_ENEMY>(0.6);RATE(60)\nHP_ENEMY<(0.6);HP_ENEMY>(0.3);RATE(30)\nHP_ENEMY<(0.6);HP_ENEMY>(0.3);RATE(60)\nHP_ENEMY<(0.3);HP_ENEMY>(0.1);RATE(30)\nGO(0)	CHASE(4)\nCHASE(6)\nCHASE(5)\nCHASE(1)\nCHASE(2)\nCHASE(1)\nCHASE(2)\nCHASE(1)\nCHASE(3)
1525	RATE(75)\nDISTANCE_ENEMY>(500)\nRATE(50)\nGO(0)	CHASE(4)\nCHASE(1)\nCHASE(2)\nCHASE(3)
1526	RATE(33)\nRATE(66)\nRATE(50)\nGo(0)	CHASE(4)\nCHASE(1)\nCHASE(2)\nCHASE(3)
1527	HP_I<(0.7);RATE(50)\nDISTANCE_ENEMY>(800);RATE(60)\nDISTANCE_ENEMY<(800);RATE(95)\nGO(0)	CHASE(3)\nCHASE(2)\nCHASE(4)\nCHASE(1)
1531	GO(0)\nDISTANCE_ENEMY>(1200);RATE(75)\nDISTANCE_ENEMY>(800);RATE(75)\nDISTANCE_ENEMY>(700);RATE(35)\nDISTANCE_ENEMY>(450);RATE(50)\nDISTANCE_ENEMY<(450);RATE(75)\nHP_I<(0.8);RATE(70)\nGO(0)	CHASE(3)\nCHASE(5)\nCHASE(6)\nCHASE(1)\nCHASE(3)\nCHASE(2)\nCHASE(4)\nCHASE(1)
1532	DISTANCE_ENEMY>(700)RATE(30)\nDISTANCE_ENEMY>(700)RATE(50)\nDISTANCE_ENEMY<(700);RATE(90)\nDISTANCE_ENEMY<(700);RATE(50)\nGO(0)	CHASE(2)\nCHASE(3)\nCHASE(4)\nCHASE(3)\nCHASE(1)
1533	DISTANCE_ENEMY>(600);RATE(50)\nDISTANCE_ENEMY>(600);RATE(95)\nDISTANCE_ENEMY>(1000);RATE(80)\nDISTANCE_ENEMY<(600);RATE(40)\nDISTANCE_ENEMY<(600);RATE(40)\nHP_I<(0.7);RATE(30)\nDISTANCE_ENEMY<(600);RATE(25)\nGO(0)	CHASE(8)\nCHASE(6)\nCHASE(2)\nCHASE(3)\nCHASE(4)\nCHASE(7)\nCHASE(5)\nCHASE(1)
1534	GO(0)\nGO(0)\nHP_I<(0.9);RATE(30)\nRATE(25)\nDISTANCE_ENEMY<(600);RATE(75)\nDISTANCE_ENEMY>(400);RATE(75)\nGO(0)	CHASE(6)\nCHASE(7)\nCHASE(4)\nCHASE(3)\nCHASE(5)\nCHASE(2)\nCHASE(1)
1535	RATE(50)\nDISTANCE_ENEMY>(1300);RATE(100)\nDISTANCE_ENEMY>(<600);RATE(100)\nRATE(75)\nRATE(100)\nGO(0)	CHASE(2)\nCHASE(5)\nCHASE(2)\nCHASE(3)\nCHASE(4)\nCHASE(1)
1536	\nGO(0)\nDISTANCE_ENEMY>(1200);GO(0)\nDISTANCE_ENEMY<(1500);RATE(50)\nDISTANCE_ENEMY>(1200);GO(0)\nDISTANCE_ENEMY<(400);GO(0)\nDISTANCE_ENEMY<(600);RATE(85)\nRATE(50)\nGO(0)	CHASE(5)\nCHASE(3)\nCHASE(5)\nCHASE(1)\nCHASE(2)\nCHASE(6)\nCHASE(4)\nCHASE(1)
1537	\nRATE(35)\nDISTANCE_ENEMY>(800);RATE(35)\nDISTANCE_ENEMY<(2000);RATE(50)\nDISTANCE_ENEMY>(800);DISTANCE_ENEMY<(1200);GO(0)\nDISTANCE_ENEMY<(800);RATE(25)\nGO(0)\nRATE(75)\nGO(0)	CHASE(8)\nCHASE(7)\nCHASE(6)\nCHASE(2)\nCHASE(3)\nCHASE(4)\nCHASE(5)\nCHASE(1)
1541	HP_I<(0.3);RATE(100)\nRATE(100)\nDISTANCE_ENEMY<(500);RATE(50)\nGO(0)	CHASE(3)\nCHASE(4)\nCHASE(2)\nCHASE(1)
1542	DISTANCE_ENEMY<(700);GO(0)\nGO(0)\nDISTANCE_ENEMY>(700)RATE(30)\nDISTANCE_ENEMY>(700)RATE(50)\nGO(0)	CHASE(5)\nCHASE(6)\nCHASE(4)\nCHASE(3)\nCHASE(1)
1543	DISTANCE_ENEMY>(1000);RATE(50)\nDISTANCE_ENEMY>(800);RATE(50)\nDISTANCE_ENEMY<(800);RATE(50)\nRATE(40)\nRATE(30)\nGO(0)	CHASE(6)\nCHASE(5)\nCHASE(4)\nCHASE(3)\nCHASE(2)\nCHASE(1)
1544	DISTANCE_ENEMY<(300);HP_ENEMY<(0.5);GO(0)\nRATE(95)\nDISTANCE_ENEMY<(600);RATE(75)\nHP_I<(0.5);RATE(75)\nDISTANCE_ENEMY<(400);RATE(25)\nGO(0)	CHASE(5)\nCHASE(4)\nCHASE(2)\nCHASE(3)\nCHASE(5)\nCHASE(1)
1545	RATE(95)\nGO(0)\nDISTANCE_ENEMY<(600);RATE(100)\nDISTANCE_ENEMY<(600);RATE(75)\nDISTANCE_ENEMY>(600);RATE(75)\nGO(0)	CHASE(6)\nCHASE(5)\nCHASE(4)\nCHASE(3)\nCHASE(2)\nCHASE(1)
1546	\nDISTANCE_ENEMY>(2400);GO(0)\nDISTANCE_ENEMY<(800);RATE(50)\nDISTANCE_ENEMY>(1300);RATE(50)\nDISTANCE_ENEMY<(1000);RATE(50)\nDISTANCE_ENEMY<(1000);GO(0)\nDISTANCE_ENEMY<(300);GO(0)\nDISTANCE_ENEMY<(2000);RATE(85)\nGO(0)	CHASE(8)\nCHASE(2)\nCHASE(3)\nCHASE(5)\nCHASE(4)\nCHASE(6)\nCHASE(7)\nCHASE(1)
1547	\nDISTANCE_ENEMY<(600);RATE(95)\nDISTANCE_ENEMY<(900);DISTANCE_ENEMY>(700);RATE(100)\nDISTANCE_ENEMY<(2500);GO(0)\nDISTANCE_ENEMY<(800);RATE(75)\nGO(0)	CHASE(2)\nCHASE(4)\nCHASE(3)\nCHASE(5)\nCHASE(1)
2000	BUFF_I(4983,0,0);RATE(35)\nBUFF_I(4980,0,0);DISTANCE_ENEMY>(300);RATE(30)\nBUFF_I(4980,0,0);DISTANCE_ENEMY>(300)\nBUFF_I(4982,0,0);RATE(40)\nGO(0)	CHASE(5)\nCHASE(3)\nCHASE(2)\nCHASE(4)\nCHASE(1)
5102	RATE(25)\nBUFF_I(4982,0,0);RATE(20)\nBUFF_I(4990,0,0);BUFF_I(4984,0,0);RATE(30)\nGO(0)	CHASE(1)\nCHASE(2)\nCHASE(3)\nCHASE(1)
9903	DISTANCE_ENEMY<(300)	CHASE(1)
9904	DISTANCE_ENEMY<(1500)	CHASE(1)
9999	RATE(90)\nGO(0)	CHASE(2)\nCHASE(1)
