n_ID	s_NAME	s_ID_ICON	s_ID_MODEL_PARTS	n_ID_MODEL	n_ID_MAP	n_DROPMODEL_TYPE	s_MODEL_EFFECT	n_TAG_TRADE	n_QUALITY	n_ITEMLV	n_CONDITION_LV	n_CONDITION_GENDER	n_CONDITION_CLASS	n_CONDITION_CAMPS	n_CONDITION_SKILL	n_CONDITION_SKILLLV	n_ICONSLOT	n_EQUIPSLOT	n_EQUIPTYPE	s_EQUIPTYPE_EFFECT	n_TAG_LOOT	s_TAG_EXTRA	n_ID_USAGE	n_CD	n_PRICE_BUY	n_PRICE_VENDER	n_QUATITY_STACK	s_ITEM_EXIST	n_ID_BUFF	s_EQUIPFX	s_VARYDATA	n_BROADCAST	n_BROADCAST_QUANTITY	s_HK_VER	s_TC_VER	s_JP_VER	s_TH_VER
1	亂飄的天燈	ICON_PL_013_000		0	0	0		23	1	1	0	0	0	0	0	0	0	0	0		2048		0	0	0	1	999		0			0	0	1.00.0000	1.00.0000	1.07.0000	1.07.0000
2	亡魂之牙碎片	ICON_MISSION_047_000		0	0	0		23	1	1	0	0	0	0	0	0	0	0	0		2048		0	0	0	1	999		0			0	0	1.00.0000	1.00.0000	1.07.0000	1.07.0000
3	海軍領賞單	ICON_DOCUMENT_001_000		0	0	0		23	1	1	0	0	0	0	0	0	0	0	0		2048		0	0	0	1	999		0			0	0	1.00.0000	1.00.0000	1.07.0000	1.07.0000
4	千年陶壺	ICON_MISSION_065_000		0	0	0		23	1	1	0	0	0	0	0	0	0	0	0		2048		0	0	0	1	999		0			0	0	1.00.0000	1.00.0000	1.07.0000	1.07.0000
5	深紅鴿子蛋	ICON_MISSION_053_002		0	0	0		23	1	1	0	0	0	0	0	0	0	0	0		2048		0	0	0	1	999		0			0	0	1.00.0000	1.00.0000	1.07.0000	1.07.0000
6	幸運的犬齒	ICON_MISSION_047_000		0	0	0		23	1	1	0	0	0	0	0	0	0	0	0		2048		0	0	0	1	999		0			0	0	1.00.0000	1.00.0000	1.07.0000	1.07.0000
7	公主的病假單	ICON_DOCUMENT_001_000		0	0	0		23	1	1	0	0	0	0	0	0	0	0	0		2048		0	0	0	1	999		0			0	0	1.00.0000	1.00.0000	1.07.0000	1.07.0000
8	歷史考卷	ICON_DOCUMENT_009_000		0	0	0		23	1	1	0	0	0	0	0	0	0	0	0		2048		0	0	0	1	999		0			0	0	1.00.0000	1.00.0000	1.07.0000	1.07.0000
9	第一張募兵告示	ICON_MISSION_075_000		0	0	0		23	1	1	0	0	0	0	0	0	0	0	0		2048		0	0	0	1	999		0			0	0	1.00.0000	1.00.0000	1.07.0000	1.07.0000
10	狂歡夜海報	ICON_MISSION_075_000		0	0	0		23	1	1	0	0	0	0	0	0	0	0	0		2048		0	0	0	1	999		0			0	0	1.00.0000	1.00.0000	1.07.0000	1.07.0000
11	證人自白書	ICON_DOCUMENT_001_000		0	0	0		23	1	1	0	0	0	0	0	0	0	0	0		2048		0	0	0	1	999		0			0	0	1.00.0000	1.00.0000	1.07.0000	1.07.0000
12	轉監申請單	ICON_DOCUMENT_001_000		0	0	0		23	1	1	0	0	0	0	0	0	0	0	0		2048		0	0	0	1	999		0			0	0	1.00.0000	1.00.0000	1.07.0000	1.07.0000
13	詐死藥丸	ICON_MISSION_035_000		0	0	0		23	1	1	0	0	0	0	0	0	0	0	0		2048		0	0	0	1	999		0			0	0	1.00.0000	1.00.0000	1.07.0000	1.07.0000
14	溫暖的圍巾	ICON_MISSION_033_000		0	0	0		23	1	1	0	0	0	0	0	0	0	0	0		2048		0	0	0	1	999		0			0	0	1.00.0000	1.00.0000	1.07.0000	1.07.0000
15	冰冷的鐵錘	ICON_MISSION_041_000		0	0	0		23	1	1	0	0	0	0	0	0	0	0	0		2048		0	0	0	1	999		0			0	0	1.00.0000	1.00.0000	1.07.0000	1.07.0000
16	限量版海神金幣	ICON_MISSION_015_000		0	0	0		23	1	1	0	0	0	0	0	0	0	0	0		2048		0	0	0	1	999		0			0	0	1.00.0000	1.00.0000	1.07.0000	1.07.0000
17	第二張募兵告示	ICON_MISSION_075_000		0	0	0		23	1	1	0	0	0	0	0	0	0	0	0		2048		0	0	0	1	999		0			0	0	1.00.0000	1.00.0000	1.07.0000	1.07.0000
18	吃剩的骨頭	ICON_MISSION_080_000		0	0	0		23	1	1	0	0	0	0	0	0	0	0	0		2048		0	0	0	1	999		0			0	0	1.00.0000	1.00.0000	1.07.0000	1.07.0000
20	囚籠鑰匙	ICON_MISSION_052_000		0	0	0		23	1	1	0	0	0	0	0	0	0	0	0		2048		0	0	0	1	999		0			0	0	1.00.0000	1.00.0000	1.07.0000	1.07.0000
21	雪花肥羊排	ICON_MISSION_009_000		0	0	0		23	1	1	0	0	0	0	0	0	0	0	0		2048		0	0	0	1	999		0			0	0	1.00.0000	1.00.0000	1.07.0000	1.07.0000
25	13號死囚籠完整鑰匙	ICON_MISSION_052_000		0	0	0		23	1	1	0	0	0	0	0	0	0	0	0		2048		0	0	0	1	999		0			0	0	1.00.0000	1.00.0000	1.07.0000	1.07.0000
26	龜殼石	ICON_MISSION_042_000		0	0	0		23	1	1	0	0	0	0	0	0	0	0	0		2048		0	0	0	1	999		0			0	0	1.00.0000	1.00.0000	1.07.0000	1.07.0000
27	綠油油椰子	ICON_MISSION_034_000		0	0	0		23	1	1	0	0	0	0	0	0	0	0	0		2048		0	0	0	1	999		0			0	0	1.00.0000	1.00.0000	1.07.0000	1.07.0000
28	黃泥礦泉水	ICON_LIQUID_001_000		0	0	0		23	1	1	0	0	0	0	0	0	0	0	0		2048		0	0	0	1	999		0			0	0	1.00.0000	1.00.0000	1.07.0000	1.07.0000
29	蛆蛆餅乾	ICON_MISSION_037_000		0	0	0		23	1	1	0	0	0	0	0	0	0	0	0		2048		0	0	0	1	999		0			0	0	1.00.0000	1.00.0000	1.07.0000	1.07.0000
30	羊首號角	ICON_MISSION_010_000		0	0	0		23	1	1	0	0	0	0	0	0	0	0	0		2048		0	0	0	1	999		0			0	0	1.00.0000	1.00.0000	1.07.0000	1.07.0000
31	皇室機密文件	ICON_DOCUMENT_000_000		0	0	0		23	1	1	0	0	0	0	0	0	0	0	0		2048		0	0	0	1	999		0			0	0	1.00.0000	1.00.0000	1.07.0000	1.07.0000
32	土味狼爪	ICON_MISSION_046_000		0	0	0		23	1	1	0	0	0	0	0	0	0	0	0		2048		0	0	0	1	999		0			0	0	1.00.0000	1.00.0000	1.07.0000	1.07.0000
33	南洋胡椒	ICON_MISSION_020_000		0	0	0		23	1	1	0	0	0	0	0	0	0	0	0		2048		0	0	0	1	999		0			0	0	1.00.0000	1.00.0000	1.07.0000	1.07.0000
34	小勾勾魚餌	ICON_MISSION_032_000		0	0	0		23	1	1	0	0	0	0	0	0	0	0	0		2048		0	0	0	1	999		0			0	0	1.00.0000	1.00.0000	1.07.0000	1.07.0000
35	全新海軍女將寫真集	ICON_MISSION_083_000		0	0	0		23	1	1	0	0	0	0	0	0	0	0	0		2048		0	0	0	1	999		0			0	0	1.00.0000	1.00.0000	1.07.0000	1.07.0000
36	皇家蘭姆酒	ICON_WINE_014_000		0	0	0		23	1	1	0	0	0	0	0	0	0	0	0		2048		0	0	0	1	999		0			0	0	1.00.0000	1.00.0000	1.07.0000	1.07.0000
37	卷宗碎片	ICON_MISSION_084_000		0	0	0		23	1	1	0	0	0	0	0	0	0	0	0		2048		0	0	0	1	999		0			0	0	1.00.0000	1.00.0000	1.07.0000	1.07.0000
38	克勞斯的船長帽	ICON_MISSION_025_000		0	0	0		23	1	1	0	0	0	0	0	0	0	0	0		2048		0	0	0	1	999		0			0	0	1.00.0000	1.00.0000	1.07.0000	1.07.0000
39	古碑文拓印	ICON_MISSION_004_000		0	0	0		23	1	1	0	0	0	0	0	0	0	0	0		2048		0	0	0	1	999		0			0	0	1.00.0000	1.00.0000	1.07.0000	1.07.0000
40	藍月香料	ICON_MISSION_020_000		0	0	0		23	1	1	0	0	0	0	0	0	0	0	0		2048		0	0	0	1	999		0			0	0	1.00.0000	1.00.0000	1.07.0000	1.07.0000
41	戀人香莓果	ICON_MISSION_029_000		0	0	0		23	1	1	0	0	0	0	0	0	0	0	0		2048		0	0	0	1	999		0			0	0	1.00.0000	1.00.0000	1.07.0000	1.07.0000
42	幻菇香料	ICON_MISSION_020_000		0	0	0		23	1	1	0	0	0	0	0	0	0	0	0		2048		0	0	0	1	999		0			0	0	1.00.0000	1.00.0000	1.07.0000	1.07.0000
43	海商會旗碎布	ICON_MISSION_006_000		0	0	0		23	1	1	0	0	0	0	0	0	0	0	0		2048		0	0	0	1	999		0			0	0	1.00.0000	1.00.0000	1.07.0000	1.07.0000
44	海商會徽章	ICON_MISSION_043_000		0	0	0		23	1	1	0	0	0	0	0	0	0	0	0		2048		0	0	0	1	999		0			0	0	1.00.0000	1.00.0000	1.07.0000	1.07.0000
45	古文明機具齒輪	ICON_MISSION_038_000		0	0	0		23	1	1	0	0	0	0	0	0	0	0	0		2048		0	0	0	1	999		0			0	0	1.00.0000	1.00.0000	1.07.0000	1.07.0000
48	日輪鑰匙	ICON_MISSION_003_000		0	0	0		23	1	1	0	0	0	0	0	0	0	0	0		2048		0	0	0	1	999		0			0	0	1.00.0000	1.00.0000	1.07.0000	1.07.0000
49	太陽能水晶	ICON_MISSION_001_000		0	0	0		23	1	1	0	0	0	0	0	0	0	0	0		2048		0	0	0	1	999		0			0	0	1.00.0000	1.00.0000	1.07.0000	1.07.0000
50	天空原鄉紀事	ICON_MISSION_004_000		0	0	0		23	1	1	0	0	0	0	0	0	0	0	0		2048		0	0	0	1	999		0			0	0	1.00.0000	1.00.0000	1.07.0000	1.07.0000
51	翡翠手鐲	ICON_MISSION_008_000		0	0	0		23	1	1	0	0	0	0	0	0	0	0	0		2048		0	0	0	1	999		0			0	0	1.00.0000	1.00.0000	1.07.0000	1.07.0000
52	麝香椰果	ICON_FRUIT_004_000		0	0	0		23	1	1	0	0	0	0	0	0	0	0	0		2048		0	0	0	1	999		0			0	0	1.00.0000	1.00.0000	1.07.0000	1.07.0000
53	啾可菈的蛋	ICON_MISSION_045_000		0	0	0		23	1	1	0	0	0	0	0	0	0	0	0		2048		0	0	0	1	999		0			0	0	1.00.0000	1.00.0000	1.07.0000	1.07.0000
54	甜蜜蜜蜂蜜	ICON_MISSION_049_001		0	0	0		23	1	1	0	0	0	0	0	0	0	0	0		2048		0	0	0	1	999		0			0	0	1.00.0000	1.00.0000	1.07.0000	1.07.0000
55	金鯊商會聘禮	ICON_MISSION_044_000		0	0	0		23	1	1	0	0	0	0	0	0	0	0	0		2048		0	0	0	1	999		0			0	0	1.00.0000	1.00.0000	1.07.0000	1.07.0000
56	鳳梨汁	ICON_WINE_002_003		0	0	0		23	1	1	0	0	0	0	0	0	0	0	0		2048		0	0	0	1	999		0			0	0	1.00.0000	1.00.0000	1.07.0000	1.07.0000
57	半筋半肉虎排	ICON_MISSION_009_000		0	0	0		23	1	1	0	0	0	0	0	0	0	0	0		2048		0	0	0	1	999		0			0	0	1.00.0000	1.00.0000	1.07.0000	1.07.0000
58	野莓比比的蛋	ICON_MISSION_045_000		0	0	0		23	1	1	0	0	0	0	0	0	0	0	0		2048		0	0	0	1	999		0			0	0	1.00.0000	1.00.0000	1.07.0000	1.07.0000
59	天堂花花瓣	ICON_MISSION_063_001		0	0	0		23	1	1	0	0	0	0	0	0	0	0	0		2048		0	0	0	1	999		0			0	0	1.00.0000	1.00.0000	1.07.0000	1.07.0000
60	上古石碑碎片	ICON_MISSION_068_000		0	0	0		23	1	1	0	0	0	0	0	0	0	0	0		2048		0	0	0	1	999		0			0	0	1.00.0000	1.00.0000	1.07.0000	1.07.0000
61	警戒器零件	ICON_MISSION_038_000		0	0	0		23	1	1	0	0	0	0	0	0	0	0	0		2048		0	0	0	1	999		0			0	0	1.00.0000	1.00.0000	1.07.0000	1.07.0000
62	紅色智慧水晶	ICON_MISSION_001_001		0	0	0		23	1	1	0	0	0	0	0	0	0	0	0		2048		0	0	0	1	999		0			0	0	1.00.0000	1.00.0000	1.07.0000	1.07.0000
63	銀骨項鍊	ICON_MISSION_019_000		0	0	0		23	1	1	0	0	0	0	0	0	0	0	0		2048		0	0	0	1	999		0			0	0	1.00.0000	1.00.0000	1.07.0000	1.07.0000
64	祖母綠玉盃	ICON_MISSION_064_002		0	0	0		23	1	1	0	0	0	0	0	0	0	0	0		2048		0	0	0	1	999		0			0	0	1.00.0000	1.00.0000	1.07.0000	1.07.0000
65	小張空白紙捲	ICON_MISSION_004_000		0	0	0		23	1	1	0	0	0	0	0	0	0	0	0		2048		0	0	0	1	999		0			0	0	1.00.0000	1.00.0000	1.07.0000	1.07.0000
66	日記缺頁	ICON_MISSION_084_000		0	0	0		23	1	1	0	0	0	0	0	0	0	0	0		2048		0	0	0	1	1		0			0	0	1.00.0000	1.00.0000	1.07.0000	1.07.0000
67	日記本鑰匙	ICON_MISSION_052_000		0	0	0		23	1	1	0	0	0	0	0	0	0	0	0		2048		0	0	0	1	1		0			0	0	1.00.0000	1.00.0000	1.07.0000	1.07.0000
68	第三張募兵告示	ICON_MISSION_075_000		0	0	0		23	1	1	0	0	0	0	0	0	0	0	0		2048		0	0	0	1	999		0			0	0	1.00.0000	1.00.0000	1.07.0000	1.07.0000
69	超髒的海軍女將寫真集	ICON_MISSION_083_000		0	0	0		23	1	1	0	0	0	0	0	0	0	0	0		2048		0	0	0	1	999		0			0	0	1.00.0000	1.00.0000	1.07.0000	1.07.0000
70	黑心肝翅膀	ICON_MISSION_028_002		0	0	0		23	1	1	0	0	0	0	0	0	0	0	0		2048		0	0	0	1	999		0			0	0	1.00.0000	1.00.0000	1.07.0000	1.07.0000
71	皇家項鍊	ICON_MISSION_019_000		0	0	0		23	1	1	0	0	0	0	0	0	0	0	0		2048		0	0	0	1	999		0			0	0	1.00.0000	1.00.0000	1.07.0000	1.07.0000
72	火鳥羽毛	ICON_MISSION_028_001		0	0	0		23	1	1	0	0	0	0	0	0	0	0	0		2048		0	0	0	1	999		0			0	0	1.00.0000	1.00.0000	1.07.0000	1.07.0000
73	超嗨草藥	ICON_MISSION_020_000		0	0	0		23	1	1	0	0	0	0	0	0	0	0	0		2048		0	0	0	1	999		0			0	0	1.00.0000	1.00.0000	1.07.0000	1.07.0000
74	鬥魂禁藥	ICON_MISSION_035_000		0	0	0		23	1	1	0	0	0	0	0	0	0	0	0		2048		0	0	0	1	999		0			0	0	1.00.0000	1.00.0000	1.07.0000	1.07.0000
75	天鉤鷹爪	ICON_MISSION_046_000		0	0	0		23	1	1	0	0	0	0	0	0	0	0	0		2048		0	0	0	1	999		0			0	0	1.00.0000	1.00.0000	1.07.0000	1.07.0000
76	蛇之唾液	ICON_MISSION_049_001		0	0	0		23	1	1	0	0	0	0	0	0	0	0	0		2048		0	0	0	1	999		0			0	0	1.00.0000	1.00.0000	1.07.0000	1.07.0000
77	沼氣老酒	ICON_WINE_014_000		0	0	0		23	1	1	0	0	0	0	0	0	0	0	0		2048		0	0	0	1	999		0			0	0	1.00.0000	1.00.0000	1.07.0000	1.07.0000
78	卡洛斯的頭盔	ICON_MISSION_039_000		0	0	0		23	1	1	0	0	0	0	0	0	0	0	0		2048		0	0	0	1	999		0			0	0	1.00.0000	1.00.0000	1.07.0000	1.07.0000
79	卡洛斯的戰靴	ICON_MISSION_040_000		0	0	0		23	1	1	0	0	0	0	0	0	0	0	0		2048		0	0	0	1	999		0			0	0	1.00.0000	1.00.0000	1.07.0000	1.07.0000
80	卡洛斯的戰錘	ICON_MISSION_041_000		0	0	0		23	1	1	0	0	0	0	0	0	0	0	0		2048		0	0	0	1	999		0			0	0	1.00.0000	1.00.0000	1.07.0000	1.07.0000
81	角鬥士耳環	ICON_MISSION_074_000		0	0	0		23	1	1	0	0	0	0	0	0	0	0	0		2048		0	0	0	1	999		0			0	0	1.00.0000	1.00.0000	1.07.0000	1.07.0000
82	神鬼戰士獎盃	ICON_MISSION_064_001		0	0	0		23	1	1	0	0	0	0	0	0	0	0	0		2048		0	0	0	1	999		0			0	0	1.00.0000	1.00.0000	1.07.0000	1.07.0000
83	荊棘情花	ICON_MISSION_063_000		0	0	0		23	1	1	0	0	0	0	0	0	0	0	0		2048		0	0	0	1	999		0			0	0	1.00.0000	1.00.0000	1.07.0000	1.07.0000
84	飄飄楓葉	ICON_LEAF_005_000		0	0	0		23	1	1	0	0	0	0	0	0	0	0	0		2048		0	0	0	1	999		0			0	0	1.00.0000	1.00.0000	1.07.0000	1.07.0000
85	二手破靴	ICON_MISSION_040_000		0	0	0		23	1	1	0	0	0	0	0	0	0	0	0		2048		0	0	0	1	999		0			0	0	1.00.0000	1.00.0000	1.07.0000	1.07.0000
86	淡水活魚	ICON_MISSION_055_000		0	0	0		23	1	1	0	0	0	0	0	0	0	0	0		2048		0	0	0	1	999		0			0	0	1.00.0000	1.00.0000	1.07.0000	1.07.0000
87	澄色智慧水晶	ICON_MISSION_001_003		0	0	0		23	1	1	0	0	0	0	0	0	0	0	0		2048		0	0	0	1	999		0			0	0	1.00.0000	1.00.0000	1.07.0000	1.07.0000
88	角鬥士戰牌	ICON_MISSION_072_000		0	0	0		23	1	1	0	0	0	0	0	0	0	0	0		2048		0	0	0	1	999		0			0	0	1.00.0000	1.00.0000	1.07.0000	1.07.0000
89	小白菇粉末	ICON_MISSION_020_000		0	0	0		23	1	1	0	0	0	0	0	0	0	0	0		2048		0	0	0	1	999		0			0	0	1.00.0000	1.00.0000	1.07.0000	1.07.0000
90	毒蛇之牙	ICON_MISSION_047_000		0	0	0		23	1	1	0	0	0	0	0	0	0	0	0		2048		0	0	0	1	999		0			0	0	1.00.0000	1.00.0000	1.07.0000	1.07.0000
92	奴隸賣身契	ICON_DOCUMENT_001_000		0	0	0		23	1	1	0	0	0	0	0	0	0	0	0		2048		0	0	0	1	999		0			0	0	1.00.0000	1.00.0000	1.07.0000	1.07.0000
93	獸人之眼	ICON_MISSION_057_000		0	0	0		23	1	1	0	0	0	0	0	0	0	0	0		2048		0	0	0	1	999		0			0	0	1.00.0000	1.00.0000	1.07.0000	1.07.0000
94	越獄計劃書	ICON_DOCUMENT_000_000		0	0	0		23	1	1	0	0	0	0	0	0	0	0	0		2048		0	0	0	1	999		0			0	0	1.00.0000	1.00.0000	1.07.0000	1.07.0000
95	醉人的香料	ICON_MISSION_020_000		0	0	0		23	1	1	0	0	0	0	0	0	0	0	0		2048		0	0	0	1	999		0			0	0	1.00.0000	1.00.0000	1.07.0000	1.07.0000
96	奧德賽入獄快報	ICON_MISSION_075_000		0	0	0		23	1	1	0	0	0	0	0	0	0	0	0		2048		0	0	0	1	999		0			0	0	1.00.0000	1.00.0000	1.07.0000	1.07.0000
97	完整無缺的星辰鑽石	ICON_MISSION_053_000		0	0	0		23	1	1	0	0	0	0	0	0	0	0	0		2048		0	0	0	1	999		0			0	0	1.00.0000	1.00.0000	1.07.0000	1.07.0000
98	第二張暗號告示	ICON_MISSION_075_000		0	0	0		23	1	1	0	0	0	0	0	0	0	0	0		2048		0	0	0	1	999		0			0	0	1.00.0000	1.00.0000	1.07.0000	1.07.0000
99	第三張暗號告示	ICON_MISSION_075_000		0	0	0		23	1	1	0	0	0	0	0	0	0	0	0		2048		0	0	0	1	999		0			0	0	1.00.0000	1.00.0000	1.07.0000	1.07.0000
100	星辰鑽石	ICON_MISSION_053_000		0	0	0		23	1	1	0	0	0	0	0	0	0	0	0		2048		0	0	0	1	999		0			0	0	1.00.0000	1.00.0000	1.07.0000	1.07.0000
101	拜金女戒指	ICON_MISSION_014_000		0	0	0		23	1	1	0	0	0	0	0	0	0	0	0		2048		0	0	0	1	999		0			0	0	1.00.0000	1.00.0000	1.07.0000	1.07.0000
102	奧德賽通緝令	ICON_MISSION_076_000		0	0	0		23	1	1	0	0	0	0	0	0	0	0	0		2048		0	0	0	1	999		0			0	0	1.00.0000	1.00.0000	1.07.0000	1.07.0000
103	奧德賽的髮束	ICON_MISSION_088_000		0	0	0		23	1	1	0	0	0	0	0	0	0	0	0		2048		0	0	0	1	999		0			0	0	1.00.0000	1.00.0000	1.07.0000	1.07.0000
104	地雷引信	ICON_MISSION_018_000		0	0	0		23	1	1	0	0	0	0	0	0	0	0	0		2048		0	0	0	1	999		0			0	0	1.00.0000	1.00.0000	1.07.0000	1.07.0000
105	骷髏炸彈	ICON_MISSION_017_000		0	0	0		23	1	1	0	0	0	0	0	0	0	0	0		2048		0	0	0	1	999		0			0	0	1.00.0000	1.00.0000	1.07.0000	1.07.0000
106	腥味超重的龜肉	ICON_MISSION_009_000		0	0	0		23	1	1	0	0	0	0	0	0	0	0	0		2048		0	0	0	1	999		0			0	0	1.00.0000	1.00.0000	1.07.0000	1.07.0000
107	黑辮子海盜旗	ICON_MISSION_026_000		0	0	0		23	1	1	0	0	0	0	0	0	0	0	0		2048		0	0	0	1	999		0			0	0	1.00.0000	1.00.0000	1.07.0000	1.07.0000
108	紅鬍子海盜旗	ICON_PL_013_000		0	0	0		23	1	1	0	0	0	0	0	0	0	0	0		2048		0	0	0	1	999		0			0	0	1.00.0000	1.00.0000	1.07.0000	1.07.0000
109	第一張暗號告示	ICON_MISSION_075_000		0	0	0		23	1	1	0	0	0	0	0	0	0	0	0		2048		0	0	0	1	999		0			0	0	1.00.0000	1.00.0000	1.07.0000	1.07.0000
110	蒜味生肉	ICON_MISSION_009_000		0	0	0		23	1	1	0	0	0	0	0	0	0	0	0		2048		0	0	0	1	999		0			0	0	1.00.0000	1.00.0000	1.07.0000	1.07.0000
111	閃亮獸皮	ICON_MISSION_048_000		0	0	0		23	1	1	0	0	0	0	0	0	0	0	0		2048		0	0	0	1	999		0			0	0	1.00.0000	1.00.0000	1.07.0000	1.07.0000
112	雪貂圍巾	ICON_MISSION_033_000		0	0	0		23	1	1	0	0	0	0	0	0	0	0	0		2048		0	0	0	1	999		0			0	0	1.00.0000	1.00.0000	1.07.0000	1.07.0000
113	帥氣海軍帽	ICON_MISSION_025_000		0	0	0		23	1	1	0	0	0	0	0	0	0	0	0		2048		0	0	0	1	999		0			0	0	1.00.0000	1.00.0000	1.07.0000	1.07.0000
114	黃金虎爪	ICON_MISSION_046_001		0	0	0		23	1	1	0	0	0	0	0	0	0	0	0		2048		0	0	0	1	999		0			0	0	1.00.0000	1.00.0000	1.07.0000	1.07.0000
115	夜光貓眼石	ICON_MISSION_053_002		0	0	0		23	1	1	0	0	0	0	0	0	0	0	0		2048		0	0	0	1	999		0			0	0	1.00.0000	1.00.0000	1.07.0000	1.07.0000
116	海軍肩徽	ICON_MISSION_023_000		0	0	0		23	1	1	0	0	0	0	0	0	0	0	0		2048		0	0	0	1	999		0			0	0	1.00.0000	1.00.0000	1.07.0000	1.07.0000
117	七海五號暗號之一	ICON_MISSION_075_000		0	0	0		23	1	1	0	0	0	0	0	0	0	0	0		2048		0	0	0	1	999		0			0	0	1.00.0000	1.00.0000	1.07.0000	1.07.0000
118	深紅羽翼	ICON_MISSION_028_001		0	0	0		23	1	1	0	0	0	0	0	0	0	0	0		2048		0	0	0	1	999		0			0	0	1.00.0000	1.00.0000	1.07.0000	1.07.0000
119	瑪瑙鈴鐺	ICON_MISSION_085_000		0	0	0		23	1	1	0	0	0	0	0	0	0	0	0		2048		0	0	0	1	999		0			0	0	1.00.0000	1.00.0000	1.07.0000	1.07.0000
120	海商王的石頭	ICON_MISSION_071_000		0	0	0		23	1	1	0	0	0	0	0	0	0	0	0		2048		0	0	0	1	999		0			0	0	1.00.0000	1.00.0000	1.07.0000	1.07.0000
121	賽蓮的湯勺	ICON_MISSION_082_000		0	0	0		23	1	1	0	0	0	0	0	0	0	0	0		2048		0	0	0	1	999		0			0	0	1.00.0000	1.00.0000	1.07.0000	1.07.0000
122	黃色智慧水晶	ICON_MISSION_001_005		0	0	0		23	1	1	0	0	0	0	0	0	0	0	0		2048		0	0	0	1	999		0			0	0	1.00.0000	1.00.0000	1.07.0000	1.07.0000
123	皇族酒盃	ICON_MISSION_064_000		0	0	0		23	1	1	0	0	0	0	0	0	0	0	0		2048		0	0	0	1	999		0			0	0	1.00.0000	1.00.0000	1.07.0000	1.07.0000
124	七海五號暗號之二	ICON_MISSION_075_000		0	0	0		23	1	1	0	0	0	0	0	0	0	0	0		2048		0	0	0	1	999		0			0	0	1.00.0000	1.00.0000	1.07.0000	1.07.0000
125	七海五號暗號之三	ICON_MISSION_075_000		0	0	0		23	1	1	0	0	0	0	0	0	0	0	0		2048		0	0	0	1	999		0			0	0	1.00.0000	1.00.0000	1.07.0000	1.07.0000
126	中張空白紙捲	ICON_MISSION_004_000		0	0	0		23	1	1	0	0	0	0	0	0	0	0	0		2048		0	0	0	1	999		0			0	0	1.00.0000	1.00.0000	1.07.0000	1.07.0000
127	大張空白紙捲	ICON_MISSION_004_000		0	0	0		23	1	1	0	0	0	0	0	0	0	0	0		2048		0	0	0	1	999		0			0	0	1.00.0000	1.00.0000	1.07.0000	1.07.0000
128	一號要塞砲彈	ICON_MISSION_017_000		0	0	0		23	1	1	0	0	0	0	0	0	0	0	0		2048		0	0	0	1	999		0			0	0	1.00.0000	1.00.0000	1.07.0000	1.07.0000
129	中級原罪碎片	ICON_MISSION_030_000		0	0	0		23	1	1	0	0	0	0	0	0	0	0	0		2048		0	0	0	1	999		0			0	0	1.00.0000	1.00.0000	1.07.0000	1.07.0000
130	白銀魚骨	ICON_MISSION_031_001		0	0	0		23	1	1	0	0	0	0	0	0	0	0	0		2048		0	0	0	1	999		0			0	0	1.00.0000	1.00.0000	1.07.0000	1.07.0000
131	邪光礦石	ICON_MISSION_011_000		0	0	0		23	1	1	0	0	0	0	0	0	0	0	0		2048		0	0	0	1	999		0			0	0	1.00.0000	1.00.0000	1.07.0000	1.07.0000
132	次級原罪碎片	ICON_MISSION_030_001		0	0	0		23	1	1	0	0	0	0	0	0	0	0	0		2048		0	0	0	1	999		0			0	0	1.00.0000	1.00.0000	1.07.0000	1.07.0000
133	洞穴金庫鑰匙	ICON_MISSION_052_000		0	0	0		23	1	1	0	0	0	0	0	0	0	0	0		2048		0	0	0	1	999		0			0	0	1.00.0000	1.00.0000	1.07.0000	1.07.0000
134	航海贊助金	ICON_MISSION_053_002		0	0	0		23	1	1	0	0	0	0	0	0	0	0	0		2048		0	0	0	1	999		0			0	0	1.00.0000	1.00.0000	1.07.0000	1.07.0000
135	寒天草菇	ICON_MISSION_021_001		0	0	0		23	1	1	0	0	0	0	0	0	0	0	0		2048		0	0	0	1	999		0			0	0	1.00.0000	1.00.0000	1.07.0000	1.07.0000
136	迷迭香幼蠶	ICON_MISSION_007_000		0	0	0		23	1	1	0	0	0	0	0	0	0	0	0		2048		0	0	0	1	999		0			0	0	1.00.0000	1.00.0000	1.07.0000	1.07.0000
137	暈暈樂種子	ICON_MISSION_036_000		0	0	0		23	1	1	0	0	0	0	0	0	0	0	0		2048		0	0	0	1	999		0			0	0	1.00.0000	1.00.0000	1.07.0000	1.07.0000
138	巨獸犬齒	ICON_MISSION_047_000		0	0	0		23	1	1	0	0	0	0	0	0	0	0	0		2048		0	0	0	1	999		0			0	0	1.00.0000	1.00.0000	1.07.0000	1.07.0000
139	迷心巫蠱	ICON_MISSION_049_001		0	0	0		23	1	1	0	0	0	0	0	0	0	0	0		2048		0	0	0	1	999		0			0	0	1.00.0000	1.00.0000	1.07.0000	1.07.0000
140	貓眼藥水	ICON_MISSION_050_000		0	0	0		23	1	1	0	0	0	0	0	0	0	0	0		2048		0	0	0	1	999		0			0	0	1.00.0000	1.00.0000	1.07.0000	1.07.0000
141	醒腦膽汁	ICON_MISSION_050_000		0	0	0		23	1	1	0	0	0	0	0	0	0	0	0		2048		0	0	0	1	999		0			0	0	1.00.0000	1.00.0000	1.07.0000	1.07.0000
142	清心靈藥	ICON_MISSION_050_000		0	0	0		23	1	1	0	0	0	0	0	0	0	0	0		2048		0	0	0	1	999		0			0	0	1.00.0000	1.00.0000	1.07.0000	1.07.0000
143	亡者的紅寶石	ICON_MISSION_053_002		0	0	0		23	1	1	0	0	0	0	0	0	0	0	0		2048		0	0	0	1	999		0			0	0	1.00.0000	1.00.0000	1.07.0000	1.07.0000
144	失竊的私掠金幣	ICON_MISSION_015_000		0	0	0		23	1	1	0	0	0	0	0	0	0	0	0		2048		0	0	0	1	999		0			0	0	1.00.0000	1.00.0000	1.07.0000	1.07.0000
145	二號要塞砲彈	ICON_MISSION_017_000		0	0	0		23	1	1	0	0	0	0	0	0	0	0	0		2048		0	0	0	1	999		0			0	0	1.00.0000	1.00.0000	1.07.0000	1.07.0000
146	海藻綠寶石	ICON_MISSION_053_001		0	0	0		23	1	1	0	0	0	0	0	0	0	0	0		2048		0	0	0	1	999		0			0	0	1.00.0000	1.00.0000	1.07.0000	1.07.0000
147	膠原魚凍	ICON_MISSION_013_001		0	0	0		23	1	1	0	0	0	0	0	0	0	0	0		2048		0	0	0	1	999		0			0	0	1.00.0000	1.00.0000	1.07.0000	1.07.0000
148	冷血面霜	ICON_MISSION_049_001		0	0	0		23	1	1	0	0	0	0	0	0	0	0	0		2048		0	0	0	1	999		0			0	0	1.00.0000	1.00.0000	1.07.0000	1.07.0000
149	海軍大兵玩偶	ICON_MISSION_022_000		0	0	0		23	1	1	0	0	0	0	0	0	0	0	0		2048		0	0	0	1	999		0			0	0	1.00.0000	1.00.0000	1.07.0000	1.07.0000
150	怪盜的挑戰書	ICON_MISSION_075_000		0	0	0		23	1	1	0	0	0	0	0	0	0	0	0		2048		0	0	0	1	999		0			0	0	1.00.0000	1.00.0000	1.07.0000	1.07.0000
151	皇家銀幣	ICON_COIN_000_001		0	0	0		23	1	1	0	0	0	0	0	0	0	0	0		2048		0	0	0	1	25		0			0	0	1.00.0000	1.00.0000	1.07.0000	1.07.0000
152	摩根的髮束	ICON_MISSION_088_000		0	0	0		23	1	1	0	0	0	0	0	0	0	0	0		2048		0	0	0	1	25		0			0	0	1.00.0000	1.00.0000	1.07.0000	1.07.0000
153	精瘦獅肉	ICON_MISSION_009_000		0	0	0		23	1	1	0	0	0	0	0	0	0	0	0		2048		0	0	0	1	999		0			0	0	1.00.0000	1.00.0000	1.07.0000	1.07.0000
154	五花獅肉	ICON_MISSION_009_000		0	0	0		23	1	1	0	0	0	0	0	0	0	0	0		2048		0	0	0	1	999		0			0	0	1.00.0000	1.00.0000	1.07.0000	1.07.0000
155	殉葬首飾	ICON_MISSION_019_000		0	0	0		23	1	1	0	0	0	0	0	0	0	0	0		2048		0	0	0	1	999		0			0	0	1.00.0000	1.00.0000	1.07.0000	1.07.0000
156	食人妖耳環	ICON_MISSION_074_000		0	0	0		23	1	1	0	0	0	0	0	0	0	0	0		2048		0	0	0	1	999		0			0	0	1.00.0000	1.00.0000	1.07.0000	1.07.0000
157	綠色智慧水晶	ICON_MISSION_001_004		0	0	0		23	1	1	0	0	0	0	0	0	0	0	0		2048		0	0	0	1	999		0			0	0	1.00.0000	1.00.0000	1.07.0000	1.07.0000
158	摩根的靴子	ICON_MISSION_040_000		0	0	0		23	1	1	0	0	0	0	0	0	0	0	0		2048		0	0	0	1	999		0			0	0	1.00.0000	1.00.0000	1.07.0000	1.07.0000
159	和親契約	ICON_DOCUMENT_001_000		0	0	0		23	1	1	0	0	0	0	0	0	0	0	0		2048		0	0	0	1	999		0			0	0	1.00.0000	1.00.0000	1.07.0000	1.07.0000
160	不祥之烏骨	ICON_MISSION_080_001		0	0	0		23	1	1	0	0	0	0	0	0	0	0	0		2048		0	0	0	1	999		0			0	0	1.00.0000	1.00.0000	1.07.0000	1.07.0000
161	妖花的汁液	ICON_MISSION_073_001		0	0	0		23	1	1	0	0	0	0	0	0	0	0	0		2048		0	0	0	1	999		0			0	0	1.00.0000	1.00.0000	1.07.0000	1.07.0000
162	綠光羊角	ICON_MISSION_010_000		0	0	0		23	1	1	0	0	0	0	0	0	0	0	0		2048		0	0	0	1	999		0			0	0	1.00.0000	1.00.0000	1.07.0000	1.07.0000
163	詛咒小人偶	ICON_MISSION_077_000		0	0	0		23	1	1	0	0	0	0	0	0	0	0	0		2048		0	0	0	1	999		0			0	0	1.00.0000	1.00.0000	1.07.0000	1.07.0000
164	不祥之羽翼	ICON_MISSION_028_002		0	0	0		23	1	1	0	0	0	0	0	0	0	0	0		2048		0	0	0	1	999		0			0	0	1.00.0000	1.00.0000	1.07.0000	1.07.0000
165	腹黑獅心	ICON_MISSION_069_000		0	0	0		23	1	1	0	0	0	0	0	0	0	0	0		2048		0	0	0	1	999		0			0	0	1.00.0000	1.00.0000	1.07.0000	1.07.0000
166	炭烤黑獅心	ICON_MISSION_069_000		0	0	0		23	1	1	0	0	0	0	0	0	0	0	0		2048		0	0	0	1	999		0			0	0	1.00.0000	1.00.0000	1.07.0000	1.07.0000
167	老烏龜殼	ICON_MISSION_042_000		0	0	0		23	1	1	0	0	0	0	0	0	0	0	0		2048		0	0	0	1	999		0			0	0	1.00.0000	1.00.0000	1.07.0000	1.07.0000
168	卜卦龜甲	ICON_MISSION_042_000		0	0	0		23	1	1	0	0	0	0	0	0	0	0	0		2048		0	0	0	1	999		0			0	0	1.00.0000	1.00.0000	1.07.0000	1.07.0000
169	笑呵呵骷髏頭	ICON_MISSION_086_000		0	0	0		23	1	1	0	0	0	0	0	0	0	0	0		2048		0	0	0	1	999		0			0	0	1.00.0000	1.00.0000	1.07.0000	1.07.0000
170	亮晶晶骷髏頭	ICON_MISSION_086_001		0	0	0		23	1	1	0	0	0	0	0	0	0	0	0		2048		0	0	0	1	999		0			0	0	1.00.0000	1.00.0000	1.07.0000	1.07.0000
171	風邪草藥	ICON_MISSION_020_000		0	0	0		23	1	1	0	0	0	0	0	0	0	0	0		2048		0	0	0	1	999		0			0	0	1.00.0000	1.00.0000	1.07.0000	1.07.0000
172	大塊筋肉	ICON_MISSION_009_000		0	0	0		23	1	1	0	0	0	0	0	0	0	0	0		2048		0	0	0	1	999		0			0	0	1.00.0000	1.00.0000	1.07.0000	1.07.0000
173	精力草藥粥	ICON_MISSION_056_000		0	0	0		23	1	1	0	0	0	0	0	0	0	0	0		2048		0	0	0	1	999		0			0	0	1.00.0000	1.00.0000	1.07.0000	1.07.0000
174	墓場的土塊	ICON_MISSION_089_000		0	0	0		23	1	1	0	0	0	0	0	0	0	0	0		2048		0	0	0	1	999		0			0	0	1.00.0000	1.00.0000	1.07.0000	1.07.0000
175	玫瑰紅血水	ICON_MISSION_050_001		0	0	0		23	1	1	0	0	0	0	0	0	0	0	0		2048		0	0	0	1	999		0			0	0	1.00.0000	1.00.0000	1.07.0000	1.07.0000
176	含冤綠草	ICON_MISSION_020_000		0	0	0		23	1	1	0	0	0	0	0	0	0	0	0		2048		0	0	0	1	999		0			0	0	1.00.0000	1.00.0000	1.07.0000	1.07.0000
178	帕卡娜的敕令符	ICON_MISSION_060_000		0	0	0		23	1	1	0	0	0	0	0	0	0	0	0		2048		0	0	0	1	999		0			0	0	1.00.0000	1.00.0000	1.07.0000	1.07.0000
179	失事船隻的香料	ICON_MISSION_020_000		0	0	0		23	1	1	0	0	0	0	0	0	0	0	0		2048		0	0	0	1	999		0			0	0	1.00.0000	1.00.0000	1.07.0000	1.07.0000
180	鳥妖心臟	ICON_MISSION_069_000		0	0	0		23	1	1	0	0	0	0	0	0	0	0	0		2048		0	0	0	1	999		0			0	0	1.00.0000	1.00.0000	1.07.0000	1.07.0000
181	炭烤黑鳥心	ICON_MISSION_069_000		0	0	0		23	1	1	0	0	0	0	0	0	0	0	0		2048		0	0	0	1	999		0			0	0	1.00.0000	1.00.0000	1.07.0000	1.07.0000
182	屍毒鎮壓符	ICON_MISSION_060_000		0	0	0		23	1	1	0	0	0	0	0	0	0	0	0		2048		0	0	0	1	999		0			0	0	1.00.0000	1.00.0000	1.07.0000	1.07.0000
183	致命花香液	ICON_MISSION_073_001		0	0	0		23	1	1	0	0	0	0	0	0	0	0	0		2048		0	0	0	1	999		0			0	0	1.00.0000	1.00.0000	1.07.0000	1.07.0000
184	初戀情人的髮束	ICON_MISSION_088_000		0	0	0		23	1	1	0	0	0	0	0	0	0	0	0		2048		0	0	0	1	999		0			0	0	1.00.0000	1.00.0000	1.07.0000	1.07.0000
185	死亡之蟲	ICON_MISSION_007_000		0	0	0		23	1	1	0	0	0	0	0	0	0	0	0		2048		0	0	0	1	999		0			0	0	1.00.0000	1.00.0000	1.07.0000	1.07.0000
187	祖靈守護符	ICON_MISSION_060_000		0	0	0		23	1	1	0	0	0	0	0	0	0	0	0		2048		0	0	0	1	999		0			0	0	1.00.0000	1.00.0000	1.07.0000	1.07.0000
190	上古金盃	ICON_MISSION_064_002		0	0	0		23	1	1	0	0	0	0	0	0	0	0	0		2048		0	0	0	1	999		0			0	0	1.00.0000	1.00.0000	1.07.0000	1.07.0000
191	鹿茸烈酒	ICON_WINE_014_000		0	0	0		23	1	1	0	0	0	0	0	0	0	0	0		2048		0	0	0	1	999		0			0	0	1.00.0000	1.00.0000	1.07.0000	1.07.0000
192	企鵝肩徽	ICON_MISSION_023_000		0	0	0		23	1	1	0	0	0	0	0	0	0	0	0		2048		0	0	0	1	999		0			0	0	1.00.0000	1.00.0000	1.07.0000	1.07.0000
193	極地雪花	ICON_MISSION_063_002		0	0	0		23	1	1	0	0	0	0	0	0	0	0	0		2048		0	0	0	1	999		0			0	0	1.00.0000	1.00.0000	1.07.0000	1.07.0000
194	零度冰針	ICON_MISSION_012_001		0	0	0		23	1	1	0	0	0	0	0	0	0	0	0		2048		0	0	0	1	999		0			0	0	1.00.0000	1.00.0000	1.07.0000	1.07.0000
195	公主手織圍巾	ICON_MISSION_033_001		0	0	0		23	1	1	0	0	0	0	0	0	0	0	0		2048		0	0	0	1	999		0			0	0	1.00.0000	1.00.0000	1.07.0000	1.07.0000
196	冰凍鮪魚	ICON_MISSION_055_000		0	0	0		23	1	1	0	0	0	0	0	0	0	0	0		2048		0	0	0	1	999		0			0	0	1.00.0000	1.00.0000	1.07.0000	1.07.0000
197	硬梆梆鹿肉	ICON_MISSION_009_000		0	0	0		23	1	1	0	0	0	0	0	0	0	0	0		2048		0	0	0	1	999		0			0	0	1.00.0000	1.00.0000	1.07.0000	1.07.0000
198	萬年松果	ICON_FRUIT_004_000		0	0	0		23	1	1	0	0	0	0	0	0	0	0	0		2048		0	0	0	1	999		0			0	0	1.00.0000	1.00.0000	1.07.0000	1.07.0000
199	稀有凍土	ICON_MISSION_089_001		0	0	0		23	1	1	0	0	0	0	0	0	0	0	0		2048		0	0	0	1	999		0			0	0	1.00.0000	1.00.0000	1.07.0000	1.07.0000
200	冰猿皮草	ICON_MISSION_048_000		0	0	0		23	1	1	0	0	0	0	0	0	0	0	0		2048		0	0	0	1	999		0			0	0	1.00.0000	1.00.0000	1.07.0000	1.07.0000
201	綿花冰蛋	ICON_MISSION_045_000		0	0	0		23	1	1	0	0	0	0	0	0	0	0	0		2048		0	0	0	1	999		0			0	0	1.00.0000	1.00.0000	1.07.0000	1.07.0000
202	鹽風龜肉	ICON_MISSION_070_000		0	0	0		23	1	1	0	0	0	0	0	0	0	0	0		2048		0	0	0	1	999		0			0	0	1.00.0000	1.00.0000	1.07.0000	1.07.0000
203	深海魚骨	ICON_MISSION_031_001		0	0	0		23	1	1	0	0	0	0	0	0	0	0	0		2048		0	0	0	1	999		0			0	0	1.00.0000	1.00.0000	1.07.0000	1.07.0000
204	冰鑽龜殼	ICON_MISSION_042_001		0	0	0		23	1	1	0	0	0	0	0	0	0	0	0		2048		0	0	0	1	999		0			0	0	1.00.0000	1.00.0000	1.07.0000	1.07.0000
205	黃金尖角	ICON_MISSION_010_001		0	0	0		23	1	1	0	0	0	0	0	0	0	0	0		2048		0	0	0	1	999		0			0	0	1.00.0000	1.00.0000	1.07.0000	1.07.0000
206	藍色智慧水晶	ICON_MISSION_001_002		0	0	0		23	1	1	0	0	0	0	0	0	0	0	0		2048		0	0	0	1	999		0			0	0	1.00.0000	1.00.0000	1.07.0000	1.07.0000
207	海魅影的衣角	ICON_MISSION_006_001		0	0	0		23	1	1	0	0	0	0	0	0	0	0	0		2048		0	0	0	1	999		0			0	0	1.00.0000	1.00.0000	1.07.0000	1.07.0000
208	清心寡欲鈴鐺	ICON_MISSION_085_000		0	0	0		23	1	1	0	0	0	0	0	0	0	0	0		2048		0	0	0	1	999		0			0	0	1.00.0000	1.00.0000	1.07.0000	1.07.0000
209	凜冬香料	ICON_MISSION_020_000		0	0	0		23	1	1	0	0	0	0	0	0	0	0	0		2048		0	0	0	1	999		0			0	0	1.00.0000	1.00.0000	1.07.0000	1.07.0000
210	豪華海陸鍋	ICON_MISSION_056_000		0	0	0		23	1	1	0	0	0	0	0	0	0	0	0		2048		0	0	0	1	999		0			0	0	1.00.0000	1.00.0000	1.07.0000	1.07.0000
211	上古卷軸	ICON_MISSION_004_000		0	0	0		23	1	1	0	0	0	0	0	0	0	0	0		2048		0	0	0	1	999		0			0	0	1.00.0000	1.00.0000	1.07.0000	1.07.0000
212	歐塞羅刺殺符	ICON_MISSION_060_000		0	0	0		23	1	1	0	0	0	0	0	0	0	0	0		2048		0	0	0	1	999		0			0	0	1.00.0000	1.00.0000	1.07.0000	1.07.0000
213	歐塞羅兇殺符	ICON_MISSION_060_000		0	0	0		23	1	1	0	0	0	0	0	0	0	0	0		2048		0	0	0	1	999		0			0	0	1.00.0000	1.00.0000	1.07.0000	1.07.0000
214	歐塞羅毒殺符	ICON_MISSION_060_000		0	0	0		23	1	1	0	0	0	0	0	0	0	0	0		2048		0	0	0	1	999		0			0	0	1.00.0000	1.00.0000	1.07.0000	1.07.0000
220	亡都玉鐲	ICON_MISSION_008_000		0	0	0		23	1	1	0	0	0	0	0	0	0	0	0		2048		0	0	0	1	999		0			0	0	1.00.0000	1.00.0000	1.07.0000	1.07.0000
221	珊瑚海花	ICON_MISSION_063_000		0	0	0		23	1	1	0	0	0	0	0	0	0	0	0		2048		0	0	0	1	999		0			0	0	1.00.0000	1.00.0000	1.07.0000	1.07.0000
222	宴會肉排	ICON_MISSION_009_000		0	0	0		23	1	1	0	0	0	0	0	0	0	0	0		2048		0	0	0	1	999		0			0	0	1.00.0000	1.00.0000	1.07.0000	1.07.0000
223	盜竊之鑽	ICON_MISSION_053_000		0	0	0		23	1	1	0	0	0	0	0	0	0	0	0		2048		0	0	0	1	999		0			0	0	1.00.0000	1.00.0000	1.07.0000	1.07.0000
224	仙妲的項鍊	ICON_MISSION_019_000		0	0	0		23	1	1	0	0	0	0	0	0	0	0	0		2048		0	0	0	1	999		0			0	0	1.00.0000	1.00.0000	1.07.0000	1.07.0000
225	海軍火槍	ICON_MISSION_002_000		0	0	0		23	1	1	0	0	0	0	0	0	0	0	0		2048		0	0	0	1	999		0			0	0	1.00.0000	1.00.0000	1.07.0000	1.07.0000
226	魚叉塔的零件	ICON_MISSION_038_000		0	0	0		23	1	1	0	0	0	0	0	0	0	0	0		2048		0	0	0	1	999		0			0	0	1.00.0000	1.00.0000	1.07.0000	1.07.0000
227	臭味蟲肉	ICON_MISSION_007_000		0	0	0		23	1	1	0	0	0	0	0	0	0	0	0		2048		0	0	0	1	999		0			0	0	1.00.0000	1.00.0000	1.07.0000	1.07.0000
228	救贖靈魂石	ICON_MISSION_011_000		0	0	0		23	1	1	0	0	0	0	0	0	0	0	0		2048		0	0	0	1	999		0			0	0	1.00.0000	1.00.0000	1.07.0000	1.07.0000
229	歐貝利斯的生肉	ICON_MISSION_009_001		0	0	0		23	1	1	0	0	0	0	0	0	0	0	0		2048		0	0	0	1	999		0			0	0	1.00.0000	1.00.0000	1.07.0000	1.07.0000
230	怨念靈魂石	ICON_MISSION_011_000		0	0	0		23	1	1	0	0	0	0	0	0	0	0	0		2048		0	0	0	1	999		0			0	0	1.00.0000	1.00.0000	1.07.0000	1.07.0000
231	沉船木材	ICON_MISSION_058_000		0	0	0		23	1	1	0	0	0	0	0	0	0	0	0		2048		0	0	0	1	999		0			0	0	1.00.0000	1.00.0000	1.07.0000	1.07.0000
232	感謝的星砂	ICON_MISSION_079_000		0	0	0		23	1	1	0	0	0	0	0	0	0	0	0		2048		0	0	0	1	999		0			0	0	1.00.0000	1.00.0000	1.07.0000	1.07.0000
233	友誼的星砂	ICON_MISSION_079_000		0	0	0		23	1	1	0	0	0	0	0	0	0	0	0		2048		0	0	0	1	999		0			0	0	1.00.0000	1.00.0000	1.07.0000	1.07.0000
234	軍用口糧	ICON_MISSION_037_000		0	0	0		23	1	1	0	0	0	0	0	0	0	0	0		2048		0	0	0	1	999		0			0	0	1.00.0000	1.00.0000	1.07.0000	1.07.0000
235	醃漬烏賊罐頭	ICON_MISSION_051_000		0	0	0		23	1	1	0	0	0	0	0	0	0	0	0		2048		0	0	0	1	999		0			0	0	1.00.0000	1.00.0000	1.07.0000	1.07.0000
236	魯賓遜的萬言書	ICON_DOCUMENT_009_000		0	0	0		23	1	1	0	0	0	0	0	0	0	0	0		2048		0	0	0	1	999		0			0	0	1.00.0000	1.00.0000	1.07.0000	1.07.0000
237	精燉大骨頭	ICON_MISSION_080_000		0	0	0		23	1	1	0	0	0	0	0	0	0	0	0		2048		0	0	0	1	999		0			0	0	1.00.0000	1.00.0000	1.07.0000	1.07.0000
238	脆皮蟲蛹	ICON_MISSION_007_000		0	0	0		23	1	1	0	0	0	0	0	0	0	0	0		2048		0	0	0	1	999		0			0	0	1.01.0000	1.01.0000	1.07.0000	1.07.0000
239	爛根菜花	ICON_MISSION_063_003		0	0	0		23	1	1	0	0	0	0	0	0	0	0	0		2048		0	0	0	1	999		0			0	0	1.01.0000	1.01.0000	1.07.0000	1.07.0000
240	末日克難鍋	ICON_MISSION_056_000		0	0	0		23	1	1	0	0	0	0	0	0	0	0	0		2048		0	0	0	1	999		0			0	0	1.00.0000	1.00.0000	1.07.0000	1.07.0000
241	煉獄麻辣蛋	ICON_MISSION_045_001		0	0	0		23	1	1	0	0	0	0	0	0	0	0	0		2048		0	0	0	1	999		0			0	0	1.00.0000	1.00.0000	1.07.0000	1.07.0000
242	原罪靈魂石	ICON_MISSION_011_000		0	0	0		23	1	1	0	0	0	0	0	0	0	0	0		2048		0	0	0	1	999		0			0	0	1.00.0000	1.00.0000	1.07.0000	1.07.0000
250	巫髏地雷引信	ICON_MISSION_018_000		0	0	0		23	1	1	0	0	0	0	0	0	0	0	0		2048		0	0	0	1	999		0			0	0	1.00.0000	1.00.0000	1.07.0000	1.07.0000
251	巫髏炸彈	ICON_MISSION_017_000		0	0	0		23	1	1	0	0	0	0	0	0	0	0	0		2048		0	0	0	1	999		0			0	0	1.00.0000	1.00.0000	1.07.0000	1.07.0000
252	口臭瓦斯桶	ICON_MISSION_016_000		0	0	0		23	1	1	0	0	0	0	0	0	0	0	0		2048		0	0	0	1	999		0			0	0	1.00.0000	1.00.0000	1.07.0000	1.07.0000
253	陪葬頭盔	ICON_MISSION_039_000		0	0	0		23	1	1	0	0	0	0	0	0	0	0	0		2048		0	0	0	1	999		0			0	0	1.00.0000	1.00.0000	1.07.0000	1.07.0000
254	陪葬戰靴	ICON_MISSION_040_000		0	0	0		23	1	1	0	0	0	0	0	0	0	0	0		2048		0	0	0	1	999		0			0	0	1.00.0000	1.00.0000	1.07.0000	1.07.0000
255	陪葬戰甲	ICON_PL_012_000		0	0	0		23	1	1	0	0	0	0	0	0	0	0	0		2048		0	0	0	1	999		0			0	0	1.00.0000	1.00.0000	1.07.0000	1.07.0000
256	機甲兵的齒輪	ICON_MISSION_038_000		0	0	0		23	1	1	0	0	0	0	0	0	0	0	0		2048		0	0	0	1	999		0			0	0	1.00.0000	1.00.0000	1.07.0000	1.07.0000
257	聖殿閘門鑰匙	ICON_MISSION_052_000		0	0	0		23	1	1	0	0	0	0	0	0	0	0	0		2048		0	0	0	1	999		0			0	0	1.00.0000	1.00.0000	1.07.0000	1.07.0000
258	勸降書	ICON_DOCUMENT_001_000		0	0	0		23	1	1	0	0	0	0	0	0	0	0	0		2048		0	0	0	1	999		0			0	0	1.00.0000	1.00.0000	1.07.0000	1.07.0000
259	活跳跳海魚	ICON_MISSION_055_000		0	0	0		23	1	1	0	0	0	0	0	0	0	0	0		2048		0	0	0	1	999		0			0	0	1.00.0000	1.00.0000	1.07.0000	1.07.0000
260	破舊的地圖	ICON_MISSION_062_000		0	0	0		23	1	1	0	0	0	0	0	0	0	0	0		2048		0	0	0	1	999		0			0	0	1.00.0000	1.00.0000	1.07.0000	1.07.0000
261	皇家紋章	ICON_MISSION_043_000		0	0	0		23	1	1	0	0	0	0	0	0	0	0	0		2048		0	0	0	1	999		0			0	0	1.00.0000	1.00.0000	1.07.0000	1.07.0000
262	聖殿旗幟	ICON_MISSION_027_000		0	0	0		23	1	1	0	0	0	0	0	0	0	0	0		2048		0	0	0	1	999		0			0	0	1.00.0000	1.00.0000	1.07.0000	1.07.0000
263	祭祀酒盃	ICON_MISSION_064_000		0	0	0		23	1	1	0	0	0	0	0	0	0	0	0		2048		0	0	0	1	999		0			0	0	1.00.0000	1.00.0000	1.07.0000	1.07.0000
264	祭品陶壺	ICON_MISSION_054_000		0	0	0		23	1	1	0	0	0	0	0	0	0	0	0		2048		0	0	0	1	999		0			0	0	1.00.0000	1.00.0000	1.07.0000	1.07.0000
265	聖殿寶箱的鑰匙	ICON_MISSION_052_000		0	0	0		23	1	1	0	0	0	0	0	0	0	0	0		2048		0	0	0	1	999		0			0	0	1.00.0000	1.00.0000	1.07.0000	1.07.0000
266	祖傳玉戒	ICON_MISSION_014_000		0	0	0		23	1	1	0	0	0	0	0	0	0	0	0		2048		0	0	0	1	999		0			0	0	1.00.0000	1.00.0000	1.07.0000	1.07.0000
269	燐粉香料	ICON_MISSION_020_000		0	0	0		23	1	1	0	0	0	0	0	0	0	0	0		2048		0	0	0	1	999		0			0	0	1.00.0000	1.00.0000	1.07.0000	1.07.0000
270	眼球漿果	ICON_MISSION_057_000		0	0	0		23	1	1	0	0	0	0	0	0	0	0	0		2048		0	0	0	1	999		0			0	0	1.00.0000	1.00.0000	1.07.0000	1.07.0000
271	仙草燒酒	ICON_WINE_014_000		0	0	0		23	1	1	0	0	0	0	0	0	0	0	0		2048		0	0	0	1	999		0			0	0	1.00.0000	1.00.0000	1.07.0000	1.07.0000
272	原罪之盔	ICON_HT_016_000_F		0	0	0		23	1	1	0	0	0	0	0	0	0	0	0		2048		0	0	0	1	999		0			0	0	1.00.0000	1.00.0000	1.07.0000	1.07.0000
273	原罪之劍	IS000		0	0	0		23	1	1	0	0	0	0	0	0	0	0	0		2048		0	0	0	1	999		0			0	0	1.00.0000	1.00.0000	1.07.0000	1.07.0000
274	原罪之鎧	ICON_CT_016_000_F		0	0	0		23	1	1	0	0	0	0	0	0	0	0	0		2048		0	0	0	1	999		0			0	0	1.00.0000	1.00.0000	1.07.0000	1.07.0000
275	黑曜磨刀石	ICON_MISSION_011_000		0	0	0		23	1	1	0	0	0	0	0	0	0	0	0		2048		0	0	0	1	999		0			0	0	1.00.0000	1.00.0000	1.07.0000	1.07.0000
276	怒龍之牙	ICON_MISSION_047_000		0	0	0		23	1	1	0	0	0	0	0	0	0	0	0		2048		0	0	0	1	999		0			0	0	1.00.0000	1.00.0000	1.07.0000	1.07.0000
277	沸騰石	ICON_MISSION_011_000		0	0	0		23	1	1	0	0	0	0	0	0	0	0	0		2048		0	0	0	1	999		0			0	0	1.00.0000	1.00.0000	1.07.0000	1.07.0000
278	煉火結晶	ICON_MISSION_001_001		0	0	0		23	1	1	0	0	0	0	0	0	0	0	0		2048		0	0	0	1	999		0			0	0	1.00.0000	1.00.0000	1.07.0000	1.07.0000
280	微酸小藍莓	ICON_MISSION_034_000		0	0	0		23	1	1	0	0	0	0	0	0	0	0	0		2048		0	0	0	1	999		0			0	0	1.00.0000	1.00.0000	1.07.0000	1.07.0000
281	失樂園金蘋果	ICON_MISSION_059_001		0	0	0		23	1	1	0	0	0	0	0	0	0	0	0		2048		0	0	0	1	999		0			0	0	1.00.0000	1.00.0000	1.07.0000	1.07.0000
282	上古陶壺	ICON_MISSION_065_000		0	0	0		23	1	1	0	0	0	0	0	0	0	0	0		2048		0	0	0	1	999		0			0	0	1.00.0000	1.00.0000	1.07.0000	1.07.0000
283	上古石碑	ICON_MISSION_067_000		0	0	0		23	1	1	0	0	0	0	0	0	0	0	0		2048		0	0	0	1	999		0			0	0	1.00.0000	1.00.0000	1.07.0000	1.07.0000
284	上古陶壺碎片	ICON_MISSION_066_000		0	0	0		23	1	1	0	0	0	0	0	0	0	0	0		2048		0	0	0	1	999		0			0	0	1.00.0000	1.00.0000	1.07.0000	1.07.0000
285	上古石碑碎片	ICON_MISSION_068_000		0	0	0		23	1	1	0	0	0	0	0	0	0	0	0		2048		0	0	0	1	999		0			0	0	1.00.0000	1.00.0000	1.07.0000	1.07.0000
287	伊甸聖果	ICON_FRUIT_003_000		0	0	0		23	1	1	0	0	0	0	0	0	0	0	0		2048		0	0	0	1	999		0			0	0	1.00.0000	1.00.0000	1.07.0000	1.07.0000
288	魔女的符咒	ICON_MISSION_060_000		0	0	0		23	1	1	0	0	0	0	0	0	0	0	0		2048		0	0	0	1	999		0			0	0	1.00.0000	1.00.0000	1.07.0000	1.07.0000
289	魅惑羽翼	ICON_MISSION_028_003		0	0	0		23	1	1	0	0	0	0	0	0	0	0	0		2048		0	0	0	1	999		0			0	0	1.00.0000	1.00.0000	1.07.0000	1.07.0000
290	伊甸聖杯	ICON_MISSION_064_003		0	0	0		23	1	1	0	0	0	0	0	0	0	0	0		2048		0	0	0	1	999		0			0	0	1.00.0000	1.00.0000	1.07.0000	1.07.0000
291	天空護照	ICON_LICENSE_001_000		0	0	0		23	1	1	0	0	0	0	0	0	0	0	0		2048		0	0	0	1	999		0			0	0	1.00.0000	1.00.0000	1.07.0000	1.07.0000
292	抗風鋼板	ICON_BOSS_005_000		0	0	0		23	1	1	0	0	0	0	0	0	0	0	0		2048		0	0	0	1	999		0			0	0	1.00.0000	1.00.0000	1.07.0000	1.07.0000
293	濕內庫潤滑油	ICON_WINE_002_003		0	0	0		23	1	1	0	0	0	0	0	0	0	0	0		2048		0	0	0	1	999		0			0	0	1.00.0000	1.00.0000	1.07.0000	1.07.0000
294	反重心水晶	ICON_MISSION_001_000		0	0	0		23	1	1	0	0	0	0	0	0	0	0	0		2048		0	0	0	1	999		0			0	0	1.00.0000	1.00.0000	1.07.0000	1.07.0000
295	靛色智慧水晶	ICON_MISSION_001_006		0	0	0		23	1	1	0	0	0	0	0	0	0	0	0		2048		0	0	0	1	999		0			0	0	1.00.0000	1.00.0000	1.07.0000	1.07.0000
296	空白紙捲	ICON_MISSION_078_000		0	0	0		23	1	1	0	0	0	0	0	0	0	0	0		2048		0	0	0	1	999		0			0	0	1.00.0000	1.00.0000	1.07.0000	1.07.0000
297	碑文拓印	ICON_MISSION_078_000		0	0	0		23	1	1	0	0	0	0	0	0	0	0	0		2048		0	0	0	1	999		0			0	0	1.00.0000	1.00.0000	1.07.0000	1.07.0000
300	空賊船長帽	ICON_MISSION_025_000		0	0	0		23	1	1	0	0	0	0	0	0	0	0	0		2048		0	0	0	1	999		0			0	0	1.00.0000	1.00.0000	1.07.0000	1.07.0000
301	古文明山寨齒輪	ICON_MISSION_038_000		0	0	0		23	1	1	0	0	0	0	0	0	0	0	0		2048		0	0	0	1	999		0			0	0	1.00.0000	1.00.0000	1.07.0000	1.07.0000
302	摩根的海盜旗	ICON_MISSION_026_000		0	0	0		23	1	1	0	0	0	0	0	0	0	0	0		2048		0	0	0	1	999		0			0	0	1.00.0000	1.00.0000	1.07.0000	1.07.0000
303	柏拉圖的天空護照	ICON_LICENSE_001_000		0	0	0		23	1	1	0	0	0	0	0	0	0	0	0		2048		0	0	0	1	999		0			0	0	1.00.0000	1.00.0000	1.07.0000	1.07.0000
304	愛戀寶石	ICON_MISSION_053_002		0	0	0		23	1	1	0	0	0	0	0	0	0	0	0		2048		0	0	0	1	999		0			0	0	1.00.0000	1.00.0000	1.07.0000	1.07.0000
305	真情小白花	ICON_MISSION_063_002		0	0	0		23	1	1	0	0	0	0	0	0	0	0	0		2048		0	0	0	1	999		0			0	0	1.00.0000	1.00.0000	1.07.0000	1.07.0000
306	帥哥愛心禮物	ICON_MISSION_044_000		0	0	0		23	1	1	0	0	0	0	0	0	0	0	0		2048		0	0	0	1	999		0			0	0	1.00.0000	1.00.0000	1.07.0000	1.07.0000
307	白涮涮清潔劑	ICON_WINE_002_003		0	0	0		23	1	1	0	0	0	0	0	0	0	0	0		2048		0	0	0	1	999		0			0	0	1.00.0000	1.00.0000	1.07.0000	1.07.0000
308	超合金齒輪	ICON_MISSION_038_000		0	0	0		23	1	1	0	0	0	0	0	0	0	0	0		2048		0	0	0	1	999		0			0	0	1.00.0000	1.00.0000	1.07.0000	1.07.0000
309	鐵盔頭顱	ICON_MISSION_039_000		0	0	0		23	1	1	0	0	0	0	0	0	0	0	0		2048		0	0	0	1	999		0			0	0	1.00.0000	1.00.0000	1.07.0000	1.07.0000
310	達文西的設計圖	ICON_MISSION_004_000		0	0	0		23	1	1	0	0	0	0	0	0	0	0	0		2048		0	0	0	1	999		0			0	0	1.00.0000	1.00.0000	1.07.0000	1.07.0000
311	驅動水晶	ICON_MISSION_001_000		0	0	0		23	1	1	0	0	0	0	0	0	0	0	0		2048		0	0	0	1	999		0			0	0	1.00.0000	1.00.0000	1.07.0000	1.07.0000
312	符文徽章	ICON_MISSION_043_000		0	0	0		23	1	1	0	0	0	0	0	0	0	0	0		2048		0	0	0	1	999		0			0	0	1.00.0000	1.00.0000	1.07.0000	1.07.0000
315	珍藏項鍊	ICON_MISSION_019_000		0	0	0		23	1	1	0	0	0	0	0	0	0	0	0		2048		0	0	0	1	999		0			0	0	1.00.0000	1.00.0000	1.07.0000	1.07.0000
316	珍藏戒指	ICON_MISSION_014_000		0	0	0		23	1	1	0	0	0	0	0	0	0	0	0		2048		0	0	0	1	999		0			0	0	1.00.0000	1.00.0000	1.07.0000	1.07.0000
317	超鹹海水瓶	ICON_WINE_004_004		0	0	0		23	1	1	0	0	0	0	0	0	0	0	0		2048		0	0	0	1	999		0			0	0	1.00.0000	1.00.0000	1.07.0000	1.07.0000
318	過濾淡水瓶	ICON_WINE_005_004		0	0	0		23	1	1	0	0	0	0	0	0	0	0	0		2048		0	0	0	1	999		0			0	0	1.00.0000	1.00.0000	1.07.0000	1.07.0000
319	深海鑽石	ICON_GEM_000_001		0	0	0		23	1	1	0	0	0	0	0	0	0	0	0		2048		0	0	0	1	999		0			0	0	1.00.0000	1.00.0000	1.07.0000	1.07.0000
320	十字軍徽章	ICON_MISSION_043_000		0	0	0		23	1	1	0	0	0	0	0	0	0	0	0		2048		0	0	0	1	999		0			0	0	1.00.0000	1.00.0000	1.07.0000	1.07.0000
321	火熱機槍	ICON_FIREARM_002_000		0	0	0		23	1	1	0	0	0	0	0	0	0	0	0		2048		0	0	0	1	999		0			0	0	1.00.0000	1.00.0000	1.07.0000	1.07.0000
322	美人魚肉	ICON_MISSION_070_000		0	0	0		23	1	1	0	0	0	0	0	0	0	0	0		2048		0	0	0	1	999		0			0	0	1.00.0000	1.00.0000	1.07.0000	1.07.0000
323	巫髏大骨	ICON_MISSION_080_000		0	0	0		23	1	1	0	0	0	0	0	0	0	0	0		2048		0	0	0	1	999		0			0	0	1.00.0000	1.00.0000	1.07.0000	1.07.0000
324	閃光水晶碎片	ICON_MISSION_030_000		0	0	0		23	1	1	0	0	0	0	0	0	0	0	0		2048		0	0	0	1	999		0			0	0	1.00.0000	1.00.0000	1.07.0000	1.07.0000
325	君王陪葬陶壺	ICON_MISSION_065_000		0	0	0		23	1	1	0	0	0	0	0	0	0	0	0		2048		0	0	0	1	999		0			0	0	1.00.0000	1.00.0000	1.07.0000	1.07.0000
326	皇室金幣	ICON_MISSION_015_000		0	0	0		23	1	1	0	0	0	0	0	0	0	0	0		2048		0	0	0	1	999		0			0	0	1.00.0000	1.00.0000	1.07.0000	1.07.0000
327	冷藏海魚	ICON_MISSION_055_000		0	0	0		23	1	1	0	0	0	0	0	0	0	0	0		2048		0	0	0	1	999		0			0	0	1.00.0000	1.00.0000	1.07.0000	1.07.0000
328	清涼啤酒	ICON_MISSION_061_000		0	0	0		23	1	1	0	0	0	0	0	0	0	0	0		2048		0	0	0	1	999		0			0	0	1.00.0000	1.00.0000	1.07.0000	1.07.0000
329	啟示錄碎片	ICON_MISSION_084_000		0	0	0		23	1	1	0	0	0	0	0	0	0	0	0		2048		0	0	0	1	999		0			0	0	1.00.0000	1.00.0000	1.07.0000	1.07.0000
330	死者的原罪石	ICON_MISSION_011_000		0	0	0		23	1	1	0	0	0	0	0	0	0	0	0		2048		0	0	0	1	999		0			0	0	1.00.0000	1.00.0000	1.07.0000	1.07.0000
331	導電觸角	ICON_MISSION_012_001		0	0	0		23	1	1	0	0	0	0	0	0	0	0	0		2048		0	0	0	1	999		0			0	0	1.00.0000	1.00.0000	1.07.0000	1.07.0000
332	君王陪葬古劍	ICON_PL_011_000		0	0	0		23	1	1	0	0	0	0	0	0	0	0	0		2048		0	0	0	1	999		0			0	0	1.00.0000	1.00.0000	1.07.0000	1.07.0000
333	君王陪葬金盃	ICON_MISSION_064_000		0	0	0		23	1	1	0	0	0	0	0	0	0	0	0		2048		0	0	0	1	999		0			0	0	1.00.0000	1.00.0000	1.07.0000	1.07.0000
335	五香蛆蛆	ICON_MISSION_007_000		0	0	0		23	1	1	0	0	0	0	0	0	0	0	0		2048		0	0	0	1	999		0			0	0	1.00.0000	1.00.0000	1.07.0000	1.07.0000
336	不乾淨的湯匙	ICON_MISSION_082_000		0	0	0		23	1	1	0	0	0	0	0	0	0	0	0		2048		0	0	0	1	999		0			0	0	1.00.0000	1.00.0000	1.07.0000	1.07.0000
337	鷹眼眼藥水	ICON_MISSION_050_000		0	0	0		23	1	1	0	0	0	0	0	0	0	0	0		2048		0	0	0	1	999		0			0	0	1.00.0000	1.00.0000	1.07.0000	1.07.0000
338	鬼之青眼	ICON_MISSION_057_000		0	0	0		23	1	1	0	0	0	0	0	0	0	0	0		2048		0	0	0	1	999		0			0	0	1.00.0000	1.00.0000	1.07.0000	1.07.0000
339	鯊魚鋼鋸	ICON_MISSION_038_000		0	0	0		23	1	1	0	0	0	0	0	0	0	0	0		2048		0	0	0	1	999		0			0	0	1.00.0000	1.00.0000	1.07.0000	1.07.0000
340	極惡犬牙	ICON_MISSION_047_000		0	0	0		23	1	1	0	0	0	0	0	0	0	0	0		2048		0	0	0	1	999		0			0	0	1.00.0000	1.00.0000	1.07.0000	1.07.0000
341	岩漿味噌湯	ICON_MISSION_056_000		0	0	0		23	1	1	0	0	0	0	0	0	0	0	0		2048		0	0	0	1	999		0			0	0	1.00.0000	1.00.0000	1.07.0000	1.07.0000
342	史萊姆布丁	ICON_MISSION_013_000		0	0	0		23	1	1	0	0	0	0	0	0	0	0	0		2048		0	0	0	1	999		0			0	0	1.00.0000	1.00.0000	1.07.0000	1.07.0000
343	血龍之王戰書	ICON_DOCUMENT_000_000		0	0	0		23	1	1	0	0	0	0	0	0	0	0	0		2048		0	0	0	1	999		0			0	0	1.00.0000	1.00.0000	1.07.0000	1.07.0000
344	火辣之血	ICON_MISSION_050_001		0	0	0		23	1	1	0	0	0	0	0	0	0	0	0		2048		0	0	0	1	999		0			0	0	1.00.0000	1.00.0000	1.07.0000	1.07.0000
345	魔鬼紅蛋	ICON_MISSION_045_000		0	0	0		23	1	1	0	0	0	0	0	0	0	0	0		2048		0	0	0	1	999		0			0	0	1.00.0000	1.00.0000	1.07.0000	1.07.0000
346	小顆海神真珠	ICON_STONE_002_000		0	0	0		23	1	1	0	0	0	0	0	0	0	0	0		2048		0	0	0	1	999		0			0	0	1.00.0000	1.00.0000	1.07.0000	1.07.0000
347	地獄靈魂石	ICON_MISSION_011_000		0	0	0		23	1	1	0	0	0	0	0	0	0	0	0		2048		0	0	0	1	999		0			0	0	1.00.0000	1.00.0000	1.07.0000	1.07.0000
348	撕裂巨爪	ICON_MISSION_046_000		0	0	0		23	1	1	0	0	0	0	0	0	0	0	0		2048		0	0	0	1	999		0			0	0	1.00.0000	1.00.0000	1.07.0000	1.07.0000
349	屠夫刀	ICON_BOSS_005_000		0	0	0		23	1	1	0	0	0	0	0	0	0	0	0		2048		0	0	0	1	999		0			0	0	1.00.0000	1.00.0000	1.07.0000	1.07.0000
350	高蛋白黏液	ICON_MISSION_050_000		0	0	0		23	1	1	0	0	0	0	0	0	0	0	0		2048		0	0	0	1	999		0			0	0	1.00.0000	1.00.0000	1.07.0000	1.07.0000
351	中顆海神真珠	ICON_STONE_002_000		0	0	0		23	1	1	0	0	0	0	0	0	0	0	0		2048		0	0	0	1	999		0			0	0	1.00.0000	1.00.0000	1.07.0000	1.07.0000
352	大顆海神真珠	ICON_STONE_002_000		0	0	0		23	1	1	0	0	0	0	0	0	0	0	0		2048		0	0	0	1	999		0			0	0	1.00.0000	1.00.0000	1.07.0000	1.07.0000
355	禁忌之花	ICON_MISSION_063_003		0	0	0		23	1	1	0	0	0	0	0	0	0	0	0		2048		0	0	0	1	999		0			0	0	1.00.0000	1.00.0000	1.07.0000	1.07.0000
356	美白蛇牙	ICON_MISSION_047_000		0	0	0		23	1	1	0	0	0	0	0	0	0	0	0		2048		0	0	0	1	999		0			0	0	1.00.0000	1.00.0000	1.07.0000	1.07.0000
357	野生孵蛋	ICON_MISSION_045_000		0	0	0		23	1	1	0	0	0	0	0	0	0	0	0		2048		0	0	0	1	999		0			0	0	1.00.0000	1.00.0000	1.07.0000	1.07.0000
358	荒島建設物資	ICON_MISSION_020_000		0	0	0		23	1	1	0	0	0	0	0	0	0	0	0		2048		0	0	0	1	999		0			0	0	1.00.0000	1.00.0000	1.07.0000	1.07.0000
359	海神家小夜燈	ICON_MISSION_085_000		0	0	0		23	1	1	0	0	0	0	0	0	0	0	0		2048		0	0	0	1	999		0			0	0	1.00.0000	1.00.0000	1.07.0000	1.07.0000
360	伊甸香料	ICON_MISSION_020_000		0	0	0		23	1	1	0	0	0	0	0	0	0	0	0		2048		0	0	0	1	999		0			0	0	1.00.0000	1.00.0000	1.07.0000	1.07.0000
361	古卷軸左半破片	ICON_MISSION_005_000		0	0	0		23	1	1	0	0	0	0	0	0	0	0	0		2048		0	0	0	1	999		0			0	0	1.00.0000	1.00.0000	1.07.0000	1.07.0000
362	古卷軸右半破片	ICON_MISSION_005_000		0	0	0		23	1	1	0	0	0	0	0	0	0	0	0		2048		0	0	0	1	999		0			0	0	1.00.0000	1.00.0000	1.07.0000	1.07.0000
363	完整的古卷軸	ICON_MISSION_004_000		0	0	0		23	1	1	0	0	0	0	0	0	0	0	0		2048		0	0	0	1	999		0			0	0	1.00.0000	1.00.0000	1.07.0000	1.07.0000
364	遺跡出土陶器	ICON_MISSION_065_000		0	0	0		23	1	1	0	0	0	0	0	0	0	0	0		2048		0	0	0	1	999		0			0	0	1.00.0000	1.00.0000	1.07.0000	1.07.0000
366	先知的啟示	ICON_DOCUMENT_001_000		0	0	0		23	1	1	0	0	0	0	0	0	0	0	0		2048		0	0	0	1	999		0			0	0	1.00.0000	1.00.0000	1.07.0000	1.07.0000
367	天使羔羊排	ICON_MISSION_009_000		0	0	0		23	1	1	0	0	0	0	0	0	0	0	0		2048		0	0	0	1	999		0			0	0	1.00.0000	1.00.0000	1.07.0000	1.07.0000
368	邪念之眼	ICON_MISSION_057_000		0	0	0		23	1	1	0	0	0	0	0	0	0	0	0		2048		0	0	0	1	999		0			0	0	1.00.0000	1.00.0000	1.07.0000	1.07.0000
369	晶瑩剔透面膜膠	ICON_MISSION_013_001		0	0	0		23	1	1	0	0	0	0	0	0	0	0	0		2048		0	0	0	1	999		0			0	0	1.00.0000	1.00.0000	1.07.0000	1.07.0000
370	捧花花瓣	ICON_MISSION_020_000		0	0	0		23	1	1	0	0	0	0	0	0	0	0	0		2048		0	0	0	1	999		0			0	0	1.00.0000	1.00.0000	1.07.0000	1.07.0000
371	愛神紅花	ICON_MISSION_063_000		0	0	0		23	1	1	0	0	0	0	0	0	0	0	0		2048		0	0	0	1	999		0			0	0	1.00.0000	1.00.0000	1.07.0000	1.07.0000
372	海盜臭皮靴	ICON_MISSION_040_000		0	0	0		23	1	1	0	0	0	0	0	0	0	0	0		2048		0	0	0	1	999		0			0	0	1.00.0000	1.00.0000	1.07.0000	1.07.0000
373	狂牛海賊帽	ICON_MISSION_025_000		0	0	0		23	1	1	0	0	0	0	0	0	0	0	0		2048		0	0	0	1	999		0			0	0	1.01.0000	1.01.0000	1.07.0000	1.07.0000
374	睡牛能量飲料	ICON_MISSION_050_000		0	0	0		23	1	1	0	0	0	0	0	0	0	0	0		2048		0	0	0	1	999		0			0	0	1.00.0000	1.00.0000	1.07.0000	1.07.0000
375	粉絲的信件	ICON_DOCUMENT_000_000		0	0	0		23	1	1	0	0	0	0	0	0	0	0	0		2048		0	0	0	1	999		0			0	0	1.00.0000	1.00.0000	1.07.0000	1.07.0000
376	紫色智慧水晶	ICON_MISSION_001_007		0	0	0		23	1	1	0	0	0	0	0	0	0	0	0		2048		0	0	0	1	999		0			0	0	1.00.0000	1.00.0000	1.07.0000	1.07.0000
377	叮叮噹噹耳環	ICON_MISSION_074_000		0	0	0		23	1	1	0	0	0	0	0	0	0	0	0		2048		0	0	0	1	999		0			0	0	1.00.0000	1.00.0000	1.07.0000	1.07.0000
378	機甲出廠標牌	ICON_MISSION_072_000		0	0	0		23	1	1	0	0	0	0	0	0	0	0	0		2048		0	0	0	1	999		0			0	0	1.00.0000	1.00.0000	1.07.0000	1.07.0000
379	刮不壞金剛鑽	ICON_MISSION_053_000		0	0	0		23	1	1	0	0	0	0	0	0	0	0	0		2048		0	0	0	1	999		0			0	0	1.00.0000	1.00.0000	1.07.0000	1.07.0000
380	廢都齒輪	ICON_MISSION_038_000		0	0	0		23	1	1	0	0	0	0	0	0	0	0	0		2048		0	0	0	1	999		0			0	0	1.00.0000	1.00.0000	1.07.0000	1.07.0000
381	廢都卷軸	ICON_DOCUMENT_004_000		0	0	0		23	1	1	0	0	0	0	0	0	0	0	0		2048		0	0	0	1	999		0			0	0	1.00.0000	1.00.0000	1.07.0000	1.07.0000
382	廢都礦石	ICON_MISSION_001_000		0	0	0		23	1	1	0	0	0	0	0	0	0	0	0		2048		0	0	0	1	999		0			0	0	1.00.0000	1.00.0000	1.07.0000	1.07.0000
383	蘿絲瑪莉寫真照	ICON_MISSION_083_000		0	0	0		23	1	1	0	0	0	0	0	0	0	0	0		2048		0	0	0	1	999		0			0	0	1.00.0000	1.00.0000	1.07.0000	1.07.0000
384	海軍薪水袋	ICON_MISSION_020_000		0	0	0		23	1	1	0	0	0	0	0	0	0	0	0		2048		0	0	0	1	999		0			0	0	1.00.0000	1.00.0000	1.07.0000	1.07.0000
385	超營養軍糧	ICON_MISSION_056_000		0	0	0		23	1	1	0	0	0	0	0	0	0	0	0		2048		0	0	0	1	999		0			0	0	1.00.0000	1.00.0000	1.07.0000	1.07.0000
386	亡國者的項鍊	ICON_MISSION_019_000		0	0	0		23	1	1	0	0	0	0	0	0	0	0	0		2048		0	0	0	1	999		0			0	0	1.00.0000	1.00.0000	1.07.0000	1.07.0000
387	亡國者的戒指	ICON_BL_007_000		0	0	0		23	1	1	0	0	0	0	0	0	0	0	0		2048		0	0	0	1	999		0			0	0	1.00.0000	1.00.0000	1.07.0000	1.07.0000
388	亡國者的金庫鑰匙	ICON_MISSION_052_000		0	0	0		23	1	1	0	0	0	0	0	0	0	0	0		2048		0	0	0	1	999		0			0	0	1.00.0000	1.00.0000	1.07.0000	1.07.0000
400	靈魂寶鑽	ICON_MISSION_053_000		0	0	0		23	1	1	0	0	0	0	0	0	0	0	0		2048		0	0	0	1	999		0			0	0	1.00.0000	1.00.0000	1.07.0000	1.07.0000
405	姆帝國終結水晶	ICON_MISSION_001_000		0	0	0		23	1	1	0	0	0	0	0	0	0	0	0		2048		0	0	0	1	999		0			0	0	1.00.0000	1.00.0000	1.07.0000	1.07.0000
406	海盜王秘寶山寨品	ICON_CONTAINER_017_000		0	0	0		23	1	1	0	0	0	0	0	0	0	0	0		2048		0	0	0	1	999		0			0	0	1.00.0000	1.00.0000	1.07.0000	1.07.0000
407	奧德賽的耳環	ICON_LIQUID_002_000		0	0	0		23	1	1	0	0	0	0	0	0	0	0	0		2048		0	0	0	1	999		0			0	0	1.00.0000	1.00.0000	1.07.0000	1.07.0000
408	海神儀	ICON_MISSION_045_000		0	0	0		23	1	1	0	0	0	0	0	0	0	0	0		2048		0	0	0	1	999		0			0	0	1.00.0000	1.00.0000	1.07.0000	1.07.0000
409	天空的機槍	ICON_MISSION_003_000		0	0	0		23	1	1	0	0	0	0	0	0	0	0	0		2048		0	0	0	1	999		0			0	0	1.00.0000	1.00.0000	1.07.0000	1.07.0000
410	天空的樹液	ICON_LIQUID_000_001		0	0	0		23	1	1	0	0	0	0	0	0	0	0	0		2048		0	0	0	1	999		0			0	0	1.00.0000	1.00.0000	1.07.0000	1.07.0000
411	天空的機油	ICON_LIQUID_001_000		0	0	0		23	1	1	0	0	0	0	0	0	0	0	0		2048		0	0	0	1	999		0			0	0	1.00.0000	1.00.0000	1.07.0000	1.07.0000
412	航海家的補藥	ICON_MISSION_050_000		0	0	0		23	1	1	0	0	0	0	0	0	0	0	0		2048		0	0	0	1	999		0			0	0	1.00.0000	1.00.0000	1.07.0000	1.07.0000
413	航海家的幸運物	ICON_MISSION_014_000		0	0	0		23	1	1	0	0	0	0	0	0	0	0	0		2048		0	0	0	1	999		0			0	0	1.00.0000	1.00.0000	1.07.0000	1.07.0000
414	鹹死人醃肉	ICON_MISSION_009_001		0	0	0		23	1	1	0	0	0	0	0	0	0	0	0		2048		0	0	0	1	999		0			0	0	1.00.0000	1.00.0000	1.07.0000	1.07.0000
415	乾巴巴醃肉	ICON_MISSION_009_000		0	0	0		23	1	1	0	0	0	0	0	0	0	0	0		2048		0	0	0	1	999		0			0	0	1.00.0000	1.00.0000	1.07.0000	1.07.0000
416	珍奇羽翼	ICON_MISSION_028_000		0	0	0		23	1	1	0	0	0	0	0	0	0	0	0		2048		0	0	0	1	999		0			0	0	1.00.0000	1.00.0000	1.07.0000	1.07.0000
417	珍奇花粉	ICON_POWDER_000_004		0	0	0		23	1	1	0	0	0	0	0	0	0	0	0		2048		0	0	0	1	999		0			0	0	1.00.0000	1.00.0000	1.07.0000	1.07.0000
418	稀有的紅肉	ICON_MISSION_069_000		0	0	0		23	1	1	0	0	0	0	0	0	0	0	0		2048		0	0	0	1	999		0			0	0	1.00.0000	1.00.0000	1.07.0000	1.07.0000
419	稀有的黑肉	ICON_MISSION_046_000		0	0	0		23	1	1	0	0	0	0	0	0	0	0	0		2048		0	0	0	1	999		0			0	0	1.00.0000	1.00.0000	1.07.0000	1.07.0000
420	雪花白肉	ICON_MISSION_070_000		0	0	0		23	1	1	0	0	0	0	0	0	0	0	0		2048		0	0	0	1	999		0			0	0	1.00.0000	1.00.0000	1.07.0000	1.07.0000
421	冰海鱗片	ICON_MISSION_084_000		0	0	0		23	1	1	0	0	0	0	0	0	0	0	0		2048		0	0	0	1	999		0			0	0	1.00.0000	1.00.0000	1.07.0000	1.07.0000
422	異界虎牙	ICON_BOSS_004_000		0	0	0		23	1	1	0	0	0	0	0	0	0	0	0		2048		0	0	0	1	999		0			0	0	1.00.0000	1.00.0000	1.07.0000	1.07.0000
423	異界白牙	ICON_MISSION_047_000		0	0	0		23	1	1	0	0	0	0	0	0	0	0	0		2048		0	0	0	1	999		0			0	0	1.00.0000	1.00.0000	1.07.0000	1.07.0000
424	末日活魚	ICON_MISSION_055_000		0	0	0		23	1	1	0	0	0	0	0	0	0	0	0		2048		0	0	0	1	999		0			0	0	1.00.0000	1.00.0000	1.07.0000	1.07.0000
425	末日死魚	ICON_MISSION_031_001		0	0	0		23	1	1	0	0	0	0	0	0	0	0	0		2048		0	0	0	1	999		0			0	0	1.00.0000	1.00.0000	1.07.0000	1.07.0000
426	地獄羽毛	ICON_MISSION_028_001		0	0	0		23	1	1	0	0	0	0	0	0	0	0	0		2048		0	0	0	1	999		0			0	0	1.00.0000	1.00.0000	1.07.0000	1.07.0000
427	地獄尖角	ICON_MISSION_010_000		0	0	0		23	1	1	0	0	0	0	0	0	0	0	0		2048		0	0	0	1	999		0			0	0	1.00.0000	1.00.0000	1.07.0000	1.07.0000
428	地獄腐肉	ICON_MISSION_009_001		0	0	0		23	1	1	0	0	0	0	0	0	0	0	0		2048		0	0	0	1	999		0			0	0	1.00.0000	1.00.0000	1.07.0000	1.07.0000
429	伊甸的莓果	ICON_MISSION_029_000		0	0	0		23	1	1	0	0	0	0	0	0	0	0	0		2048		0	0	0	1	999		0			0	0	1.00.0000	1.00.0000	1.07.0000	1.07.0000
430	伊甸的羊角	ICON_MISSION_010_001		0	0	0		23	1	1	0	0	0	0	0	0	0	0	0		2048		0	0	0	1	999		0			0	0	1.00.0000	1.00.0000	1.07.0000	1.07.0000
431	伊甸的毒液	ICON_MISSION_050_000		0	0	0		23	1	1	0	0	0	0	0	0	0	0	0		2048		0	0	0	1	999		0			0	0	1.00.0000	1.00.0000	1.07.0000	1.07.0000
433	南洋胡椒	ICON_MISSION_020_000		0	0	0		23	1	1	0	0	0	0	0	0	0	0	0		2048		0	0	0	1	999		0			0	0	1.00.0000	1.00.0000	1.07.0000	1.07.0000
438	名牌絲綢	ICON_MISSION_033_001		0	0	0		23	1	1	0	0	0	0	0	0	0	0	0		2048		0	0	0	1	999		0			0	0	1.00.0000	1.00.0000	1.07.0000	1.07.0000
443	特級葡萄酒	ICON_WINE_009_000		0	0	0		23	1	1	0	0	0	0	0	0	0	0	0		2048		0	0	0	1	999		0			0	0	1.00.0000	1.00.0000	1.07.0000	1.07.0000
448	精良火槍	ICON_MISSION_002_000		0	0	0		23	1	1	0	0	0	0	0	0	0	0	0		2048		0	0	0	1	999		0			0	0	1.00.0000	1.00.0000	1.07.0000	1.07.0000
453	武士魂‧義	ICON_MISSION_011_000		0	0	0		23	1	1	0	0	0	0	0	0	0	0	0		2048		0	0	0	1	999		0			0	0	1.00.0000	1.00.0000	1.07.0000	1.07.0000
454	武士魂‧勇	ICON_MISSION_011_000		0	0	0		23	1	1	0	0	0	0	0	0	0	0	0		2048		0	0	0	1	999		0			0	0	1.00.0000	1.00.0000	1.07.0000	1.07.0000
455	武士魂‧仁	ICON_MISSION_011_000		0	0	0		23	1	1	0	0	0	0	0	0	0	0	0		2048		0	0	0	1	999		0			0	0	1.00.0000	1.00.0000	1.07.0000	1.07.0000
456	武士魂‧禮	ICON_MISSION_011_000		0	0	0		23	1	1	0	0	0	0	0	0	0	0	0		2048		0	0	0	1	999		0			0	0	1.00.0000	1.00.0000	1.07.0000	1.07.0000
457	武士魂‧誠	ICON_MISSION_011_000		0	0	0		23	1	1	0	0	0	0	0	0	0	0	0		2048		0	0	0	1	999		0			0	0	1.00.0000	1.00.0000	1.07.0000	1.07.0000
458	武士魂‧名	ICON_MISSION_011_000		0	0	0		23	1	1	0	0	0	0	0	0	0	0	0		2048		0	0	0	1	999		0			0	0	1.00.0000	1.00.0000	1.07.0000	1.07.0000
459	武士魂‧忠	ICON_MISSION_011_000		0	0	0		23	1	1	0	0	0	0	0	0	0	0	0		2048		0	0	0	1	999		0			0	0	1.00.0000	1.00.0000	1.07.0000	1.07.0000
460	武士魂‧克	ICON_MISSION_011_000		0	0	0		23	1	1	0	0	0	0	0	0	0	0	0		2048		0	0	0	1	999		0			0	0	1.00.0000	1.00.0000	1.07.0000	1.07.0000
461	餓狼魂‧狩	ICON_MISSION_011_000		0	0	0		23	1	1	0	0	0	0	0	0	0	0	0		2048		0	0	0	1	999		0			0	0	1.02.0000	1.02.0000	1.07.0000	1.07.0000
462	餓狼魂‧獵	ICON_MISSION_011_000		0	0	0		23	1	1	0	0	0	0	0	0	0	0	0		2048		0	0	0	1	999		0			0	0	1.02.0000	1.02.0000	1.07.0000	1.07.0000
463	餓狼魂‧爭	ICON_MISSION_011_000		0	0	0		23	1	1	0	0	0	0	0	0	0	0	0		2048		0	0	0	1	999		0			0	0	1.02.0000	1.02.0000	1.07.0000	1.07.0000
464	餓狼魂‧鬥	ICON_MISSION_011_000		0	0	0		23	1	1	0	0	0	0	0	0	0	0	0		2048		0	0	0	1	999		0			0	0	1.02.0000	1.02.0000	1.07.0000	1.07.0000
465	餓狼魂‧狂	ICON_MISSION_011_000		0	0	0		23	1	1	0	0	0	0	0	0	0	0	0		2048		0	0	0	1	999		0			0	0	1.02.0000	1.02.0000	1.07.0000	1.07.0000
466	餓狼魂‧亂	ICON_MISSION_011_000		0	0	0		23	1	1	0	0	0	0	0	0	0	0	0		2048		0	0	0	1	999		0			0	0	1.02.0000	1.02.0000	1.07.0000	1.07.0000
467	餓狼魂‧凶	ICON_MISSION_011_000		0	0	0		23	1	1	0	0	0	0	0	0	0	0	0		2048		0	0	0	1	999		0			0	0	1.02.0000	1.02.0000	1.07.0000	1.07.0000
468	餓狼魂‧惡	ICON_MISSION_011_000		0	0	0		23	1	1	0	0	0	0	0	0	0	0	0		2048		0	0	0	1	999		0			0	0	1.02.0000	1.02.0000	1.07.0000	1.07.0000
469	餓狼魂‧暴	ICON_MISSION_011_000		0	0	0		23	1	1	0	0	0	0	0	0	0	0	0		2048		0	0	0	1	999		0			0	0	1.02.0000	1.02.0000	1.07.0000	1.07.0000
470	餓狼魂‧戾	ICON_MISSION_011_000		0	0	0		23	1	1	0	0	0	0	0	0	0	0	0		2048		0	0	0	1	999		0			0	0	1.02.0000	1.02.0000	1.07.0000	1.07.0000
471	餓狼魂‧自由	ICON_MISSION_011_000		0	0	0		23	1	1	0	0	0	0	0	0	0	0	0		2048		0	0	0	1	999		0			0	0	1.02.0000	1.02.0000	1.07.0000	1.07.0000
500	造船木材	ICON_MISSION_058_000		0	0	0		23	1	1	0	0	0	0	0	0	0	0	0		2048		0	0	0	1	999		0			0	0	1.00.0000	1.00.0000	1.07.0000	1.07.0000
501	鐵礦石	ICON_MISSION_071_000		0	0	0		23	1	1	0	0	0	0	0	0	0	0	0		2048		0	0	0	1	999		0			0	0	1.00.0000	1.00.0000	1.07.0000	1.07.0000
502	不破羽毛	ICON_MISSION_028_001		0	0	0		23	1	1	0	0	0	0	0	0	0	0	0		2048		0	0	0	1	999		0			0	0	1.00.0000	1.00.0000	1.07.0000	1.07.0000
503	精油椰子	ICON_FRUIT_001_000		0	0	0		23	1	1	0	0	0	0	0	0	0	0	0		2048		0	0	0	1	999		0			0	0	1.00.0000	1.00.0000	1.07.0000	1.07.0000
504	末日的布丁	ICON_MISSION_013_000		0	0	0		23	1	1	0	0	0	0	0	0	0	0	0		2048		0	0	0	1	999		0			0	0	1.00.0000	1.00.0000	1.07.0000	1.07.0000
505	末日的生魚片	ICON_MISSION_070_000		0	0	0		23	1	1	0	0	0	0	0	0	0	0	0		2048		0	0	0	1	999		0			0	0	1.00.0000	1.00.0000	1.07.0000	1.07.0000
506	末日的烈酒	ICON_MISSION_061_000		0	0	0		23	1	1	0	0	0	0	0	0	0	0	0		2048		0	0	0	1	999		0			0	0	1.00.0000	1.00.0000	1.07.0000	1.07.0000
507	有機蘋果	ICON_MISSION_059_000		0	0	0		23	1	1	0	0	0	0	0	0	0	0	0		2048		0	0	0	1	999		0			0	0	1.00.0000	1.00.0000	1.07.0000	1.07.0000
508	天堂之眼	ICON_MISSION_057_001		0	0	0		23	1	1	0	0	0	0	0	0	0	0	0		2048		0	0	0	1	999		0			0	0	1.00.0000	1.00.0000	1.07.0000	1.07.0000
509	神樹木材	ICON_MISSION_058_000		0	0	0		23	1	1	0	0	0	0	0	0	0	0	0		2048		0	0	0	1	999		0			0	0	1.00.0000	1.00.0000	1.07.0000	1.07.0000
510	超效燃油	ICON_MISSION_079_000		0	0	0		23	1	1	0	0	0	0	0	0	0	0	0		2048		0	0	0	1	999		0			0	0	1.00.0000	1.00.0000	1.07.0000	1.07.0000
511	私藏火槍	ICON_MISSION_002_000		0	0	0		23	1	1	0	0	0	0	0	0	0	0	0		2048		0	0	0	1	999		0			0	0	1.00.0000	1.00.0000	1.07.0000	1.07.0000
512	暴肝紅酒	ICON_MISSION_085_000		0	0	0		23	1	1	0	0	0	0	0	0	0	0	0		2048		0	0	0	1	999		0			0	0	1.00.0000	1.00.0000	1.07.0000	1.07.0000
513	囂張海盜旗	ICON_MISSION_026_000		0	0	0		23	1	1	0	0	0	0	0	0	0	0	0		2048		0	0	0	1	999		0			0	0	1.00.0000	1.00.0000	1.07.0000	1.07.0000
514	威風炸彈	ICON_MISSION_016_000		0	0	0		23	1	1	0	0	0	0	0	0	0	0	0		2048		0	0	0	1	999		0			0	0	1.00.0000	1.00.0000	1.07.0000	1.07.0000
515	霸氣火槍	ICON_MISSION_002_000		0	0	0		23	1	1	0	0	0	0	0	0	0	0	0		2048		0	0	0	1	999		0			0	0	1.00.0000	1.00.0000	1.07.0000	1.07.0000
516	陰濕的木材	ICON_MISSION_058_000		0	0	0		23	1	1	0	0	0	0	0	0	0	0	0		2048		0	0	0	1	999		0			0	0	1.00.0000	1.00.0000	1.07.0000	1.07.0000
517	陰濕的香菇	ICON_MISSION_021_000		0	0	0		23	1	1	0	0	0	0	0	0	0	0	0		2048		0	0	0	1	999		0			0	0	1.00.0000	1.00.0000	1.07.0000	1.07.0000
518	冰冷的木材	ICON_ROOT_005_000		0	0	0		23	1	1	0	0	0	0	0	0	0	0	0		2048		0	0	0	1	999		0			0	0	1.00.0000	1.00.0000	1.07.0000	1.07.0000
519	冰冷的肉塊	ICON_MISSION_069_000		0	0	0		23	1	1	0	0	0	0	0	0	0	0	0		2048		0	0	0	1	999		0			0	0	1.00.0000	1.00.0000	1.07.0000	1.07.0000
520	死海之花	ICON_MISSION_063_003		0	0	0		23	1	1	0	0	0	0	0	0	0	0	0		2048		0	0	0	1	999		0			0	0	1.00.0000	1.00.0000	1.07.0000	1.07.0000
521	死海之蟲	ICON_MISSION_007_000		0	0	0		23	1	1	0	0	0	0	0	0	0	0	0		2048		0	0	0	1	999		0			0	0	1.00.0000	1.00.0000	1.07.0000	1.07.0000
522	死海之爪	ICON_MISSION_046_000		0	0	0		23	1	1	0	0	0	0	0	0	0	0	0		2048		0	0	0	1	999		0			0	0	1.00.0000	1.00.0000	1.07.0000	1.07.0000
523	地獄的金幣	ICON_MISSION_015_000		0	0	0		23	1	1	0	0	0	0	0	0	0	0	0		2048		0	0	0	1	999		0			0	0	1.00.0000	1.00.0000	1.07.0000	1.07.0000
524	地獄的船長帽	ICON_MISSION_025_000		0	0	0		23	1	1	0	0	0	0	0	0	0	0	0		2048		0	0	0	1	999		0			0	0	1.00.0000	1.00.0000	1.07.0000	1.07.0000
525	地獄的血鑽石	ICON_MISSION_053_002		0	0	0		23	1	1	0	0	0	0	0	0	0	0	0		2048		0	0	0	1	999		0			0	0	1.00.0000	1.00.0000	1.07.0000	1.07.0000
526	空賊炸彈	ICON_MISSION_016_000		0	0	0		23	1	1	0	0	0	0	0	0	0	0	0		2048		0	0	0	1	999		0			0	0	1.00.0000	1.00.0000	1.07.0000	1.07.0000
527	空賊禁藥	ICON_MISSION_050_000		0	0	0		23	1	1	0	0	0	0	0	0	0	0	0		2048		0	0	0	1	999		0			0	0	1.00.0000	1.00.0000	1.07.0000	1.07.0000
528	空賊存糧	ICON_MISSION_051_000		0	0	0		23	1	1	0	0	0	0	0	0	0	0	0		2048		0	0	0	1	999		0			0	0	1.00.0000	1.00.0000	1.07.0000	1.07.0000
529	正義軍旗	ICON_MISSION_027_000		0	0	0		23	1	1	0	0	0	0	0	0	0	0	0		2048		0	0	0	1	999		0			0	0	1.00.0000	1.00.0000	1.07.0000	1.07.0000
530	轟雷炸彈	ICON_MISSION_016_000		0	0	0		23	1	1	0	0	0	0	0	0	0	0	0		2048		0	0	0	1	999		0			0	0	1.00.0000	1.00.0000	1.07.0000	1.07.0000
531	軍官名牌	ICON_LICENSE_001_000		0	0	0		23	1	1	0	0	0	0	0	0	0	0	0		2048		0	0	0	1	999		0			0	0	1.00.0000	1.00.0000	1.07.0000	1.07.0000
532	變質的水果	ICON_FRUIT_000_000		0	0	0		23	1	1	0	0	0	0	0	0	0	0	0		2048		0	0	0	1	999		0			0	0	1.00.0000	1.00.0000	1.07.0000	1.07.0000
533	甘草露	ICON_MISSION_049_001		0	0	0		23	1	1	0	0	0	0	0	0	0	0	0		2048		0	0	0	1	999		0			0	0	1.00.0000	1.00.0000	1.07.0000	1.07.0000
534	被騙走的珠寶	ICON_BL_007_000		0	0	0		23	1	1	0	0	0	0	0	0	0	0	0		2048		0	0	0	1	999		0			0	0	1.00.0000	1.00.0000	1.07.0000	1.07.0000
535	可疑石碑	ICON_MISSION_067_000		0	0	0		23	1	1	0	0	0	0	0	0	0	0	0		2048		0	0	0	1	999		0			0	0	1.00.0000	1.00.0000	1.07.0000	1.07.0000
536	可疑羊皮紙	ICON_MISSION_004_000		0	0	0		23	1	1	0	0	0	0	0	0	0	0	0		2048		0	0	0	1	999		0			0	0	1.00.0000	1.00.0000	1.07.0000	1.07.0000
537	劣質珍珠	ICON_STONE_003_001		0	0	0		23	1	1	0	0	0	0	0	0	0	0	0		2048		0	0	0	1	999		0			0	0	1.00.0000	1.00.0000	1.07.0000	1.07.0000
538	迪特里希金幣	ICON_MISSION_015_000		0	0	0		23	1	1	0	0	0	0	0	0	0	0	0		2048		0	0	0	1	999		0			0	0	1.00.0000	1.00.0000	1.07.0000	1.07.0000
539	紅莓果	ICON_MISSION_029_000		0	0	0		23	1	1	0	0	0	0	0	0	0	0	0		2048		0	0	0	1	999		0			0	0	1.02.0000	1.02.0000	1.07.0000	1.07.0000
540	遺失的貨物	ICON_BOX_002_000		0	0	0		23	1	1	0	0	0	0	0	0	0	0	0		2048		0	0	0	1	999		0			0	0	1.02.0000	1.02.0000	1.07.0000	1.07.0000
541	彈藥箱	ICON_BOX_000_000		0	0	0		23	1	1	0	0	0	0	0	0	0	0	0		2048		0	0	0	1	999		0			0	0	1.02.0000	1.02.0000	1.07.0000	1.07.0000
542	火焰結晶	ICON_GEM_000_000		0	0	0		23	1	1	0	0	0	0	0	0	0	0	0		2048		0	0	0	1	999		0			0	0	1.02.0000	1.02.0000	1.07.0000	1.07.0000
543	強化鋼板	ICON_BOSS_005_000		0	0	0		23	1	1	0	0	0	0	0	0	0	0	0		2048		0	0	0	1	999		0			0	0	1.02.0000	1.02.0000	1.07.0000	1.07.0000
544	高能結晶	ICON_GEM_000_002		0	0	0		23	1	1	0	0	0	0	0	0	0	0	0		2048		0	0	0	1	999		0			0	0	1.02.0000	1.02.0000	1.07.0000	1.07.0000
545	推進器設計圖（一）	ICON_MAP_005_000		0	0	0		23	1	1	0	0	0	0	0	0	0	0	0		2048		0	0	0	1	999		0			0	0	1.02.0000	1.02.0000	1.07.0000	1.07.0000
546	推進器設計圖（二）	ICON_MISSION_004_000		0	0	0		23	1	1	0	0	0	0	0	0	0	0	0		2048		0	0	0	1	999		0			0	0	1.02.0000	1.02.0000	1.07.0000	1.07.0000
547	祝福神像	ICON_MOB_001_001		0	0	0		23	1	1	0	0	0	0	0	0	0	0	0		2048		0	0	0	1	999		0			0	0	1.02.0000	1.02.0000	1.07.0000	1.07.0000
548	黃銅鈴鐺	ICON_TREASURE_001_000		0	0	0		23	1	1	0	0	0	0	0	0	0	0	0		2048		0	0	0	1	999		0			0	0	1.02.0000	1.02.0000	1.07.0000	1.07.0000
549	金塊	ICON_STONE_001_003		0	0	0		23	1	1	0	0	0	0	0	0	0	0	0		2048		0	0	0	1	999		0			0	0	1.02.0000	1.02.0000	1.07.0000	1.07.0000
550	藍色毬果	ICON_MISSION_029_001		0	0	0		23	1	1	0	0	0	0	0	0	0	0	0		2048		0	0	0	1	999		0			0	0	1.02.0000	1.02.0000	1.07.0000	1.07.0000
551	紅色毬果	ICON_MISSION_029_000		0	0	0		23	1	1	0	0	0	0	0	0	0	0	0		2048		0	0	0	1	999		0			0	0	1.02.0000	1.02.0000	1.07.0000	1.07.0000
552	小頭菇	ICON_MISSION_021_000		0	0	0		23	1	1	0	0	0	0	0	0	0	0	0		2048		0	0	0	1	999		0			0	0	1.01.0000	1.01.0000	1.07.0000	1.07.0000
553	菌草菇	ICON_MISSION_021_001		0	0	0		23	1	1	0	0	0	0	0	0	0	0	0		2048		0	0	0	1	999		0			0	0	1.01.0000	1.01.0000	1.07.0000	1.07.0000
554	乾鳳梨	ICON_FRUIT_002_000		0	0	0		23	1	1	0	0	0	0	0	0	0	0	0		2048		0	0	0	1	999		0			0	0	1.00.0000	1.00.0000	1.07.0000	1.07.0000
555	硬香菇	ICON_MISSION_021_000		0	0	0		23	1	1	0	0	0	0	0	0	0	0	0		2048		0	0	0	1	999		0			0	0	1.00.0000	1.00.0000	1.07.0000	1.07.0000
556	木筏材料	ICON_MISSION_058_000		0	0	0		23	1	1	0	0	0	0	0	0	0	0	0		2048		0	0	0	1	999		0			0	0	1.00.0000	1.00.0000	1.07.0000	1.07.0000
558	厚毛皮	ICON_MISSION_048_000		0	0	0		23	1	1	0	0	0	0	0	0	0	0	0		2048		0	0	0	1	999		0			0	0	1.01.0000	1.01.0000	1.07.0000	1.07.0000
559	極地鹿毛皮	ICON_MISSION_048_001		0	0	0		23	1	1	0	0	0	0	0	0	0	0	0		2048		0	0	0	1	999		0			0	0	1.01.0000	1.01.0000	1.07.0000	1.07.0000
560	帶骨羊小排	ICON_MISSION_009_000		0	0	0		23	1	1	0	0	0	0	0	0	0	0	0		2048		0	0	0	1	999		0			0	0	1.00.0000	1.00.0000	1.07.0000	1.07.0000
561	黑衣組織命令	ICON_MAP_005_000		0	0	0		23	1	1	0	0	0	0	0	0	0	0	0		2048		0	0	0	1	999		0			0	0	1.00.0000	1.00.0000	1.07.0000	1.07.0000
562	塔路亞椰果	ICON_FRUIT_001_000		0	0	0		23	1	1	0	0	0	0	0	0	0	0	0		2048		0	0	0	1	999		0			0	0	1.00.0000	1.00.0000	1.07.0000	1.07.0000
563	藍色石頭	ICON_STONE_000_002		0	0	0		23	1	1	0	0	0	0	0	0	0	0	0		2048		0	0	0	1	999		0			0	0	1.00.0000	1.00.0000	1.07.0000	1.07.0000
564	海盜令牌	ICON_MISSION_026_000		0	0	0		23	1	1	0	0	0	0	0	0	0	0	0		2048		0	0	0	1	999		0			0	0	1.00.0000	1.00.0000	1.07.0000	1.07.0000
565	船上的黑貨	ICON_BOX_001_000		0	0	0		23	1	1	0	0	0	0	0	0	0	0	0		2048		0	0	0	1	999		0			0	0	1.01.0000	1.01.0000	1.07.0000	1.07.0000
566	秘密帳本	ICON_MISSION_076_000		0	0	0		23	1	1	0	0	0	0	0	0	0	0	0		2048		0	0	0	1	999		0			0	0	1.01.0000	1.01.0000	1.07.0000	1.07.0000
567	飛飛鳥蛋	ICON_STONE_006_001		0	0	0		23	1	1	0	0	0	0	0	0	0	0	0		2048		0	0	0	1	999		0			0	0	1.01.0000	1.01.0000	1.07.0000	1.07.0000
568	審判之槌	ICON_Collect_Treasure_008_000		0	0	0		23	1	1	0	0	0	0	0	0	0	0	0		2048		0	0	0	1	999		0			0	0	1.00.0000	1.00.0000	1.07.0000	1.07.0000
569	自由之徽	ICON_NL_011_000		0	0	0		23	1	1	0	0	0	0	0	0	0	0	0		2048		0	0	0	1	999		0			0	0	1.00.0000	1.00.0000	1.07.0000	1.07.0000
570	海神之觴	ICON_Collect_Treasure_010_000		0	0	0		23	1	1	0	0	0	0	0	0	0	0	0		2048		0	0	0	1	999		0			0	0	1.00.0000	1.00.0000	1.07.0000	1.07.0000
571	寒霜巨龜血	ICON_MISSION_085_000		0	0	0		23	1	1	0	0	0	0	0	0	0	0	0		2048		0	0	0	1	999		0			0	0	1.00.0000	1.00.0000	1.07.0000	1.07.0000
572	紫樹龍龜血	ICON_MISSION_073_001		0	0	0		23	1	1	0	0	0	0	0	0	0	0	0		2048		0	0	0	1	999		0			0	0	1.00.0000	1.00.0000	1.07.0000	1.07.0000
573	招牌黑啤酒	ICON_MISSION_061_000		0	0	0		23	1	1	0	0	0	0	0	0	0	0	0		2048		0	0	0	1	999		0			0	0	1.00.0000	1.00.0000	1.07.0000	1.07.0000
574	密釀香蕉酒	ICON_MISSION_079_000		0	0	0		23	1	1	0	0	0	0	0	0	0	0	0		2048		0	0	0	1	999		0			0	0	1.00.0000	1.00.0000	1.07.0000	1.07.0000
575	墮落總司令	ICON_WINE_015_003		0	0	0		23	1	1	0	0	0	0	0	0	0	0	0		2048		0	0	0	1	999		0			0	0	1.00.0000	1.00.0000	1.07.0000	1.07.0000
576	老爺爺古董鎧甲	IB024		0	0	0		23	1	1	0	0	0	0	0	0	0	0	0		2048		0	0	0	1	999		0			0	0	1.00.0000	1.00.0000	1.07.0000	1.07.0000
577	老爺爺破爛鎧甲	IS142		0	0	0		23	1	1	0	0	0	0	0	0	0	0	0		2048		0	0	0	1	999		0			0	0	1.00.0000	1.00.0000	1.07.0000	1.07.0000
578	燒喉嚨伏特加	ICON_WINE_015_003		0	0	0		23	1	1	0	0	0	0	0	0	0	0	0		2048		0	0	0	1	999		0			0	0	1.00.0000	1.00.0000	1.07.0000	1.07.0000
579	血腥瑪莉	ICON_WINE_015_000		0	0	0		23	1	1	0	0	0	0	0	0	0	0	0		2048		0	0	0	1	999		0			0	0	1.00.0000	1.00.0000	1.07.0000	1.07.0000
580	煉獄威士忌	ICON_WINE_014_002		0	0	0		23	1	1	0	0	0	0	0	0	0	0	0		2048		0	0	0	1	999		0			0	0	1.00.0000	1.00.0000	1.07.0000	1.07.0000
581	致命龍舌蘭	ICON_WINE_015_005		0	0	0		23	1	1	0	0	0	0	0	0	0	0	0		2048		0	0	0	1	999		0			0	0	1.00.0000	1.00.0000	1.07.0000	1.07.0000
582	陳年梅子酒	ICON_WINE_027_004		0	0	0		23	1	1	0	0	0	0	0	0	0	0	0		2048		0	0	0	1	999		0			0	0	1.00.0000	1.00.0000	1.07.0000	1.07.0000
583	遺落的鷹羽	ICON_MISSION_028_000		0	0	0		23	1	1	0	0	0	0	0	0	0	0	0		2048		0	0	0	1	999		0			0	0	1.00.0000	1.00.0000	1.07.0000	1.07.0000
584	安錫恩的槌子	ICON_MISSION_041_000		0	0	0		23	1	1	0	0	0	0	0	0	0	0	0		2048		0	0	0	1	999		0			0	0	1.01.0000	1.01.0000	1.07.0000	1.07.0000
585	安錫恩的錐子	ICON_WATERMARK_RH		0	0	0		23	1	1	0	0	0	0	0	0	0	0	0		2048		0	0	0	1	999		0			0	0	1.01.0000	1.01.0000	1.07.0000	1.07.0000
586	安錫恩工具組	ICON_Collect_Treasure_003_000		0	0	0		23	1	1	0	0	0	0	0	0	0	0	0		2048		0	0	0	1	999		0			0	0	1.01.0000	1.01.0000	1.07.0000	1.07.0000
587	肯巴爾之戒	ICON_BL_011_000		0	0	0		23	1	1	0	0	0	0	0	0	0	0	0		2048		0	0	0	1	999		0			0	0	1.01.0000	1.01.0000	1.07.0000	1.07.0000
588	遺留的禦寒衣物	ICON_GL_000_000		0	0	0		23	1	1	0	0	0	0	0	0	0	0	0		2048		0	0	0	1	999		0			0	0	1.01.0000	1.01.0000	1.07.0000	1.07.0000
589	晨光之戒	ICON_MISSION_014_000		0	0	0		23	1	1	0	0	0	0	0	0	0	0	0		2048		0	0	0	1	999		0			0	0	1.01.0000	1.01.0000	1.07.0000	1.07.0000
590	暮光之冠	ICON_HT_007_000		0	0	0		23	1	1	0	0	0	0	0	0	0	0	0		2048		0	0	0	1	999		0			0	0	1.01.0000	1.01.0000	1.07.0000	1.07.0000
591	皇室項鍊	ICON_MISSION_019_000		0	0	0		23	1	1	0	0	0	0	0	0	0	0	0		2048		0	0	0	1	999		0			0	0	1.01.0000	1.01.0000	1.07.0000	1.07.0000
592	航線圖	ICON_MAP_000_000		0	0	0		23	1	1	0	0	0	0	0	0	0	0	0		2048		0	0	0	1	999		0			0	0	1.01.0000	1.01.0000	1.07.0000	1.07.0000
593	古代機甲密鑰	ICON_KEY_000_000		0	0	0		23	1	1	0	0	0	0	0	0	0	0	0		2048		0	0	0	1	999		0			0	0	1.01.0000	1.01.0000	1.07.0000	1.07.0000
594	熔爐核心	ICON_BOSS_003_000		0	0	0		23	1	1	0	0	0	0	0	0	0	0	0		2048		0	0	0	1	999		0			0	0	1.01.0000	1.01.0000	1.07.0000	1.07.0000
595	浮游紅水晶	ICON_MISSION_001_001		0	0	0		23	1	1	0	0	0	0	0	0	0	0	0		2048		0	0	0	1	999		0			0	0	1.01.0000	1.01.0000	1.07.0000	1.07.0000
596	赤鐵礦	ICON_STONE_001_001		0	0	0		23	1	1	0	0	0	0	0	0	0	0	0		2048		0	0	0	1	999		0			0	0	1.01.0000	1.01.0000	1.07.0000	1.07.0000
597	動力機關	ICON_TOOL_000_000		0	0	0		23	1	1	0	0	0	0	0	0	0	0	0		2048		0	0	0	1	999		0			0	0	1.01.0000	1.01.0000	1.07.0000	1.07.0000
598	能量核心	ICON_STONE_004_001		0	0	0		23	1	1	0	0	0	0	0	0	0	0	0		2048		0	0	0	1	999		0			0	0	1.01.0000	1.01.0000	1.07.0000	1.07.0000
599	熱熔方塊	ICON_GEM_000_000		0	0	0		23	1	1	0	0	0	0	0	0	0	0	0		2048		0	0	0	1	999		0			0	0	1.01.0000	1.01.0000	1.07.0000	1.07.0000
600	燃燒彈	ICON_MISSION_016_000		0	0	0		23	1	1	0	0	0	0	0	0	0	0	0		2048		0	0	0	1	999		0			0	0	1.00.0000	1.00.0000	1.07.0000	1.07.0000
601	天堂香料	ICON_POWDER_000_002		0	0	0		23	1	1	0	0	0	0	0	0	0	0	0		2048		0	0	0	1	999		0			0	0	1.00.0000	1.00.0000	1.07.0000	1.07.0000
602	珍貴羊毛	ICON_MISSION_048_001		0	0	0		23	1	1	0	0	0	0	0	0	0	0	0		2048		0	0	0	1	999		0			0	0	1.02.0000	1.02.0000	1.07.0000	1.07.0000
603	蜂王屍體	ICON_MISSION_048_001		0	0	0		23	1	1	0	0	0	0	0	0	0	0	0		2048		0	0	0	1	999		0			0	0	1.02.0000	1.02.0000	1.07.0000	1.07.0000
604	姆帝國符文石	ICON_MISSION_048_001		0	0	0		23	1	1	0	0	0	0	0	0	0	0	0		2048		0	0	0	1	999		0			0	0	1.03.0000	1.03.0000	1.07.0000	1.07.0000
605	積欠的酒錢	ICON_MONEYBAG		0	0	0		23	1	1	0	0	0	0	0	0	0	0	0		2048		0	0	0	1	999		0			0	0	1.03.0000	1.03.0000	1.07.0000	1.07.0000
606	神秘的禮物	ICON_Chest_Hidden		0	0	0		23	1	1	0	0	0	0	0	0	0	0	0		2048		0	0	0	1	999		0			0	0	1.02.0000	1.02.0000	1.07.0000	1.07.0000
607	監牢通道鑰匙	ICON_MISSION_052_000		0	0	0		23	1	1	0	0	0	0	0	0	0	0	0		2560		0	0	0	1	999		0			0	0	1.03.0000	1.03.0000	1.07.0000	1.07.0000
608	重刑犯鑰匙	ICON_KEY_000_001		0	0	0		23	1	1	0	0	0	0	0	0	0	0	0		2560		0	0	0	1	999	1;300	0			0	0	1.03.0000	1.03.0000	1.07.0000	1.07.0000
609	海軍船帽	ICON_MISSION_024_000		0	0	0		23	1	1	0	0	0	0	0	0	0	0	0		2048		0	0	0	1	999		0			0	0	1.10.0000	1.07.0000	1.07.0000	1.07.0000
610	角鬥士的鮮血	ICON_MISSION_050_001		0	0	0		23	1	1	0	0	0	0	0	0	0	0	0		2048		0	0	0	1	999		0			0	0	1.10.0000	1.07.0000	1.07.0000	1.07.0000
611	古代海賊骨骸	ICON_MISSION_086_000		0	0	0		23	1	1	0	0	0	0	0	0	0	0	0		2048		0	0	0	1	999		0			0	0	1.10.0000	1.07.0000	1.07.0000	1.07.0000
612	守護者之石	ICON_SERVICE_001_000		0	0	0		23	1	1	0	0	0	0	0	0	0	0	0		2048		0	0	0	1	999		0			0	0	1.10.0000	1.07.0000	1.07.0000	1.07.0000
613	罪人之焰	ICON_ELEMENT_000_002		0	0	0		23	1	1	0	0	0	0	0	0	0	0	0		2048		0	0	0	1	999		0			0	0	1.10.0000	1.07.0000	1.07.0000	1.07.0000
614	機甲主機板	ICON_MISSION_043_000		0	0	0		23	1	1	0	0	0	0	0	0	0	0	0		2048		0	0	0	1	999		0			0	0	1.10.0000	1.07.0000	1.07.0000	1.07.0000
615	破裂原鑽	ICON_MISSION_001_005		0	0	0		23	1	1	0	0	0	0	0	0	0	0	0		2048		0	0	0	1	999		0			0	0	1.04.0000	1.04.0000	1.07.0000	1.07.0000
616	打磨工具	ICON_MISSION_041_000		0	0	0		23	1	1	0	0	0	0	0	0	0	0	0		2048		0	0	0	1	999		0			0	0	1.04.0000	1.04.0000	1.07.0000	1.07.0000
617	白金底座	ICON_MISSION_045_000		0	0	0		23	1	1	0	0	0	0	0	0	0	0	0		2048		0	0	0	1	999		0			0	0	1.04.0000	1.04.0000	1.07.0000	1.07.0000
618	銀星鎖鍊	ICON_NL_007_000		0	0	0		23	1	1	0	0	0	0	0	0	0	0	0		2048		0	0	0	1	999		0			0	0	1.04.0000	1.04.0000	1.07.0000	1.07.0000
621	光鑽星墜	ICON_NL_008_000		0	0	0		23	1	1	0	0	0	0	0	0	0	0	0		2048		0	0	0	1	999		0			0	0	1.04.0000	1.04.0000	1.07.0000	1.07.0000
622	歐茲的懸賞單	ICON_COLLECT_003_000		0	0	0		23	1	1	0	0	0	0	0	0	0	0	0		2048		0	0	0	1	999		0			0	0	1.05.0000	1.05.0000	1.07.0000	1.07.0000
623	怒海航海圖上半部	ICON_MISSION_006_000		0	0	0		23	1	1	0	0	0	0	0	0	0	0	0		2048		0	0	0	1	999		0			0	0	1.05.0000	1.05.0000	1.07.0000	1.07.0000
624	怒海航海圖下半部	ICON_MISSION_006_001		0	0	0		23	1	1	0	0	0	0	0	0	0	0	0		2048		0	0	0	1	999		0			0	0	1.05.0000	1.05.0000	1.07.0000	1.07.0000
625	偽造的文件	ICON_COLLECT_001_000		0	0	0		23	1	1	0	0	0	0	0	0	0	0	0		2048		0	0	0	1	999		0			0	0	1.05.0000	1.05.0000	1.07.0000	1.07.0000
626	怒海羅盤	ICON_EXPLORE_000_000		0	0	0		23	1	1	0	0	0	0	0	0	0	0	0		2048		0	0	0	1	999		0			0	0	1.05.0000	1.05.0000	1.07.0000	1.07.0000
627	冠軍金盃	ICON_main_Achieve		0	0	0		55	1	1	0	0	0	0	0	0	0	0	0		2048		0	0	0	1	999		0			0	0	1.05.0000	1.05.0000	1.07.0000	1.07.0000
628	真情水晶	ICON_MISSION_001_001		0	0	0		12	1	1	0	0	0	0	0	0	0	0	0		0		0	0	0	1	999		0			0	0	1.05.0000	1.05.0000	1.07.0000	1.07.0000
629	熱情水晶	ICON_MISSION_001_001		0	0	0		12	1	1	0	0	0	0	0	0	0	0	0		0		0	0	0	1	999		0			0	0	1.10.0000	1.07.0000	1.07.0000	1.07.0000
630	遭竊的海神儀	ICON_EXPLORE_000_000		0	0	0		23	1	1	0	0	0	0	0	0	0	0	0		2048		0	0	0	1	999		0			0	0	1.10.0000	1.07.0000	1.07.0000	1.07.0000
631	小玩具禮包	ICON_TREASURE_044_000		0	0	0		23	1	1	0	0	0	0	0	0	0	0	0		2048		0	0	0	1	999		0			0	0	1.11.0000	1.07.0000	1.07.0000	1.07.0000
632	煤煙灰	ICON_TREASURE_041_000		0	0	0		23	1	1	0	0	0	0	0	0	0	0	0		2048		0	0	0	1	999		0			0	0	1.11.0000	1.07.0000	1.07.0000	1.07.0000
633	鹿奶	ICON_MISSION_064_001		0	0	0		23	1	1	0	0	0	0	0	0	0	0	0		2048		0	0	0	1	999		0			0	0	OUT	1.07.0000	1.07.0000	1.07.0000
634	金鳶草	ICON_LEAF_006_000		0	0	0		23	1	1	0	0	0	0	0	0	0	0	0		2048		0	0	0	1	999		0			0	0	OUT	1.07.0000	1.07.0000	1.07.0000
635	野狼的鱗片	ICON_MISSION_090_000		0	0	0		23	1	1	0	0	0	0	0	0	0	0	0		2048		0	0	0	1	999		0			0	0	OUT	1.07.0000	1.07.0000	1.07.0000
636	海軍傷藥	ICON_POWDER_000_004		0	0	0		23	1	1	0	0	0	0	0	0	0	0	0		2048		0	0	0	1	999		0			0	0	OUT	1.07.0000	1.07.0000	1.07.0000
637	新鮮水果	ICON_MISSION_029_000		0	0	0		23	1	1	0	0	0	0	0	0	0	0	0		2048		0	0	0	1	999		0			0	0	OUT	1.07.0000	1.07.0000	1.07.0000
638	甲蟲卵	ICON_STONE_006_002		0	0	0		23	1	1	0	0	0	0	0	0	0	0	0		2048		0	0	0	1	999		0			0	0	OUT	1.07.0000	1.07.0000	1.07.0000
639	高級菸草	ICON_LEAF_005_000		0	0	0		23	1	1	0	0	0	0	0	0	0	0	0		2048		0	0	0	1	999		0			0	0	OUT	1.07.0000	1.07.0000	1.07.0000
640	細皮嫩肉	ICON_MISSION_070_000		0	0	0		23	1	1	0	0	0	0	0	0	0	0	0		2048		0	0	0	1	999		0			0	0	OUT	1.07.0000	1.07.0000	1.07.0000
641	菲力羊排	ICON_MISSION_009_000		0	0	0		23	1	1	0	0	0	0	0	0	0	0	0		2048		0	0	0	1	999		0			0	0	OUT	1.07.0000	1.07.0000	1.07.0000
642	冰涼鮮肉	ICON_MISSION_009_001		0	0	0		23	1	1	0	0	0	0	0	0	0	0	0		2048		0	0	0	1	999		0			0	0	OUT	1.07.0000	1.07.0000	1.07.0000
643	腥味蜂蜜	ICON_MISSION_050_002		0	0	0		23	1	1	0	0	0	0	0	0	0	0	0		2048		0	0	0	1	999		0			0	0	OUT	1.07.0000	1.07.0000	1.07.0000
644	焦味肉排	ICON_MISSION_048_000		0	0	0		23	1	1	0	0	0	0	0	0	0	0	0		2048		0	0	0	1	999		0			0	0	OUT	1.07.0000	1.07.0000	1.07.0000
645	帶火嫩芽	ICON_LEAF_006_001		0	0	0		23	1	1	0	0	0	0	0	0	0	0	0		2048		0	0	0	1	999		0			0	0	OUT	1.07.0000	1.07.0000	1.07.0000
646	果香生肉	ICON_MISSION_070_000		0	0	0		23	1	1	0	0	0	0	0	0	0	0	0		2048		0	0	0	1	999		0			0	0	OUT	1.07.0000	1.07.0000	1.07.0000
647	超營養龍血	ICON_MISSION_050_001		0	0	0		23	1	1	0	0	0	0	0	0	0	0	0		2048		0	0	0	1	999		0			0	0	OUT	1.07.0000	1.07.0000	1.07.0000
648	能量結晶	ICON_MISSION_053_001		0	0	0		23	1	1	0	0	0	0	0	0	0	0	0		2048		0	0	0	1	999		0			0	0	OUT	1.07.0000	1.07.0000	1.07.0000
649	熱過的酒	ICON_MISSION_050_000		0	0	0		23	1	1	0	0	0	0	0	0	0	0	0		2048		0	0	0	1	999		0			0	0	OUT	1.07.0000	1.07.0000	1.07.0000
650	緊急情報	ICON_OTHERS_004_001		0	0	0		23	1	1	0	0	0	0	0	0	0	0	0		2048		0	0	0	1	999		0			0	0	OUT	1.07.0000	1.07.0000	1.07.0000
651	公主的情書	ICON_DOCUMENT_000_000		0	0	0		23	1	1	0	0	0	0	0	0	0	0	0		2048		0	0	0	1	999		0			0	0	OUT	1.07.0000	1.07.0000	1.07.0000
652	重要零件	ICON_BOX_000_000		0	0	0		23	1	1	0	0	0	0	0	0	0	0	0		2048		0	0	0	1	999		0			0	0	OUT	1.07.0000	1.07.0000	1.07.0000
653	酒宴訂單	ICON_DOCUMENT_008_000		0	0	0		23	1	1	0	0	0	0	0	0	0	0	0		2048		0	0	0	1	999		0			0	0	OUT	1.07.0000	1.07.0000	1.07.0000
654	指令書	ICON_DOCUMENT_001_000		0	0	0		23	1	1	0	0	0	0	0	0	0	0	0		2048		0	0	0	1	999		0			0	0	OUT	1.07.0000	1.07.0000	1.07.0000
655	苦情可可豆	ICON_MISSION_036_000		0	0	0		14	1	1	0	0	0	0	0	0	0	0	0		0		0	0	0	1	999		0			0	0	1.13.0000	1.07.0000	1.07.0000	1.07.0000
656	香甜牛奶	ICON_MISSION_065_000		0	0	0		14	1	1	0	0	0	0	0	0	0	0	0		0		0	0	0	1	999		0			0	0	1.13.0000	1.07.0000	1.07.0000	1.07.0000
657	可口砂糖	ICON_POWDER_000_000		0	0	0		14	1	1	0	0	0	0	0	0	0	0	0		0		0	0	0	1	999		0			0	0	1.13.0000	1.07.0000	1.07.0000	1.07.0000
658	感性的感謝函	ICON_DOCUMENT_008_000		0	0	0		14	1	1	0	0	0	0	0	0	0	0	0		0		0	0	0	1	999		0			0	0	1.13.0000	1.07.0000	1.07.0000	1.07.0000
659	俏皮的感謝函	ICON_DOCUMENT_001_000		0	0	0		14	1	1	0	0	0	0	0	0	0	0	0		0		0	0	0	1	999		0			0	0	1.13.0000	1.07.0000	1.07.0000	1.07.0000
660	重置結晶	ICON_MISSION_053_001		0	0	0		23	1	1	0	0	0	0	0	0	0	0	0		2048		0	0	0	1	999		0			0	0	OUT	1.08.0000	1.08.0000	1.08.0000
661	海魅影的地圖線索	ICON_MISSION_062_000		0	0	0		23	1	1	0	0	0	0	0	0	0	0	0		2048		0	0	0	1	999		0			0	0	OUT	1.09.0000	1.09.0000	1.09.0000
662	茉莉花	ICON_FLOWER_001_000		0	0	0		22	1	1	0	0	0	0	0	0	0	0	0		0		0	0	0	1	999		0			0	0	OUT	OUT	OUT	1.10.0000
701	阿爾提摩回函	ICON_DOCUMENT_010_000		0	0	0		23	1	1	0	0	0	0	0	0	0	0	0		2048		0	0	0	1	999		0			0	0	1.00.0000	1.00.0000	1.07.0000	1.07.0000
702	美狄亞回函	ICON_DOCUMENT_010_000		0	0	0		23	1	1	0	0	0	0	0	0	0	0	0		2048		0	0	0	1	999		0			0	0	1.00.0000	1.00.0000	1.07.0000	1.07.0000
703	帝國轟殼車回函	ICON_DOCUMENT_010_000		0	0	0		23	1	1	0	0	0	0	0	0	0	0	0		2048		0	0	0	1	999		0			0	0	1.00.0000	1.00.0000	1.07.0000	1.07.0000
704	但丁回函	ICON_DOCUMENT_010_000		0	0	0		23	1	1	0	0	0	0	0	0	0	0	0		2048		0	0	0	1	999		0			0	0	1.00.0000	1.00.0000	1.07.0000	1.07.0000
705	娜拉亞娜之劍回函	ICON_DOCUMENT_010_000		0	0	0		23	1	1	0	0	0	0	0	0	0	0	0		2048		0	0	0	1	999		0			0	0	1.00.0000	1.00.0000	1.07.0000	1.07.0000
3005	小野梅	ICON_FRUIT_000_000		0	0	0		0	1	1	0	0	0	0	0	0	0	0	0	0	0		481	138	100	1	1		0			0	0	1.00.0000	1.00.0000	1.07.0000	1.07.0000
3006	綠蜜果	ICON_FRUIT_001_000		0	0	0		0	1	1	0	0	0	0	0	0	0	0	0	0	0		482	138	100	1	1		0			0	0	1.00.0000	1.00.0000	1.07.0000	1.07.0000
3007	角山蕉	ICON_FRUIT_004_001		0	0	0		0	1	1	0	0	0	0	0	0	0	0	0	0	0		483	138	100	1	1		0			0	0	1.00.0000	1.00.0000	1.07.0000	1.07.0000
3008	高接梨	ICON_FRUIT_003_000		0	0	0		0	1	1	0	0	0	0	0	0	0	0	0	0	0		484	138	100	1	1		0			0	0	1.00.0000	1.00.0000	1.07.0000	1.07.0000
3009	枇杷果	ICON_FRUIT_002_000		0	0	0		0	1	1	0	0	0	0	0	0	0	0	0	0	0		485	138	100	1	1		0			0	0	1.00.0000	1.00.0000	1.07.0000	1.07.0000
7000	$照明彈	ICON_BOSS_003_000		0	0	0		37	1	1	0	0	0	0	0	0	0	0	0		512		7000	201	0	1	1		0			0	0	1.01.0000	1.01.0000	1.07.0000	1.07.0000
7001	$軍火箱鑰匙	ICON_KEY_000_002		0	0	0		23	1	1	0	0	0	0	0	0	0	0	0		2560		0	0	0	1	999		0			0	0	1.01.0000	1.01.0000	1.07.0000	1.07.0000
7002	$遺跡密室鑰匙	ICON_KEY_000_000		0	0	0		23	1	1	0	0	0	0	0	0	0	0	0		2560		0	0	0	1	999		0			0	0	1.00.0000	1.00.0000	1.07.0000	1.07.0000
7003	$金庫鑰匙	ICON_MISSION_052_000		0	0	0		23	1	1	0	0	0	0	0	0	0	0	0		2560		0	0	0	1	999		1			0	0	1.00.0000	1.00.0000	1.07.0000	1.07.0000
7004	$信號彈	ICON_MISSION_016_000		0	0	0		37	1	1	0	0	0	0	0	0	0	0	0		512		7001	8041	0	1	1		2			0	0	1.01.0000	1.01.0000	1.07.0000	1.07.0000
