n_ID	n_MOBEXP	n_SP	n_HPMAX	n_RECOVER_HP	n_STAMINAMAX	n_RECOVER_STAMINA	n_SPEED_RUN	n_STRENGH	n_CONSITUTION	n_AGILITY	n_PERCEPTION	n_INTELLECT	n_DAMMIN_PHYSICS	n_DAMMIN_MAGIC	n_DAMPLUS_PHYSICS	n_DAMPLUS_MAGIC	n_AC_PHYSICS	n_AC_MAGIC	n_ABSORB_PHYSICS	n_ABSORB_MAGIC	n_PENETRATE_PHYSICS	n_PENETRATE_MAGIC	f_ANTI_STUN	f_STUN	f_ANTI_CURSE	f_CURSE	f_HITRATE	f_DODGE	f_POWERHIT	f_ANTI_POWERHIT	f_BYPASS	f_OVERHIT	f_MULTIPLY_POWERDAM	f_ABSORB_POWERDAM	f_ABSORB_SHIELD	f_BLOCKRATE	f_MUL_DAMAGE
1	6	3	106	1	100	5	600	5	5	5	5	5	4	4	0	0	10	10	0	0	0	0	0.0	0.0	0.0	0.0	0.0	0.0	0.0	0.0	0.0	0.0	1.0	0.0	0.0	0.0	100.0
2	8	4	121	1	100	5	600	6	6	6	6	6	7	7	1	1	12	12	0	0	0	0	0.0	0.0	0.0	0.0	0.0	0.0	0.0	0.0	0.0	0.0	1.0	0.0	0.0	0.0	100.0
3	10	5	140	1	100	5	600	7	7	7	7	7	8	8	1	1	13	13	0	0	0	0	0.0	0.0	0.0	0.0	0.0	0.0	0.0	0.0	0.0	0.0	1.0	0.0	0.0	0.0	100.0
4	12	6	163	1	100	5	600	8	8	8	8	8	8	8	1	1	14	14	0	0	0	0	0.0	0.0	0.0	0.0	0.0	0.0	0.0	0.0	0.0	0.0	1.0	0.0	0.0	0.0	100.0
5	14	7	191	1	100	5	600	9	9	9	9	9	9	9	1	1	15	15	0	0	0	0	0.0	0.0	0.0	0.0	0.0	0.0	0.0	0.0	0.0	0.0	1.0	0.0	0.0	0.0	100.0
6	16	8	222	2	100	5	600	10	10	10	10	10	11	11	1	1	16	16	0	0	0	0	0.0	0.0	0.0	0.0	0.0	0.0	0.0	0.0	0.0	0.0	1.0	0.0	0.0	0.0	100.0
7	18	9	262	2	100	5	600	11	11	11	11	11	12	12	1	1	18	18	0	0	0	0	0.0	0.0	0.0	0.0	0.0	0.0	0.0	0.0	0.0	0.0	1.0	0.0	0.0	0.0	100.0
8	20	10	306	3	100	5	600	12	12	12	12	12	14	14	2	2	19	19	0	0	0	0	0.0	0.0	0.0	0.0	0.0	0.0	0.0	0.0	0.0	0.0	1.0	0.0	0.0	0.0	100.0
9	22	11	357	3	100	5	600	13	13	13	13	13	16	16	2	2	21	21	0	0	0	0	0.0	0.0	0.0	0.0	0.0	0.0	0.0	0.0	0.0	0.0	1.0	0.0	0.0	0.0	100.0
10	25	12	421	4	100	5	600	14	14	14	14	14	19	19	2	2	22	22	0	0	0	0	0.0	0.0	0.0	0.0	0.0	0.0	0.0	0.0	0.0	0.0	1.0	0.0	0.0	0.0	100.0
11	28	14	497	4	100	5	600	16	16	16	16	16	21	21	3	3	24	24	0	0	0	0	0.0	0.0	0.0	0.0	0.0	0.0	1.0	0.0	0.0	0.0	1.0	0.0	0.0	0.0	100.0
12	31	15	583	5	100	5	600	18	18	18	18	18	24	24	3	3	26	26	0	0	0	0	0.0	0.0	0.0	0.0	0.0	0.0	1.5	0.0	0.0	0.0	1.0	0.0	0.0	0.0	100.0
13	34	17	678	6	100	5	600	20	20	20	20	20	27	27	4	4	29	29	0	0	0	0	0.0	0.0	0.0	0.0	0.0	0.0	2.0	0.0	0.0	0.0	1.0	0.0	0.0	0.0	100.0
14	37	18	792	7	100	5	600	22	22	22	22	22	31	31	4	4	31	31	0	0	0	0	0.0	0.0	0.0	0.0	0.0	0.0	2.5	0.0	0.0	0.0	1.0	0.0	0.0	0.0	100.0
15	40	20	915	8	100	5	600	24	24	24	24	24	35	35	5	5	34	34	0	0	0	0	0.0	0.0	0.0	0.0	0.0	0.0	3.0	0.0	0.0	0.0	1.0	0.0	0.0	0.0	100.0
16	44	22	1054	9	100	5	600	26	26	26	26	26	39	39	5	5	37	37	0	0	0	0	0.0	0.0	0.0	0.0	0.0	0.0	3.5	0.0	0.0	0.0	1.0	0.0	0.0	0.0	100.0
17	48	24	1201	11	100	5	600	28	28	28	28	28	44	44	6	6	40	40	0	0	0	0	0.0	0.0	0.0	0.0	0.0	0.0	4.0	0.0	0.0	0.0	1.0	0.0	0.0	0.0	100.0
18	52	26	1372	12	100	5	600	30	30	30	30	30	49	49	7	7	43	43	0	0	0	0	0.0	0.0	0.0	0.0	0.0	0.0	4.5	0.0	0.0	0.0	1.0	0.0	0.0	0.0	100.0
19	56	28	1569	14	100	5	600	32	32	32	32	32	55	55	8	8	47	47	0	0	0	0	0.0	0.0	0.0	0.0	0.0	0.0	5.0	0.0	0.0	0.0	1.0	0.0	0.0	0.0	100.0
20	60	30	1771	16	100	5	600	34	34	34	34	34	76	76	11	11	50	50	0	0	0	0	0.0	0.0	0.0	0.0	0.0	0.0	5.5	0.0	0.0	0.0	1.0	0.0	0.0	0.0	100.0
21	64	32	2007	18	100	5	600	37	37	37	37	37	84	84	12	12	54	54	0	0	0	0	0.5	0.5	0.5	0.5	0.0	0.0	6.0	0.0	1.0	1.0	1.0	0.0	0.0	0.0	100.0
22	68	34	2251	20	100	5	600	40	40	40	40	40	93	93	13	13	59	59	0	0	0	0	0.5	0.5	0.5	0.5	0.0	0.0	6.5	0.0	1.100000023841858	1.100000023841858	1.0	0.0	0.0	0.0	100.0
23	72	36	2525	22	100	5	600	43	43	43	43	43	102	102	15	15	63	63	0	0	0	0	0.5	0.5	0.5	0.5	0.0	0.0	7.0	0.0	1.2000000476837158	1.2000000476837158	1.0	0.0	0.0	0.0	100.0
24	76	38	2814	24	100	5	600	46	46	46	46	46	113	113	16	16	68	68	0	0	0	0	0.5	0.5	0.5	0.5	0.0	0.0	7.5	0.0	1.2999999523162842	1.2999999523162842	1.0	0.0	0.0	0.0	100.0
25	80	40	3138	27	100	5	600	49	49	49	49	49	124	124	18	18	74	74	0	0	0	0	0.5	0.5	0.5	0.5	0.0	0.0	8.0	0.0	1.399999976158142	1.399999976158142	1.0	0.0	0.0	0.0	100.0
26	84	42	3478	29	100	5	600	52	52	52	52	52	134	134	20	20	79	79	0	0	0	0	0.5	0.5	0.5	0.5	0.0	0.0	8.5	0.0	1.5	1.5	1.0	0.0	0.0	0.0	100.0
27	89	44	3857	32	100	5	600	55	55	55	55	55	144	144	21	21	86	86	0	0	0	0	0.5	0.5	0.5	0.5	0.0	0.0	9.0	0.0	1.600000023841858	1.600000023841858	1.0	0.0	0.0	0.0	100.0
28	94	47	4265	36	100	5	600	58	58	58	58	58	155	155	23	23	92	92	0	0	0	0	0.5	0.5	0.5	0.5	0.0	0.0	9.5	0.0	1.7000000476837158	1.7000000476837158	1.0	0.0	0.0	0.0	100.0
29	99	49	4694	39	100	5	600	61	61	61	61	61	167	167	25	25	100	100	0	0	0	0	0.5	0.5	0.5	0.5	0.0	0.0	10.0	0.0	1.7999999523162842	1.7999999523162842	1.0	0.0	0.0	0.0	100.0
30	104	52	5143	42	100	5	600	64	64	64	64	64	179	179	26	26	107	107	0	0	0	0	0.5	0.5	0.5	0.5	0.0	0.0	10.5	0.0	1.899999976158142	1.899999976158142	1.0	0.0	0.0	0.0	100.0
31	109	54	5636	46	100	5	600	68	68	68	68	68	192	192	28	28	115	115	0	0	0	0	1.0	1.0	1.0	1.0	0.0	0.0	11.0	0.0	2.0	2.0	1.0	0.0	0.0	0.0	100.0
32	114	57	6174	50	100	5	600	72	72	72	72	72	205	205	30	30	123	123	0	0	0	0	1.0	1.0	1.0	1.0	0.0	0.0	11.5	0.0	2.0999999046325684	2.0999999046325684	1.0	0.0	0.0	0.0	100.0
33	119	59	6750	54	100	5	600	76	76	76	76	76	219	219	32	32	131	131	0	0	0	0	1.0	1.0	1.0	1.0	0.0	0.0	12.0	0.0	2.200000047683716	2.200000047683716	1.0	0.0	0.0	0.0	100.0
34	124	62	7339	59	100	5	600	80	80	80	80	80	234	234	35	35	140	140	0	0	0	0	1.0	1.0	1.0	1.0	0.0	0.0	12.5	0.0	2.299999952316284	2.299999952316284	1.0	0.0	0.0	0.0	100.0
35	129	64	7980	63	100	5	600	84	84	84	84	84	248	248	37	37	150	150	0	0	0	0	1.0	1.0	1.0	1.0	0.0	0.0	12.5	0.0	2.4000000953674316	2.4000000953674316	1.0	0.0	0.0	0.0	100.0
36	134	67	8661	68	100	5	600	88	88	88	88	88	317	317	47	47	160	160	0	0	0	0	1.0	1.0	1.0	1.0	0.0	0.0	12.5	0.0	2.5	2.5	1.0	0.0	0.0	0.0	100.0
37	140	70	9382	73	100	5	600	92	92	92	92	92	336	336	50	50	171	171	0	0	0	0	1.0	1.0	1.0	1.0	0.0	0.0	12.5	0.0	2.5999999046325684	2.5999999046325684	1.0	0.0	0.0	0.0	100.0
38	146	73	10149	79	100	5	600	96	96	96	96	96	357	357	53	53	183	183	0	0	0	0	1.0	1.0	1.0	1.0	0.0	0.0	12.5	0.0	2.700000047683716	2.700000047683716	1.0	0.0	0.0	0.0	100.0
39	152	76	10962	84	100	5	600	100	100	100	100	100	378	378	56	56	195	195	0	0	0	0	1.0	1.0	1.0	1.0	0.0	0.0	12.5	0.0	2.799999952316284	2.799999952316284	1.0	0.0	0.0	0.0	100.0
40	158	79	11925	90	100	5	600	104	104	104	104	104	400	400	60	60	209	209	0	0	0	0	1.0	1.0	1.0	1.0	0.0	0.0	12.5	0.0	2.9000000953674316	2.9000000953674316	1.0	0.0	0.0	0.0	100.0
41	164	82	12871	97	100	5	600	109	109	109	109	109	458	458	68	68	221	221	0	0	0	0	1.5	1.5	1.5	1.5	0.0	0.0	12.5	0.0	3.0	3.0	1.0	0.0	0.0	0.0	100.0
42	171	85	13854	103	100	5	600	114	114	114	114	114	484	484	72	72	234	234	0	0	0	0	1.5	1.5	1.5	1.5	0.0	0.0	12.5	0.0	3.0999999046325684	3.0999999046325684	1.0	0.0	0.0	0.0	100.0
43	178	89	14910	110	100	5	600	119	119	119	119	119	510	510	76	76	248	248	0	0	0	0	1.5	1.5	1.5	1.5	0.0	0.0	12.5	0.0	3.200000047683716	3.200000047683716	1.0	0.0	0.0	0.0	100.0
44	185	92	16009	117	100	5	600	124	124	124	124	124	538	538	80	80	263	263	0	0	0	0	1.5	1.5	1.5	1.5	0.0	0.0	12.5	0.0	3.299999952316284	3.299999952316284	1.0	0.0	0.0	0.0	100.0
45	192	96	17184	124	100	5	600	129	129	129	129	129	566	566	84	84	279	279	0	0	0	0	1.5	1.5	1.5	1.5	0.0	0.0	12.5	0.0	3.4000000953674316	3.4000000953674316	1.0	0.0	0.0	0.0	100.0
46	199	99	18424	132	100	5	600	134	134	134	134	134	595	595	89	89	295	295	0	0	0	0	1.5	1.5	1.5	1.5	0.0	0.0	12.5	0.0	3.5	3.5	1.0	0.0	0.0	0.0	100.0
47	207	103	19710	140	100	5	600	139	139	139	139	139	626	626	93	93	313	313	0	0	0	0	1.5	1.5	1.5	1.5	0.0	0.0	12.5	0.0	3.5999999046325684	3.5999999046325684	1.0	0.0	0.0	0.0	100.0
48	215	107	21045	148	100	5	600	144	144	144	144	144	657	657	98	98	332	332	0	0	0	0	1.5	1.5	1.5	1.5	0.0	0.0	12.5	0.0	3.700000047683716	3.700000047683716	1.0	0.0	0.0	0.0	100.0
49	223	111	22486	157	100	5	600	149	149	149	149	149	689	689	103	103	351	351	0	0	0	0	1.5	1.5	1.5	1.5	0.0	0.0	12.5	0.0	3.799999952316284	3.799999952316284	1.0	0.0	0.0	0.0	100.0
50	231	115	23976	166	100	5	600	154	154	154	154	154	722	722	108	108	372	372	0	0	0	0	1.5	1.5	1.5	1.5	0.0	0.0	12.5	0.0	3.9000000953674316	3.9000000953674316	1.0	0.0	0.0	0.0	100.0
51	239	119	25564	175	100	5	600	160	160	160	160	160	757	757	113	113	395	395	0	0	0	0	2.0	2.0	2.0	2.0	0.0	0.0	12.5	0.0	4.0	4.0	1.0	0.0	0.0	0.0	100.0
52	248	124	27184	185	100	5	600	166	166	166	166	166	793	793	118	118	418	418	0	0	0	0	2.0	2.0	2.0	2.0	0.0	0.0	12.5	0.0	4.099999904632568	4.099999904632568	1.0	0.0	0.0	0.0	100.0
53	257	128	28904	195	100	5	600	172	172	172	172	172	829	829	124	124	443	443	0	0	0	0	2.0	2.0	2.0	2.0	0.0	0.0	12.5	0.0	4.199999809265137	4.199999809265137	1.0	0.0	0.0	0.0	100.0
54	266	133	30703	205	100	5	600	178	178	178	178	178	867	867	130	130	470	470	0	0	0	0	2.0	2.0	2.0	2.0	0.0	0.0	12.5	0.0	4.300000190734863	4.300000190734863	1.0	0.0	0.0	0.0	100.0
55	275	137	32585	216	100	5	600	184	184	184	184	184	906	906	135	135	498	498	0	0	0	0	2.0	2.0	2.0	2.0	0.0	0.0	12.5	0.0	4.400000095367432	4.400000095367432	1.0	0.0	0.0	0.0	100.0
56	284	142	34530	227	100	5	600	190	190	190	190	190	946	946	141	141	527	527	0	0	0	0	2.0	2.0	2.0	2.0	0.0	0.0	12.5	0.0	4.5	4.5	1.0	0.0	0.0	0.0	100.0
57	294	147	36585	238	100	5	600	196	196	196	196	196	987	987	148	148	559	559	0	0	0	0	2.0	2.0	2.0	2.0	0.0	0.0	12.5	0.0	4.599999904632568	4.599999904632568	1.0	0.0	0.0	0.0	100.0
58	304	152	38728	250	100	5	600	202	202	202	202	202	1029	1029	154	154	592	592	0	0	0	0	2.0	2.0	2.0	2.0	0.0	0.0	12.5	0.0	4.699999809265137	4.699999809265137	1.0	0.0	0.0	0.0	100.0
59	314	157	40968	262	100	5	600	208	208	208	208	208	1073	1073	160	160	627	627	0	0	0	0	2.0	2.0	2.0	2.0	0.0	0.0	12.5	0.0	4.800000190734863	4.800000190734863	1.0	0.0	0.0	0.0	100.0
60	324	162	43275	275	100	5	600	214	214	214	214	214	1118	1118	167	167	665	665	0	0	0	0	2.0	2.0	2.0	2.0	0.0	0.0	12.5	0.0	4.900000095367432	4.900000095367432	1.0	0.0	0.0	0.0	100.0
61	334	167	45704	288	100	5	600	221	221	221	221	221	1253	1253	187	187	698	698	0	0	0	0	2.5	2.5	2.5	2.5	0.0	0.0	12.5	0.0	5.0	5.0	1.0	0.0	0.0	0.0	100.0
62	347	173	48209	301	100	5	600	228	228	228	228	228	1304	1304	195	195	732	732	0	0	0	0	2.5	2.5	2.5	2.5	0.0	0.0	12.5	0.0	5.0	5.0	1.0	0.0	0.0	0.0	100.0
63	360	180	50817	315	100	5	600	235	235	235	235	235	1355	1355	203	203	769	769	0	0	0	0	2.5	2.5	2.5	2.5	0.0	0.0	12.5	0.0	5.0	5.0	1.0	0.0	0.0	0.0	100.0
64	374	187	53557	329	100	5	600	242	242	242	242	242	1410	1410	211	211	807	807	0	0	0	0	2.5	2.5	2.5	2.5	0.0	0.0	12.5	0.0	5.0	5.0	1.0	0.0	0.0	0.0	100.0
65	388	194	56377	344	100	5	600	249	249	249	249	249	1465	1465	219	219	847	847	0	0	0	0	2.5	2.5	2.5	2.5	0.0	0.0	12.5	0.0	5.0	5.0	1.0	0.0	0.0	0.0	100.0
66	403	201	59306	359	100	5	600	256	256	256	256	256	1521	1521	228	228	890	890	0	0	0	0	2.5	2.5	2.5	2.5	0.0	0.0	12.5	0.0	5.0	5.0	1.0	0.0	0.0	0.0	100.0
67	419	209	62350	374	100	5	600	263	263	263	263	263	1579	1579	236	236	934	934	0	0	0	0	2.5	2.5	2.5	2.5	0.0	0.0	12.5	0.0	5.0	5.0	1.0	0.0	0.0	0.0	100.0
68	435	217	65511	390	100	5	600	270	270	270	270	270	1638	1638	245	245	981	981	0	0	0	0	2.5	2.5	2.5	2.5	0.0	0.0	12.5	0.0	5.0	5.0	1.0	0.0	0.0	0.0	100.0
69	452	226	68789	407	100	5	600	277	277	277	277	277	1699	1699	254	254	1030	1030	0	0	0	0	2.5	2.5	2.5	2.5	0.0	0.0	12.5	0.0	5.0	5.0	1.0	0.0	0.0	0.0	100.0
70	470	235	71640	423	100	5	600	284	284	284	284	284	1761	1761	264	264	1081	1081	0	0	0	0	2.5	2.5	2.5	2.5	0.0	0.0	12.5	0.0	5.0	5.0	1.0	0.0	0.0	0.0	100.0
71	488	244	74566	441	100	5	600	292	292	292	292	292	1825	1825	273	273	1135	1135	0	0	0	0	3.0	3.0	3.0	3.0	0.0	0.0	12.5	0.0	5.0	5.0	1.0	0.0	0.0	0.0	100.0
72	507	253	77577	459	100	5	600	300	300	300	300	300	1891	1891	283	283	1191	1191	0	0	0	0	3.0	3.0	3.0	3.0	0.0	0.0	12.5	0.0	5.0	5.0	1.0	0.0	0.0	0.0	100.0
73	527	263	80671	477	100	5	600	308	308	308	308	308	1958	1958	293	293	1250	1250	0	0	0	0	3.0	3.0	3.0	3.0	0.0	0.0	12.5	0.0	5.0	5.0	1.0	0.0	0.0	0.0	100.0
74	548	274	83844	496	100	5	600	316	316	316	316	316	2027	2027	304	304	1312	1312	0	0	0	0	3.0	3.0	3.0	3.0	0.0	0.0	12.5	0.0	5.0	5.0	1.0	0.0	0.0	0.0	100.0
75	569	284	87072	515	100	5	600	324	324	324	324	324	2097	2097	314	314	1377	1377	0	0	0	0	3.0	3.0	3.0	3.0	0.0	0.0	12.5	0.0	5.0	5.0	1.0	0.0	0.0	0.0	100.0
76	591	295	90417	535	100	5	600	332	332	332	332	332	2170	2170	325	325	1445	1445	0	0	0	0	3.0	3.0	3.0	3.0	0.0	0.0	12.5	0.0	5.0	5.0	1.0	0.0	0.0	0.0	100.0
77	614	307	93814	555	100	5	600	340	340	340	340	340	2242	2242	336	336	1517	1517	0	0	0	0	3.0	3.0	3.0	3.0	0.0	0.0	12.5	0.0	5.0	5.0	1.0	0.0	0.0	0.0	100.0
78	638	319	97367	576	100	5	600	348	348	348	348	348	2318	2318	347	347	1591	1591	0	0	0	0	3.0	3.0	3.0	3.0	0.0	0.0	12.5	0.0	5.0	5.0	1.0	0.0	0.0	0.0	100.0
79	663	331	100907	597	100	5	600	356	356	356	356	356	2396	2396	359	359	1669	1669	0	0	0	0	3.0	3.0	3.0	3.0	0.0	0.0	12.5	0.0	5.0	5.0	1.0	0.0	0.0	0.0	100.0
80	689	344	104603	618	100	5	600	364	364	364	364	364	2474	2474	371	371	1751	1751	0	0	0	0	3.0	3.0	3.0	3.0	0.0	0.0	12.5	0.0	5.0	5.0	1.0	0.0	0.0	0.0	100.0
81	715	357	108391	641	100	5	600	373	373	373	373	373	2737	2737	410	410	1837	1837	0	0	0	0	3.5	3.5	3.5	3.5	1.0	1.0	12.5	0.0	5.0	5.0	1.0	0.0	0.0	0.0	100.0
82	742	371	112234	664	100	5	600	382	382	382	382	382	2826	2826	423	423	1926	1926	0	0	0	0	3.5	3.5	3.5	3.5	1.5	1.5	12.5	0.0	5.0	5.0	1.0	0.0	0.0	0.0	100.0
83	770	385	116171	687	100	5	600	391	391	391	391	391	2916	2916	437	437	2021	2021	0	0	0	0	3.5	3.5	3.5	3.5	2.0	2.0	12.5	0.0	5.0	5.0	1.0	0.0	0.0	0.0	100.0
84	799	399	120204	711	100	5	600	400	400	400	400	400	3009	3009	451	451	2120	2120	0	0	0	0	3.5	3.5	3.5	3.5	2.5	2.5	12.5	0.0	5.0	5.0	1.0	0.0	0.0	0.0	100.0
85	829	414	124329	735	100	5	600	409	409	409	409	409	3103	3103	465	465	2223	2223	0	0	0	0	3.5	3.5	3.5	3.5	3.0	3.0	12.5	0.0	5.0	5.0	1.0	0.0	0.0	0.0	100.0
86	860	430	128549	760	100	5	600	418	418	418	418	418	3200	3200	480	480	2332	2332	0	0	0	0	3.5	3.5	3.5	3.5	3.5	3.5	12.5	0.0	5.0	5.0	1.0	0.0	0.0	0.0	100.0
87	892	446	132902	786	100	5	600	427	427	427	427	427	3298	3298	494	494	2446	2446	0	0	0	0	3.5	3.5	3.5	3.5	4.0	4.0	12.5	0.0	5.0	5.0	1.0	0.0	0.0	0.0	100.0
88	925	462	137281	812	100	5	600	436	436	436	436	436	3399	3399	509	509	2566	2566	0	0	0	0	3.5	3.5	3.5	3.5	4.5	4.5	12.5	0.0	5.0	5.0	1.0	0.0	0.0	0.0	100.0
89	960	480	141798	839	100	5	600	445	445	445	445	445	3501	3501	525	525	2691	2691	0	0	0	0	3.5	3.5	3.5	3.5	5.0	5.0	12.5	0.0	5.0	5.0	1.0	0.0	0.0	0.0	100.0
90	996	498	146413	866	100	5	600	454	454	454	454	454	3606	3606	540	540	2823	2823	0	0	0	0	3.5	3.5	3.5	3.5	5.5	5.5	12.5	0.0	5.0	5.0	1.0	0.0	0.0	0.0	100.0
91	1033	516	151093	894	100	5	600	464	464	464	464	464	3714	3714	557	557	2958	2958	0	0	0	0	4.0	4.0	4.0	4.0	6.0	6.0	12.5	0.0	5.0	5.0	1.0	0.0	0.0	0.0	100.0
92	1072	536	155914	922	100	5	600	474	474	474	474	474	3822	3822	573	573	3100	3100	0	0	0	0	4.0	4.0	4.0	4.0	6.5	6.5	12.5	0.0	5.0	5.0	1.0	0.0	0.0	0.0	100.0
93	1112	556	160837	951	100	5	600	484	484	484	484	484	3933	3933	589	589	3249	3249	0	0	0	0	4.0	4.0	4.0	4.0	7.0	7.0	12.5	0.0	5.0	5.0	1.0	0.0	0.0	0.0	100.0
94	1154	577	165863	981	100	5	600	494	494	494	494	494	4028	4028	604	604	3405	3405	0	0	0	0	4.0	4.0	4.0	4.0	7.5	7.5	12.5	0.0	5.0	5.0	1.0	0.0	0.0	0.0	100.0
95	1197	598	170956	1011	100	5	600	504	504	504	504	504	4122	4122	618	618	3568	3568	0	0	0	0	4.0	4.0	4.0	4.0	8.0	8.0	12.5	0.0	5.0	5.0	1.0	0.0	0.0	0.0	100.0
96	1242	621	176196	1042	100	5	600	514	514	514	514	514	4218	4218	632	632	3732	3732	0	0	0	0	4.0	4.0	4.0	4.0	8.5	8.5	12.5	0.0	5.0	5.0	1.0	0.0	0.0	0.0	100.0
97	1289	644	181464	1073	100	5	600	524	524	524	524	524	4317	4317	647	647	3904	3904	0	0	0	0	4.0	4.0	4.0	4.0	9.0	9.0	12.5	0.0	5.0	5.0	1.0	0.0	0.0	0.0	100.0
98	1337	668	186962	1106	100	5	600	534	534	534	534	534	4416	4416	662	662	4083	4083	0	0	0	0	4.0	4.0	4.0	4.0	9.5	9.5	12.5	0.0	5.0	5.0	1.0	0.0	0.0	0.0	100.0
99	1387	693	192488	1138	100	5	600	544	544	544	544	544	4516	4516	677	677	4271	4271	0	0	0	0	4.0	4.0	4.0	4.0	10.0	10.0	12.5	0.0	5.0	5.0	1.0	0.0	0.0	0.0	100.0
100	1436	718	198125	1172	100	5	600	554	554	554	554	554	4618	4618	692	692	4467	4467	0	0	0	0	4.0	4.0	4.0	4.0	10.5	10.5	12.5	0.0	5.0	5.0	1.0	0.0	0.0	0.0	100.0
101	1487	743	203873	1206	100	5	600	565	565	565	565	565	5036	5036	755	755	4663	4663	0	0	0	0	4.5	4.5	4.5	4.5	11.0	11.0	12.5	0.0	5.0	5.0	1.0	0.0	0.0	0.0	100.0
102	1540	770	209777	1241	100	5	600	576	576	576	576	576	5136	5136	770	770	4868	4868	0	0	0	0	4.5	4.5	4.5	4.5	11.5	11.5	12.5	0.0	5.0	5.0	1.0	0.0	0.0	0.0	100.0
103	1595	797	215714	1276	100	5	600	587	587	587	587	587	5235	5235	785	785	5082	5082	0	0	0	0	4.5	4.5	4.5	4.5	12.0	12.0	12.5	0.0	5.0	5.0	1.0	0.0	0.0	0.0	100.0
104	1652	826	221803	1312	100	5	600	598	598	598	598	598	5336	5336	800	800	5306	5306	0	0	0	0	4.5	4.5	4.5	4.5	12.5	12.5	12.5	0.0	5.0	5.0	1.0	0.0	0.0	0.0	100.0
105	1711	855	228055	1349	100	5	600	609	609	609	609	609	5437	5437	815	815	5539	5539	0	0	0	0	4.5	4.5	4.5	4.5	13.0	13.0	12.5	0.0	5.0	5.0	1.0	0.0	0.0	0.0	100.0
106	1772	886	234336	1386	100	5	600	621	621	621	621	621	5540	5540	831	831	5771	5771	0	0	0	0	4.5	4.5	4.5	4.5	13.5	13.5	12.5	0.0	5.0	5.0	1.0	0.0	0.0	0.0	100.0
107	1835	917	240782	1424	100	5	600	633	633	633	633	633	5644	5644	846	846	6014	6014	0	0	0	0	4.5	4.5	4.5	4.5	14.0	14.0	12.5	0.0	5.0	5.0	1.0	0.0	0.0	0.0	100.0
108	1901	950	247344	1463	100	5	600	645	645	645	645	645	5748	5748	862	862	6266	6266	0	0	0	0	4.5	4.5	4.5	4.5	14.5	14.5	12.5	0.0	5.0	5.0	1.0	0.0	0.0	0.0	100.0
109	1969	984	253984	1502	100	5	600	657	657	657	657	657	5855	5855	878	878	6529	6529	0	0	0	0	4.5	4.5	4.5	4.5	15.0	15.0	12.5	0.0	5.0	5.0	1.0	0.0	0.0	0.0	100.0
110	2039	1019	260787	1543	100	5	600	669	669	669	669	669	5961	5961	894	894	6803	6803	0	0	0	0	4.5	4.5	4.5	4.5	15.5	15.5	12.5	0.0	5.0	5.0	1.0	0.0	0.0	0.0	100.0
111	2108	1054	267719	1584	100	5	600	682	682	682	682	682	6448	6448	967	967	7075	7075	0	0	0	0	5.0	5.0	5.0	5.0	16.0	16.0	12.5	0.0	5.0	5.0	1.0	0.0	0.0	0.0	100.0
112	2179	1089	274771	1625	100	5	600	695	695	695	695	695	6563	6563	984	984	7358	7358	0	0	0	0	5.0	5.0	5.0	5.0	16.5	16.5	12.5	0.0	5.0	5.0	1.0	0.0	0.0	0.0	100.0
113	2253	1126	281901	1668	100	5	600	708	708	708	708	708	6680	6680	1002	1002	7652	7652	0	0	0	0	5.0	5.0	5.0	5.0	17.0	17.0	12.5	0.0	5.0	5.0	1.0	0.0	0.0	0.0	100.0
114	2329	1164	289161	1711	100	5	600	721	721	721	721	721	6797	6797	1019	1019	7958	7958	0	0	0	0	5.0	5.0	5.0	5.0	17.5	17.5	12.5	0.0	5.0	5.0	1.0	0.0	0.0	0.0	100.0
115	2408	1204	296546	1754	100	5	600	734	734	734	734	734	6915	6915	1037	1037	8276	8276	0	0	0	0	5.0	5.0	5.0	5.0	18.0	18.0	12.5	0.0	5.0	5.0	1.0	0.0	0.0	0.0	100.0
116	2489	1244	304106	1799	100	5	600	748	748	748	748	748	7035	7035	1055	1055	8607	8607	0	0	0	0	5.0	5.0	5.0	5.0	18.5	18.5	12.5	0.0	5.0	5.0	1.0	0.0	0.0	0.0	100.0
117	2573	1286	311746	1844	100	5	600	762	762	762	762	762	7156	7156	1073	1073	8951	8951	0	0	0	0	5.0	5.0	5.0	5.0	19.0	19.0	12.5	0.0	5.0	5.0	1.0	0.0	0.0	0.0	100.0
118	2660	1330	319568	1890	100	5	600	776	776	776	776	776	7276	7276	1091	1091	9309	9309	0	0	0	0	5.0	5.0	5.0	5.0	19.5	19.5	12.5	0.0	5.0	5.0	1.0	0.0	0.0	0.0	100.0
119	2750	1375	327472	1937	100	5	600	790	790	790	790	790	7400	7400	1110	1110	9681	9681	0	0	0	0	5.0	5.0	5.0	5.0	20.0	20.0	12.5	0.0	5.0	5.0	1.0	0.0	0.0	0.0	100.0
120	2843	1421	335459	1984	100	5	600	804	804	804	804	804	7524	7524	1128	1128	10068	10068	0	0	0	0	5.0	5.0	5.0	5.0	20.0	20.0	12.5	0.0	5.0	5.0	1.0	0.0	0.0	0.0	100.0
121	2939	1468	343629	2033	100	5	600	818	818	818	818	818	8098	8098	1214	1214	10469	10469	0	0	0	0	5.5	5.5	5.5	5.5	20.0	20.0	12.5	0.0	5.0	5.0	1.0	0.0	0.0	0.0	100.0
122	3038	1516	351982	2082	100	5	600	832	832	832	832	832	8231	8231	1234	1234	10883	10883	0	0	0	0	5.5	5.5	5.5	5.5	20.0	20.0	12.5	0.0	5.0	5.0	1.0	0.0	0.0	0.0	100.0
123	3140	1565	360373	2132	100	5	600	846	846	846	846	846	8365	8365	1254	1254	11312	11312	0	0	0	0	5.5	5.5	5.5	5.5	20.0	20.0	12.5	0.0	5.0	5.0	1.0	0.0	0.0	0.0	100.0
124	3245	1615	368998	2183	100	5	600	860	860	860	860	860	8500	8500	1275	1275	11755	11755	0	0	0	0	5.5	5.5	5.5	5.5	20.0	20.0	12.5	0.0	5.0	5.0	1.0	0.0	0.0	0.0	100.0
125	3353	1666	377664	2234	100	5	600	874	874	874	874	874	8637	8637	1295	1295	12214	12214	0	0	0	0	5.5	5.5	5.5	5.5	20.0	20.0	12.5	0.0	5.0	5.0	1.0	0.0	0.0	0.0	100.0
126	3464	1718	386517	2287	100	5	600	889	889	889	889	889	8774	8774	1316	1316	12687	12687	0	0	0	0	5.5	5.5	5.5	5.5	20.0	20.0	12.5	0.0	5.0	5.0	1.0	0.0	0.0	0.0	100.0
127	3578	1771	395512	2340	100	5	600	904	904	904	904	904	8913	8913	1336	1336	13177	13177	0	0	0	0	5.5	5.5	5.5	5.5	20.0	20.0	12.5	0.0	5.0	5.0	1.0	0.0	0.0	0.0	100.0
128	3695	1825	404595	2394	100	5	600	919	919	919	919	919	9052	9052	1357	1357	13683	13683	0	0	0	0	5.5	5.5	5.5	5.5	20.0	20.0	12.5	0.0	5.0	5.0	1.0	0.0	0.0	0.0	100.0
129	3815	1880	413873	2448	100	5	600	934	934	934	934	934	9193	9193	1378	1378	14205	14205	0	0	0	0	5.5	5.5	5.5	5.5	20.0	20.0	12.5	0.0	5.0	5.0	1.0	0.0	0.0	0.0	100.0
130	3938	1936	423241	2504	100	5	600	949	949	949	949	949	9334	9334	1400	1400	14745	14745	0	0	0	0	5.5	5.5	5.5	5.5	20.0	20.0	12.5	0.0	5.0	5.0	1.0	0.0	0.0	0.0	100.0
131	4064	1993	432809	2561	100	5	600	965	965	965	965	965	9477	9477	1421	1421	15302	15302	0	0	0	0	6.0	6.0	6.0	6.0	20.0	20.0	12.5	0.0	5.0	5.0	1.0	0.0	0.0	0.0	100.0
132	4194	2051	442466	2618	100	5	600	981	981	981	981	981	9621	9621	1443	1443	15878	15878	0	0	0	0	6.0	6.0	6.0	6.0	20.0	20.0	12.5	0.0	5.0	5.0	1.0	0.0	0.0	0.0	100.0
133	4328	2110	452323	2676	100	5	600	997	997	997	997	997	9766	9766	1464	1464	16471	16471	0	0	0	0	6.0	6.0	6.0	6.0	20.0	20.0	12.5	0.0	5.0	5.0	1.0	0.0	0.0	0.0	100.0
134	4466	2170	462274	2735	100	5	600	1013	1013	1013	1013	1013	9913	9913	1486	1486	17084	17084	0	0	0	0	6.0	6.0	6.0	6.0	20.0	20.0	12.5	0.0	5.0	5.0	1.0	0.0	0.0	0.0	100.0
135	4608	2231	472378	2795	100	5	600	1029	1029	1029	1029	1029	10060	10060	1509	1509	17716	17716	0	0	0	0	6.0	6.0	6.0	6.0	20.0	20.0	12.5	0.0	5.0	5.0	1.0	0.0	0.0	0.0	100.0
136	4754	2293	482626	2855	100	5	600	1046	1046	1046	1046	1046	10208	10208	1531	1531	18368	18368	0	0	0	0	6.0	6.0	6.0	6.0	20.0	20.0	12.5	0.0	5.0	5.0	1.0	0.0	0.0	0.0	100.0
137	4904	2356	493026	2917	100	5	600	1063	1063	1063	1063	1063	10358	10358	1553	1553	19040	19040	0	0	0	0	6.0	6.0	6.0	6.0	20.0	20.0	12.5	0.0	5.0	5.0	1.0	0.0	0.0	0.0	100.0
138	5058	2420	503636	2980	100	5	600	1080	1080	1080	1080	1080	10508	10508	1576	1576	19733	19733	0	0	0	0	6.0	6.0	6.0	6.0	20.0	20.0	12.5	0.0	5.0	5.0	1.0	0.0	0.0	0.0	100.0
139	5216	2485	514341	3043	100	5	600	1097	1097	1097	1097	1097	10659	10659	1598	1598	20447	20447	0	0	0	0	6.0	6.0	6.0	6.0	20.0	20.0	12.5	0.0	5.0	5.0	1.0	0.0	0.0	0.0	100.0
140	5378	2551	525145	3107	100	5	600	1114	1114	1114	1114	1114	10812	10812	1621	1621	21183	21183	0	0	0	0	6.0	6.0	6.0	6.0	20.0	20.0	12.5	0.0	5.0	5.0	1.0	0.0	0.0	0.0	100.0
141	5545	2618	536159	3172	100	5	600	1131	1131	1131	1131	1131	10966	10966	1644	1644	21941	21941	0	0	0	0	6.5	6.5	6.5	6.5	20.0	20.0	12.5	0.0	5.0	5.0	1.0	0.0	0.0	0.0	100.0
142	5717	2686	547329	3238	100	5	600	1148	1148	1148	1148	1148	11121	11121	1668	1668	22722	22722	0	0	0	0	6.5	6.5	6.5	6.5	20.0	20.0	12.5	0.0	5.0	5.0	1.0	0.0	0.0	0.0	100.0
143	5894	2755	558658	3305	100	5	600	1165	1165	1165	1165	1165	11277	11277	1691	1691	23526	23526	0	0	0	0	6.5	6.5	6.5	6.5	20.0	20.0	12.5	0.0	5.0	5.0	1.0	0.0	0.0	0.0	100.0
144	6076	2825	568245	3362	100	5	600	1182	1182	1182	1182	1182	11434	11434	1715	1715	24354	24354	0	0	0	0	6.5	6.5	6.5	6.5	20.0	20.0	12.5	0.0	5.0	5.0	1.0	0.0	0.0	0.0	100.0
145	6263	2896	576179	3409	100	5	600	1199	1199	1199	1199	1199	11592	11592	1738	1738	25207	25207	0	0	0	0	6.5	6.5	6.5	6.5	20.0	20.0	12.5	0.0	5.0	5.0	1.0	0.0	0.0	0.0	100.0
146	6455	2968	584061	3455	100	5	600	1217	1217	1217	1217	1217	11752	11752	1762	1762	26084	26084	0	0	0	0	6.5	6.5	6.5	6.5	20.0	20.0	12.5	0.0	5.0	5.0	1.0	0.0	0.0	0.0	100.0
147	6652	3041	591996	3502	100	5	600	1235	1235	1235	1235	1235	11912	11912	1786	1786	26986	26986	0	0	0	0	6.5	6.5	6.5	6.5	20.0	20.0	12.5	0.0	5.0	5.0	1.0	0.0	0.0	0.0	100.0
148	6855	3115	600047	3550	100	5	600	1253	1253	1253	1253	1253	12073	12073	1810	1810	27914	27914	0	0	0	0	6.5	6.5	6.5	6.5	20.0	20.0	12.5	0.0	5.0	5.0	1.0	0.0	0.0	0.0	100.0
149	7064	3190	608159	3598	100	5	600	1271	1271	1271	1271	1271	12236	12236	1835	1835	28868	28868	0	0	0	0	6.5	6.5	6.5	6.5	20.0	20.0	12.5	0.0	5.0	5.0	1.0	0.0	0.0	0.0	100.0
150	7279	3266	616267	3646	100	5	600	1289	1289	1289	1289	1289	12399	12399	1859	1859	29850	29850	0	0	0	0	6.5	6.5	6.5	6.5	20.0	20.0	12.5	0.0	5.0	5.0	1.0	0.0	0.0	0.0	100.0
151	7500	3343	624435	3694	100	5	600	1308	1308	1308	1308	1308	12564	12564	1884	1884	30858	30858	0	0	0	0	7.0	7.0	7.0	7.0	20.0	20.0	12.5	0.0	5.0	5.0	1.0	0.0	0.0	0.0	100.0
152	7727	3421	632660	3743	100	5	600	1327	1327	1327	1327	1327	12729	12729	1909	1909	31895	31895	0	0	0	0	7.0	7.0	7.0	7.0	20.0	20.0	12.5	0.0	5.0	5.0	1.0	0.0	0.0	0.0	100.0
153	7960	3500	641000	3792	100	5	600	1346	1346	1346	1346	1346	12897	12897	1934	1934	32960	32960	0	0	0	0	7.0	7.0	7.0	7.0	20.0	20.0	12.5	0.0	5.0	5.0	1.0	0.0	0.0	0.0	100.0
154	8200	3580	649338	3842	100	5	600	1365	1365	1365	1365	1365	13064	13064	1959	1959	34054	34054	0	0	0	0	7.0	7.0	7.0	7.0	20.0	20.0	12.5	0.0	5.0	5.0	1.0	0.0	0.0	0.0	100.0
155	8447	3661	657735	3891	100	5	600	1384	1384	1384	1384	1384	13233	13233	1984	1984	35178	35178	0	0	0	0	7.0	7.0	7.0	7.0	20.0	20.0	12.5	0.0	5.0	5.0	1.0	0.0	0.0	0.0	100.0
156	8701	3743	666133	3941	100	5	600	1404	1404	1404	1404	1404	13404	13404	2010	2010	36331	36331	0	0	0	0	7.0	7.0	7.0	7.0	20.0	20.0	12.5	0.0	5.0	5.0	1.0	0.0	0.0	0.0	100.0
157	8962	3826	674645	3991	100	5	600	1424	1424	1424	1424	1424	13575	13575	2036	2036	37516	37516	0	0	0	0	7.0	7.0	7.0	7.0	20.0	20.0	12.5	0.0	5.0	5.0	1.0	0.0	0.0	0.0	100.0
158	9230	3910	683273	4043	100	5	600	1444	1444	1444	1444	1444	13748	13748	2062	2062	38731	38731	0	0	0	0	7.0	7.0	7.0	7.0	20.0	20.0	12.5	0.0	5.0	5.0	1.0	0.0	0.0	0.0	100.0
159	9506	3995	691843	4093	100	5	600	1464	1464	1464	1464	1464	13921	13921	2088	2088	39978	39978	0	0	0	0	7.0	7.0	7.0	7.0	20.0	20.0	12.5	0.0	5.0	5.0	1.0	0.0	0.0	0.0	100.0
160	9790	4081	700528	4145	100	5	600	1484	1484	1484	1484	1484	14095	14095	2114	2114	41257	41257	0	0	0	0	7.0	7.0	7.0	7.0	20.0	20.0	12.5	0.0	5.0	5.0	1.0	0.0	0.0	0.0	100.0
161	10082	4168	709268	4196	100	5	600	1501	1501	1501	1501	1501	14271	14271	2140	2140	42569	42569	0	0	0	0	7.5	7.5	7.5	7.5	20.0	20.0	12.5	0.0	5.0	5.0	1.0	0.0	0.0	0.0	100.0
162	10382	4256	718068	4248	100	5	600	1518	1518	1518	1518	1518	14447	14447	2167	2167	43914	43914	0	0	0	0	7.5	7.5	7.5	7.5	20.0	20.0	12.5	0.0	5.0	5.0	1.0	0.0	0.0	0.0	100.0
163	10690	4345	726869	4301	100	5	600	1535	1535	1535	1535	1535	14625	14625	2193	2193	45292	45292	0	0	0	0	7.5	7.5	7.5	7.5	20.0	20.0	12.5	0.0	5.0	5.0	1.0	0.0	0.0	0.0	100.0
164	11007	4435	735781	4353	100	5	600	1552	1552	1552	1552	1552	14805	14805	2220	2220	46705	46705	0	0	0	0	7.5	7.5	7.5	7.5	20.0	20.0	12.5	0.0	5.0	5.0	1.0	0.0	0.0	0.0	100.0
165	11333	4526	744755	4406	100	5	600	1569	1569	1569	1569	1569	14984	14984	2247	2247	48153	48153	0	0	0	0	7.5	7.5	7.5	7.5	20.0	20.0	12.5	0.0	5.0	5.0	1.0	0.0	0.0	0.0	100.0
166	11668	4618	753727	4459	100	5	600	1586	1586	1586	1586	1586	15165	15165	2274	2274	49636	49636	0	0	0	0	7.5	7.5	7.5	7.5	20.0	20.0	12.5	0.0	5.0	5.0	1.0	0.0	0.0	0.0	100.0
167	12012	4711	762756	4513	100	5	600	1603	1603	1603	1603	1603	15347	15347	2302	2302	51155	51155	0	0	0	0	7.5	7.5	7.5	7.5	20.0	20.0	12.5	0.0	5.0	5.0	1.0	0.0	0.0	0.0	100.0
168	12366	4805	771846	4567	100	5	600	1620	1620	1620	1620	1620	15530	15530	2329	2329	52710	52710	0	0	0	0	7.5	7.5	7.5	7.5	20.0	20.0	12.5	0.0	5.0	5.0	1.0	0.0	0.0	0.0	100.0
169	12730	4900	781047	4621	100	5	600	1637	1637	1637	1637	1637	15714	15714	2357	2357	54301	54301	0	0	0	0	7.5	7.5	7.5	7.5	20.0	20.0	12.5	0.0	5.0	5.0	1.0	0.0	0.0	0.0	100.0
170	13104	4996	790250	4676	100	5	600	1654	1654	1654	1654	1654	15901	15901	2385	2385	55930	55930	0	0	0	0	7.5	7.5	7.5	7.5	20.0	20.0	12.5	0.0	5.0	5.0	1.0	0.0	0.0	0.0	100.0
171	13488	5093	799509	4730	100	5	600	1672	1672	1672	1672	1672	16087	16087	2413	2413	57602	57602	0	0	0	0	7.5	7.5	7.5	7.5	20.0	20.0	12.5	0.0	5.0	5.0	1.0	0.0	0.0	0.0	100.0
172	13883	5191	808884	4786	100	5	600	1690	1690	1690	1690	1690	16274	16274	2441	2441	59319	59319	0	0	0	0	7.5	7.5	7.5	7.5	20.0	20.0	12.5	0.0	5.0	5.0	1.0	0.0	0.0	0.0	100.0
173	14289	5290	818200	4841	100	5	600	1708	1708	1708	1708	1708	16463	16463	2469	2469	61080	61080	0	0	0	0	7.5	7.5	7.5	7.5	20.0	20.0	12.5	0.0	5.0	5.0	1.0	0.0	0.0	0.0	100.0
174	14706	5390	827634	4897	100	5	600	1726	1726	1726	1726	1726	16653	16653	2497	2497	62888	62888	0	0	0	0	7.5	7.5	7.5	7.5	20.0	20.0	12.5	0.0	5.0	5.0	1.0	0.0	0.0	0.0	100.0
175	15135	5491	837125	4953	100	5	600	1744	1744	1744	1744	1744	16844	16844	2526	2526	64743	64743	0	0	0	0	7.5	7.5	7.5	7.5	20.0	20.0	12.5	0.0	5.0	5.0	1.0	0.0	0.0	0.0	100.0
176	15576	5593	846730	5010	100	5	600	1762	1762	1762	1762	1762	17035	17035	2555	2555	66646	66646	0	0	0	0	7.5	7.5	7.5	7.5	20.0	20.0	12.5	0.0	5.0	5.0	1.0	0.0	0.0	0.0	100.0
177	16029	5696	856278	5066	100	5	600	1780	1780	1780	1780	1780	17229	17229	2584	2584	68599	68599	0	0	0	0	7.5	7.5	7.5	7.5	20.0	20.0	12.5	0.0	5.0	5.0	1.0	0.0	0.0	0.0	100.0
178	16495	5800	865883	5123	100	5	600	1798	1798	1798	1798	1798	17424	17424	2613	2613	70602	70602	0	0	0	0	7.5	7.5	7.5	7.5	20.0	20.0	12.5	0.0	5.0	5.0	1.0	0.0	0.0	0.0	100.0
179	16974	5905	875659	5181	100	5	600	1816	1816	1816	1816	1816	17618	17618	2642	2642	72656	72656	0	0	0	0	7.5	7.5	7.5	7.5	20.0	20.0	12.5	0.0	5.0	5.0	1.0	0.0	0.0	0.0	100.0
180	17466	6011	885378	5238	100	5	600	1834	1834	1834	1834	1834	17814	17814	2672	2672	74763	74763	0	0	0	0	7.5	7.5	7.5	7.5	20.0	20.0	12.5	0.0	5.0	5.0	1.0	0.0	0.0	0.0	100.0
181	17972	6118	895213	5297	100	5	600	1852	1852	1852	1852	1852	18012	18012	2701	2701	76924	76924	0	0	0	0	7.5	7.5	7.5	7.5	20.0	20.0	12.5	0.0	5.0	5.0	1.0	0.0	0.0	0.0	100.0
182	18492	6226	905049	5355	100	5	600	1870	1870	1870	1870	1870	18210	18210	2731	2731	79139	79139	0	0	0	0	7.5	7.5	7.5	7.5	20.0	20.0	12.5	0.0	5.0	5.0	1.0	0.0	0.0	0.0	100.0
183	19027	6335	914943	5413	100	5	600	1888	1888	1888	1888	1888	18410	18410	2761	2761	81410	81410	0	0	0	0	7.5	7.5	7.5	7.5	20.0	20.0	12.5	0.0	5.0	5.0	1.0	0.0	0.0	0.0	100.0
184	19577	6445	924950	5473	100	5	600	1906	1906	1906	1906	1906	18611	18611	2791	2791	83738	83738	0	0	0	0	7.5	7.5	7.5	7.5	20.0	20.0	12.5	0.0	5.0	5.0	1.0	0.0	0.0	0.0	100.0
185	20142	6556	935013	5532	100	5	600	1924	1924	1924	1924	1924	18812	18812	2821	2821	86124	86124	0	0	0	0	7.5	7.5	7.5	7.5	20.0	20.0	12.5	0.0	5.0	5.0	1.0	0.0	0.0	0.0	100.0
186	20723	6668	945079	5592	100	5	600	1943	1943	1943	1943	1943	19015	19015	2852	2852	88570	88570	0	0	0	0	7.5	7.5	7.5	7.5	20.0	20.0	12.5	0.0	5.0	5.0	1.0	0.0	0.0	0.0	100.0
187	21320	6781	955145	5651	100	5	600	1962	1962	1962	1962	1962	19219	19219	2882	2882	91076	91076	0	0	0	0	7.5	7.5	7.5	7.5	20.0	20.0	12.5	0.0	5.0	5.0	1.0	0.0	0.0	0.0	100.0
188	21934	6895	965382	5712	100	5	600	1981	1981	1981	1981	1981	19424	19424	2913	2913	93645	93645	0	0	0	0	7.5	7.5	7.5	7.5	20.0	20.0	12.5	0.0	5.0	5.0	1.0	0.0	0.0	0.0	100.0
189	22565	7010	975620	5772	100	5	600	2000	2000	2000	2000	2000	19630	19630	2944	2944	96276	96276	0	0	0	0	7.5	7.5	7.5	7.5	20.0	20.0	12.5	0.0	5.0	5.0	1.0	0.0	0.0	0.0	100.0
190	23214	7126	985916	5833	100	5	600	2019	2019	2019	2019	2019	19837	19837	2975	2975	98972	98972	0	0	0	0	7.5	7.5	7.5	7.5	20.0	20.0	12.5	0.0	5.0	5.0	1.0	0.0	0.0	0.0	100.0
191	23881	7243	996325	5895	100	5	600	2038	2038	2038	2038	2038	20046	20046	3006	3006	101733	101733	0	0	0	0	7.5	7.5	7.5	7.5	20.0	20.0	12.5	0.0	5.0	5.0	1.0	0.0	0.0	0.0	100.0
192	24567	7361	1006678	5956	100	5	600	2057	2057	2057	2057	2057	20256	20256	3038	3038	104561	104561	0	0	0	0	7.5	7.5	7.5	7.5	20.0	20.0	12.5	0.0	5.0	5.0	1.0	0.0	0.0	0.0	100.0
193	25272	7480	1017144	6018	100	5	600	2076	2076	2076	2076	2076	20466	20466	3069	3069	107457	107457	0	0	0	0	7.5	7.5	7.5	7.5	20.0	20.0	12.5	0.0	5.0	5.0	1.0	0.0	0.0	0.0	100.0
194	25997	7600	1027672	6080	100	5	600	2095	2095	2095	2095	2095	20677	20677	3101	3101	110422	110422	0	0	0	0	7.5	7.5	7.5	7.5	20.0	20.0	12.5	0.0	5.0	5.0	1.0	0.0	0.0	0.0	100.0
195	26742	7721	1038252	6143	100	5	600	2114	2114	2114	2114	2114	20890	20890	3133	3133	113459	113459	0	0	0	0	7.5	7.5	7.5	7.5	20.0	20.0	12.5	0.0	5.0	5.0	1.0	0.0	0.0	0.0	100.0
196	27508	7843	1048834	6206	100	5	600	2133	2133	2133	2133	2133	21104	21104	3165	3165	116567	116567	0	0	0	0	7.5	7.5	7.5	7.5	20.0	20.0	12.5	0.0	5.0	5.0	1.0	0.0	0.0	0.0	100.0
197	28295	7966	1059535	6269	100	5	600	2152	2152	2152	2152	2152	21319	21319	3197	3197	119749	119749	0	0	0	0	7.5	7.5	7.5	7.5	20.0	20.0	12.5	0.0	5.0	5.0	1.0	0.0	0.0	0.0	100.0
198	29104	8090	1070232	6332	100	5	600	2171	2171	2171	2171	2171	21535	21535	3230	3230	123006	123006	0	0	0	0	7.5	7.5	7.5	7.5	20.0	20.0	12.5	0.0	5.0	5.0	1.0	0.0	0.0	0.0	100.0
199	29936	8215	1081100	6397	100	5	600	2190	2190	2190	2190	2190	21752	21752	3262	3262	126340	126340	0	0	0	0	7.5	7.5	7.5	7.5	20.0	20.0	12.5	0.0	5.0	5.0	1.0	0.0	0.0	0.0	100.0
200	30791	8341	1091915	6461	100	5	600	2209	2209	2209	2209	2209	21970	21970	3295	3295	129751	129751	0	0	0	0	7.5	7.5	7.5	7.5	20.0	20.0	12.5	0.0	5.0	5.0	1.0	0.0	0.0	0.0	100.0
201	31670	8468	1102784	6525	100	5	600	2229	2229	2229	2229	2229	22189	22189	3328	3328	133241	133241	0	0	0	0	7.5	7.5	7.5	7.5	20.0	20.0	12.5	0.0	5.0	5.0	1.0	0.0	0.0	0.0	100.0
202	32574	8596	1113768	6590	100	5	600	2249	2249	2249	2249	2249	22410	22410	3361	3361	136811	136811	0	0	0	0	7.5	7.5	7.5	7.5	20.0	20.0	12.5	0.0	5.0	5.0	1.0	0.0	0.0	0.0	100.0
203	33503	8725	1124757	6655	100	5	600	2269	2269	2269	2269	2269	22631	22631	3394	3394	140464	140464	0	0	0	0	7.5	7.5	7.5	7.5	20.0	20.0	12.5	0.0	5.0	5.0	1.0	0.0	0.0	0.0	100.0
204	34458	8855	1135799	6720	100	5	600	2289	2289	2289	2289	2289	22853	22853	3427	3427	144200	144200	0	0	0	0	7.5	7.5	7.5	7.5	20.0	20.0	12.5	0.0	5.0	5.0	1.0	0.0	0.0	0.0	100.0
205	35440	8986	1146899	6786	100	5	600	2309	2309	2309	2309	2309	23076	23076	3461	3461	148021	148021	0	0	0	0	7.5	7.5	7.5	7.5	20.0	20.0	12.5	0.0	5.0	5.0	1.0	0.0	0.0	0.0	100.0
206	36449	9118	1158056	6852	100	5	600	2329	2329	2329	2329	2329	23301	23301	3495	3495	151929	151929	0	0	0	0	7.5	7.5	7.5	7.5	20.0	20.0	12.5	0.0	5.0	5.0	1.0	0.0	0.0	0.0	100.0
207	37486	9251	1169272	6918	100	5	600	2349	2349	2349	2349	2349	23527	23527	3529	3529	155925	155925	0	0	0	0	7.5	7.5	7.5	7.5	20.0	20.0	12.5	0.0	5.0	5.0	1.0	0.0	0.0	0.0	100.0
208	38552	9385	1180602	6985	100	5	600	2369	2369	2369	2369	2369	23754	23754	3563	3563	160010	160010	0	0	0	0	7.5	7.5	7.5	7.5	20.0	20.0	12.5	0.0	5.0	5.0	1.0	0.0	0.0	0.0	100.0
209	39648	9520	1191875	7052	100	5	600	2389	2389	2389	2389	2389	23982	23982	3597	3597	164186	164186	0	0	0	0	7.5	7.5	7.5	7.5	20.0	20.0	12.5	0.0	5.0	5.0	1.0	0.0	0.0	0.0	100.0
210	40775	9656	1203320	7120	100	5	600	2409	2409	2409	2409	2409	24210	24210	3631	3631	168454	168454	0	0	0	0	7.5	7.5	7.5	7.5	20.0	20.0	12.5	0.0	5.0	5.0	1.0	0.0	0.0	0.0	100.0
211	41934	9793	1214766	7187	100	5	600	2429	2429	2429	2429	2429	24442	24442	3666	3666	172817	172817	0	0	0	0	7.5	7.5	7.5	7.5	20.0	20.0	12.5	0.0	5.0	5.0	1.0	0.0	0.0	0.0	100.0
212	43125	9931	1226210	7255	100	5	600	2449	2449	2449	2449	2449	24672	24672	3700	3700	177276	177276	0	0	0	0	7.5	7.5	7.5	7.5	20.0	20.0	12.5	0.0	5.0	5.0	1.0	0.0	0.0	0.0	100.0
213	44349	10070	1237714	7323	100	5	600	2469	2469	2469	2469	2469	24904	24904	3735	3735	181831	181831	0	0	0	0	7.5	7.5	7.5	7.5	20.0	20.0	12.5	0.0	5.0	5.0	1.0	0.0	0.0	0.0	100.0
214	45607	10210	1249333	7392	100	5	600	2489	2489	2489	2489	2489	25138	25138	3770	3770	186486	186486	0	0	0	0	7.5	7.5	7.5	7.5	20.0	20.0	12.5	0.0	5.0	5.0	1.0	0.0	0.0	0.0	100.0
215	46900	10351	1261006	7461	100	5	600	2509	2509	2509	2509	2509	25372	25372	3805	3805	191241	191241	0	0	0	0	7.5	7.5	7.5	7.5	20.0	20.0	12.5	0.0	5.0	5.0	1.0	0.0	0.0	0.0	100.0
216	48229	10493	1272740	7531	100	5	600	2530	2530	2530	2530	2530	25608	25608	3841	3841	196099	196099	0	0	0	0	7.5	7.5	7.5	7.5	20.0	20.0	12.5	0.0	5.0	5.0	1.0	0.0	0.0	0.0	100.0
217	49595	10636	1284471	7600	100	5	600	2551	2551	2551	2551	2551	25845	25845	3876	3876	201060	201060	0	0	0	0	7.5	7.5	7.5	7.5	20.0	20.0	12.5	0.0	5.0	5.0	1.0	0.0	0.0	0.0	100.0
218	50999	10780	1296321	7670	100	5	600	2572	2572	2572	2572	2572	26082	26082	3912	3912	206126	206126	0	0	0	0	7.5	7.5	7.5	7.5	20.0	20.0	12.5	0.0	5.0	5.0	1.0	0.0	0.0	0.0	100.0
219	52442	10925	1308226	7740	100	5	600	2593	2593	2593	2593	2593	26321	26321	3948	3948	211300	211300	0	0	0	0	7.5	7.5	7.5	7.5	20.0	20.0	12.5	0.0	5.0	5.0	1.0	0.0	0.0	0.0	100.0
220	53925	11071	1320133	7811	100	5	600	2614	2614	2614	2614	2614	26560	26560	3984	3984	216582	216582	0	0	0	0	7.5	7.5	7.5	7.5	20.0	20.0	12.5	0.0	5.0	5.0	1.0	0.0	0.0	0.0	100.0
221	55449	11218	1332095	7882	100	5	600	2635	2635	2635	2635	2635	26802	26802	4020	4020	221975	221975	0	0	0	0	7.5	7.5	7.5	7.5	20.0	20.0	12.5	0.0	5.0	5.0	1.0	0.0	0.0	0.0	100.0
222	57016	11366	1344115	7953	100	5	600	2656	2656	2656	2656	2656	27045	27045	4056	4056	227480	227480	0	0	0	0	7.5	7.5	7.5	7.5	20.0	20.0	12.5	0.0	5.0	5.0	1.0	0.0	0.0	0.0	100.0
223	58627	11515	1356195	8024	100	5	600	2677	2677	2677	2677	2677	27288	27288	4093	4093	233098	233098	0	0	0	0	7.5	7.5	7.5	7.5	20.0	20.0	12.5	0.0	5.0	5.0	1.0	0.0	0.0	0.0	100.0
224	60283	11665	1368329	8096	100	5	600	2698	2698	2698	2698	2698	27532	27532	4129	4129	238832	238832	0	0	0	0	7.5	7.5	7.5	7.5	20.0	20.0	12.5	0.0	5.0	5.0	1.0	0.0	0.0	0.0	100.0
225	61985	11816	1380580	8169	100	5	600	2719	2719	2719	2719	2719	27777	27777	4166	4166	244684	244684	0	0	0	0	7.5	7.5	7.5	7.5	20.0	20.0	12.5	0.0	5.0	5.0	1.0	0.0	0.0	0.0	100.0
226	63735	11968	1392774	8241	100	5	600	2740	2740	2740	2740	2740	28024	28024	4203	4203	250654	250654	0	0	0	0	7.5	7.5	7.5	7.5	20.0	20.0	12.5	0.0	5.0	5.0	1.0	0.0	0.0	0.0	100.0
227	65534	12121	1405082	8314	100	5	600	2761	2761	2761	2761	2761	28271	28271	4240	4240	256744	256744	0	0	0	0	7.5	7.5	7.5	7.5	20.0	20.0	12.5	0.0	5.0	5.0	1.0	0.0	0.0	0.0	100.0
228	67383	12275	1417445	8387	100	5	600	2782	2782	2782	2782	2782	28520	28520	4278	4278	262957	262957	0	0	0	0	7.5	7.5	7.5	7.5	20.0	20.0	12.5	0.0	5.0	5.0	1.0	0.0	0.0	0.0	100.0
229	69284	12430	1429871	8460	100	5	600	2803	2803	2803	2803	2803	28771	28771	4315	4315	269294	269294	0	0	0	0	7.5	7.5	7.5	7.5	20.0	20.0	12.5	0.0	5.0	5.0	1.0	0.0	0.0	0.0	100.0
230	71238	12586	1442351	8534	100	5	600	2824	2824	2824	2824	2824	29021	29021	4353	4353	275757	275757	0	0	0	0	7.5	7.5	7.5	7.5	20.0	20.0	12.5	0.0	5.0	5.0	1.0	0.0	0.0	0.0	100.0
231	73247	12743	1454889	8608	100	5	600	2846	2846	2846	2846	2846	29273	29273	4390	4390	282348	282348	0	0	0	0	7.5	7.5	7.5	7.5	20.0	20.0	12.5	0.0	5.0	5.0	1.0	0.0	0.0	0.0	100.0
232	75312	12901	1467428	8683	100	5	600	2868	2868	2868	2868	2868	29526	29526	4428	4428	289067	289067	0	0	0	0	7.5	7.5	7.5	7.5	20.0	20.0	12.5	0.0	5.0	5.0	1.0	0.0	0.0	0.0	100.0
233	77435	13060	1480021	8757	100	5	600	2890	2890	2890	2890	2890	29780	29780	4467	4467	295918	295918	0	0	0	0	7.5	7.5	7.5	7.5	20.0	20.0	12.5	0.0	5.0	5.0	1.0	0.0	0.0	0.0	100.0
234	79617	13220	1492734	8832	100	5	600	2912	2912	2912	2912	2912	30034	30034	4505	4505	302901	302901	0	0	0	0	7.5	7.5	7.5	7.5	20.0	20.0	12.5	0.0	5.0	5.0	1.0	0.0	0.0	0.0	100.0
235	81860	13381	1505444	8907	100	5	600	2934	2934	2934	2934	2934	30292	30292	4543	4543	310019	310019	0	0	0	0	7.5	7.5	7.5	7.5	20.0	20.0	12.5	0.0	5.0	5.0	1.0	0.0	0.0	0.0	100.0
236	84166	13543	1518270	8983	100	5	600	2956	2956	2956	2956	2956	30549	30549	4582	4582	317274	317274	0	0	0	0	7.5	7.5	7.5	7.5	20.0	20.0	12.5	0.0	5.0	5.0	1.0	0.0	0.0	0.0	100.0
237	86536	13706	1531154	9060	100	5	600	2978	2978	2978	2978	2978	30807	30807	4621	4621	324666	324666	0	0	0	0	7.5	7.5	7.5	7.5	20.0	20.0	12.5	0.0	5.0	5.0	1.0	0.0	0.0	0.0	100.0
238	88972	13870	1544037	9136	100	5	600	3000	3000	3000	3000	3000	31067	31067	4660	4660	332198	332198	0	0	0	0	7.5	7.5	7.5	7.5	20.0	20.0	12.5	0.0	5.0	5.0	1.0	0.0	0.0	0.0	100.0
239	91476	14035	1556977	9212	100	5	600	3022	3022	3022	3022	3022	31328	31328	4699	4699	339872	339872	0	0	0	0	7.5	7.5	7.5	7.5	20.0	20.0	12.5	0.0	5.0	5.0	1.0	0.0	0.0	0.0	100.0
240	94050	14201	1569976	9289	100	5	600	3044	3044	3044	3044	3044	31590	31590	4738	4738	347689	347689	0	0	0	0	7.5	7.5	7.5	7.5	20.0	20.0	12.5	0.0	5.0	5.0	1.0	0.0	0.0	0.0	100.0
241	96696	14368	1583032	9367	100	5	600	3066	3066	3066	3066	3066	31852	31852	4777	4777	355651	355651	0	0	0	0	7.5	7.5	7.5	7.5	20.0	20.0	12.5	0.0	5.0	5.0	1.0	0.0	0.0	0.0	100.0
242	99416	14536	1596145	9444	100	5	600	3088	3088	3088	3088	3088	32116	32116	4817	4817	363759	363759	0	0	0	0	7.5	7.5	7.5	7.5	20.0	20.0	12.5	0.0	5.0	5.0	1.0	0.0	0.0	0.0	100.0
243	102212	14705	1609374	9522	100	5	600	3110	3110	3110	3110	3110	32382	32382	4857	4857	372017	372017	0	0	0	0	7.5	7.5	7.5	7.5	20.0	20.0	12.5	0.0	5.0	5.0	1.0	0.0	0.0	0.0	100.0
244	105086	14875	1622544	9600	100	5	600	3132	3132	3132	3132	3132	32647	32647	4897	4897	380424	380424	0	0	0	0	7.5	7.5	7.5	7.5	20.0	20.0	12.5	0.0	5.0	5.0	1.0	0.0	0.0	0.0	100.0
245	108040	15046	1635831	9679	100	5	600	3154	3154	3154	3154	3154	32914	32914	4937	4937	388983	388983	0	0	0	0	7.5	7.5	7.5	7.5	20.0	20.0	12.5	0.0	5.0	5.0	1.0	0.0	0.0	0.0	100.0
246	111077	15218	1649173	9758	100	5	600	3177	3177	3177	3177	3177	33183	33183	4977	4977	397696	397696	0	0	0	0	7.5	7.5	7.5	7.5	20.0	20.0	12.5	0.0	5.0	5.0	1.0	0.0	0.0	0.0	100.0
247	114199	15391	1662575	9837	100	5	600	3200	3200	3200	3200	3200	33452	33452	5017	5017	406565	406565	0	0	0	0	7.5	7.5	7.5	7.5	20.0	20.0	12.5	0.0	5.0	5.0	1.0	0.0	0.0	0.0	100.0
248	117408	15565	1676035	9917	100	5	600	3223	3223	3223	3223	3223	33723	33723	5058	5058	415590	415590	0	0	0	0	7.5	7.5	7.5	7.5	20.0	20.0	12.5	0.0	5.0	5.0	1.0	0.0	0.0	0.0	100.0
249	120707	15740	1689550	9997	100	5	600	3246	3246	3246	3246	3246	33994	33994	5099	5099	424775	424775	0	0	0	0	7.5	7.5	7.5	7.5	20.0	20.0	12.5	0.0	5.0	5.0	1.0	0.0	0.0	0.0	100.0
250	124098	15916	1703065	10077	100	5	600	3269	3269	3269	3269	3269	34266	34266	5139	5139	434120	434120	0	0	0	0	7.5	7.5	7.5	7.5	20.0	20.0	12.5	0.0	5.0	5.0	1.0	0.0	0.0	0.0	100.0
251	127584	16093	1716638	10157	100	5	600	3292	3292	3292	3292	3292	34541	34541	5181	5181	443627	443627	0	0	0	0	7.5	7.5	7.5	7.5	20.0	20.0	12.5	0.0	5.0	5.0	1.0	0.0	0.0	0.0	100.0
252	131167	16271	1730326	10238	100	5	600	3315	3315	3315	3315	3315	34815	34815	5222	5222	453298	453298	0	0	0	0	7.5	7.5	7.5	7.5	20.0	20.0	12.5	0.0	5.0	5.0	1.0	0.0	0.0	0.0	100.0
253	134850	16450	1744015	10319	100	5	600	3338	3338	3338	3338	3338	35091	35091	5263	5263	463134	463134	0	0	0	0	7.5	7.5	7.5	7.5	20.0	20.0	12.5	0.0	5.0	5.0	1.0	0.0	0.0	0.0	100.0
254	138636	16630	1757819	10401	100	5	600	3361	3361	3361	3361	3361	35368	35368	5305	5305	473138	473138	0	0	0	0	7.5	7.5	7.5	7.5	20.0	20.0	12.5	0.0	5.0	5.0	1.0	0.0	0.0	0.0	100.0
255	142528	16811	1771680	10483	100	5	600	3384	3384	3384	3384	3384	35647	35647	5347	5347	483310	483310	0	0	0	0	7.5	7.5	7.5	7.5	20.0	20.0	12.5	0.0	5.0	5.0	1.0	0.0	0.0	0.0	100.0
