n_ID	n_PROPERTIES_USING	n_USETYPE	n_DELETETYPE	n_Var_x	n_Var_y	f_Var_z	s_Var_s	s_note
1	15	0	1	1	0	0.0		#登錄外觀裝備
2	15	0	1	2	0	0.0		#登錄船員
3	15	0	1	3	0	0.0		#登錄觀賞寵
4	15	0	1	4	0	0.0		#登錄坐騎
5	2	2	1	0	0	0.0		#一般提煉
6	1	2	1	0	0	0.0		#增加光澤度
7	3	2	1	10	0	0.0		#直接吸收養分
8	3	2	1	20	0	0.0		#直接吸收養分
9	3	2	1	40	0	0.0		#直接吸收養分
10	3	2	1	60	0	0.0		#直接吸收養分
11	17	0	1	0	8	0.0		#元素換貨，經驗+2%
12	17	0	1	0	9	0.0		#元素換貨，經驗+4%
13	17	0	1	0	10	0.0		#元素換貨，經驗+6%
14	17	0	1	0	11	0.0		#元素換貨，經驗+8%
15	17	0	1	0	12	0.0		#元素換貨，經驗+10%
16	17	0	1	0	13	0.0		#元素換貨，技能點+2%
17	17	0	1	0	14	0.0		#元素換貨，技能點+4%
18	17	0	1	0	15	0.0		#元素換貨，技能點+6%
19	17	0	1	0	16	0.0		#元素換貨，技能點+8%
20	17	0	1	0	17	0.0		#元素換貨，技能點+10%
21	5	0	1	6601	0	0.0		#喝酒A-力量+HP(力量)
22	5	0	1	6602	0	0.0		#喝酒A-體質+HP(體質)
23	5	0	1	6603	0	0.0		#喝酒A-敏捷+HP(敏捷)
24	5	0	1	6604	0	0.0		#喝酒A-感知+HP(感知)
25	5	0	1	6605	0	0.0		#喝酒A-智力+HP(智力)
26	5	0	1	6606	0	0.0		#喝酒B1-命中+HP(物理重擊)
27	5	0	1	6607	0	0.0		#喝酒B1-迴避+HP(魔法重擊)
28	5	0	1	6608	0	0.0		#喝酒B1-暴擊+HP(物理防禦)
29	5	0	1	6609	0	0.0		#喝酒B1-抗暴擊+HP(魔法防禦)
30	5	0	1	6610	0	0.0		#喝酒B2-命中+HP(物理減傷)
31	5	0	1	6611	0	0.0		#喝酒B2-迴避+HP(魔法減傷)
32	5	0	1	6612	0	0.0		#喝酒B2-暴擊+HP(C-力+物重+HP)
33	5	0	1	6613	0	0.0		#喝酒B2-抗暴擊+HP(C-體+物防+HP)
34	5	0	1	6614	0	0.0		#喝酒B3-命中+HP(C-體+法防+HP)
35	5	0	1	6615	0	0.0		#喝酒B3-迴避+HP(C-敏+物減+HP)
36	5	0	1	6616	0	0.0		#喝酒B3-暴擊+HP(C-感+法減+HP)
37	5	0	1	6617	0	0.0		#喝酒B3-抗暴擊+HP(C-智+法重+HP)
38	5	0	1	6618	0	0.0		#喝酒D-力+體
39	11	0	1	3	0	0.0		Lv1果香澄酒配方
40	11	0	1	4	0	0.0		Lv1果香黃酒配方
41	11	0	1	6	0	0.0		Lv1草香紅釀配方
42	11	0	1	7	0	0.0		Lv1草香綠釀配方
43	11	0	1	12	0	0.0		Lv1蠻地之風配方
44	11	0	1	13	0	0.0		Lv1護城英勇配方
45	11	0	1	14	0	0.0		Lv1靈心守護配方
46	11	0	1	15	0	0.0		Lv1騰躍之角配方
47	11	0	1	16	0	0.0		Lv1幻影結界配方
48	11	0	1	17	0	0.0		Lv1文明之光配方
50	11	0	1	10	0	0.0		Lv2蠻地之風
51	11	0	1	11	0	0.0		Lv2護城之勇
52	11	0	1	12	0	0.0		Lv2騰躍之角
53	11	0	1	13	0	0.0		Lv2靈心之護
54	11	0	1	14	0	0.0		Lv2文明之界
55	11	0	1	15	0	0.0		Lv2凝神甜酒
56	11	0	1	16	0	0.0		Lv2燕迴甜酒
57	11	0	1	17	0	0.0		Lv2狂罪甜酒
58	11	0	1	18	0	0.0		Lv2攝魂甜酒
59	11	0	1	34	0	0.0		Lv2文明之光配方
61	11	0	1	19	0	0.0		Lv3蠻地之風
62	11	0	1	20	0	0.0		Lv3護城之勇
63	11	0	1	21	0	0.0		Lv3騰躍之角
64	11	0	1	22	0	0.0		Lv3靈心之護
65	11	0	1	23	0	0.0		Lv3文明之界
66	11	0	1	24	0	0.0		Lv3凝神甜酒
67	11	0	1	25	0	0.0		Lv3燕迴甜酒
68	11	0	1	26	0	0.0		Lv3狂罪甜酒
69	11	0	1	27	0	0.0		Lv3攝魂甜酒
70	11	0	1	51	0	0.0		Lv3文明之光配方
72	11	0	1	28	0	0.0		Lv4蠻地之風
73	11	0	1	29	0	0.0		Lv4護城之勇
74	11	0	1	30	0	0.0		Lv4騰躍之角
75	11	0	1	31	0	0.0		Lv4靈心之護
76	11	0	1	32	0	0.0		Lv4文明之界
77	11	0	1	33	0	0.0		Lv4凝神甜酒
78	11	0	1	34	0	0.0		Lv4燕迴甜酒
79	11	0	1	35	0	0.0		Lv4狂罪甜酒
80	11	0	1	36	0	0.0		Lv4攝魂甜酒
81	11	0	1	68	0	0.0		Lv4文明之光配方
83	11	0	1	37	0	0.0		Lv5蠻地之風
84	11	0	1	38	0	0.0		Lv5護城之勇
85	11	0	1	39	0	0.0		Lv5騰躍之角
86	11	0	1	40	0	0.0		Lv5靈心之護
87	11	0	1	41	0	0.0		Lv5文明之界
88	11	0	1	42	0	0.0		Lv5凝神甜酒
89	11	0	1	43	0	0.0		Lv5燕迴甜酒
90	11	0	1	44	0	0.0		Lv5狂罪甜酒
91	11	0	1	45	0	0.0		Lv5攝魂甜酒
92	11	0	1	85	0	0.0		Lv5文明之光配方
94	16	2	1	0	5000	10.0		#潘朵拉寶盒鑰匙-穩重
95	16	2	1	0	5000	40.0		#潘朵拉寶盒鑰匙-好奇
96	16	2	1	0	5000	80.0		#潘朵拉寶盒鑰匙-冒險
97	10	0	0	17	0	0.0	ACTIVITY_Finger_Guessing	#瓜娃猜猜樂
98	31	0	1	201	0	0.0		信件三合一
99	4	0	0	7035	0	0.0		每日合成信件任務
100	31	0	1	202	0	0.0		任務1526
105	20	0	0	0	0	0.0	DROPFALL.FXS	#召喚船員
106	21	0	0	0	0	0.0	DROPFALL.FXS	#召喚觀賞寵
107	19	0	0	0	0	0.0	DROPFALL.FXS	#召喚坐騎
108	22	0	0	0	0	0.0		#快速補血
109	8	0	1	1	100	10.0		#每日-錢袋1
110	8	0	1	1	300	10.0		#每日-錢袋2
111	8	0	1	1	700	10.0		#每日-錢袋3
112	8	0	1	1	1300	10.0		#每日-錢袋4
113	8	0	1	1	1900	10.0		#每日-錢袋5
114	8	0	1	1	2500	10.0		#每日-錢袋6
115	8	0	1	1	3100	10.0		#每日-錢袋7
116	8	0	1	1	3800	10.0		#每日-錢袋8
117	8	0	1	2	4740	25.0		#每日-經驗2
118	8	0	1	2	13680	25.0		#每日-經驗3
119	8	0	1	2	23710	25.0		#每日-經驗4
120	8	0	1	2	37305	25.0		#每日-經驗5
121	8	0	1	2	53860	25.0		#每日-經驗6
122	8	0	1	2	89820	25.0		#每日-經驗7
123	8	0	1	2	144480	25.0		#每日-經驗8
124	8	0	1	3	105	25.0		#每日-技能點1
125	8	0	1	3	2370	25.0		#每日-技能點2
126	8	0	1	3	6840	25.0		#每日-技能點3
127	8	0	1	3	11855	25.0		#每日-技能點4
128	8	0	1	3	18652	25.0		#每日-技能點5
129	8	0	1	3	26930	25.0		#每日-技能點6
130	8	0	1	3	44910	25.0		#每日-技能點7
131	8	0	1	3	72240	25.0		#每日-技能點8
132	3	2	1	50	0	0.0		#直接吸收養分_每日-吸收1
133	3	2	1	100	0	0.0		#直接吸收養分_每日-吸收2
134	3	2	1	150	0	0.0		#直接吸收養分_每日-吸收3
135	3	2	1	200	0	0.0		#直接吸收養分_每日-吸收4
136	3	2	1	250	0	0.0		#直接吸收養分_每日-吸收5
137	3	2	1	300	0	0.0		#直接吸收養分_每日-吸收6
138	6	0	1	2800001	3	0.0		#強化寶石包1
139	6	0	1	2800002	3	0.0		#強化寶石包2
140	2	2	1	5	0	0.0		#每日-提煉
141	26	0	0	0	0	0.0		#瓶中信
142	8	0	1	2	210	25.0		#每日-經驗1
143	17	0	1	0	87	0.0		#一般背包租用-30天
144	17	0	1	0	88	0.0		#VIP背包租用
145	17	0	1	0	89	0.0		#倉庫租用
146	17	0	1	0	90	0.0		#船員技能格租用
147	17	0	1	0	91	0.0		#VIP蛻變格租用
148	17	0	1	0	92	0.0		#VIP黑市拍賣上限租用
149	17	0	1	0	85	0.0		#一般背包租用-1天
150	6	0	1	2700002	3	0.0		不使用
151	6	0	1	2700003	3	0.0		不使用
152	6	0	1	2700004	3	0.0		不使用
153	6	0	1	2700005	3	0.0		不使用
154	6	0	1	2700006	3	0.0		不使用
155	6	0	1	2700007	3	0.0		不使用
156	6	0	1	2700008	3	0.0		不使用
157	6	0	1	2700009	3	0.0		不使用
158	6	0	1	2700010	3	0.0		不使用
159	6	0	1	2700011	3	0.0		不使用
160	6	0	1	2700012	3	0.0		不使用
161	6	0	1	2700013	3	0.0		不使用
162	6	0	1	2700014	3	0.0		不使用
163	6	0	1	2700015	3	0.0		不使用
164	6	0	1	2700016	3	0.0		不使用
165	6	0	1	2700017	3	0.0		不使用
166	6	0	1	2700018	3	0.0		不使用
167	6	0	1	2700019	3	0.0		不使用
168	6	0	1	2700020	3	0.0		不使用
169	6	0	1	2700021	3	0.0		不使用
170	6	0	1	2700022	3	0.0		不使用
171	6	0	1	2700023	3	0.0		不使用
172	6	0	1	2700024	3	0.0		不使用
173	6	0	1	2700025	3	0.0		不使用
174	6	0	1	2700026	3	0.0		不使用
175	6	0	1	2700027	3	0.0		不使用
176	6	0	1	2700028	3	0.0		#綜合養份包60-1
177	6	0	1	2700029	3	0.0		#綜合養份包60-2
178	6	0	1	2700030	3	0.0		#綜合養份包60-3
179	6	0	1	2700031	3	0.0		#綜合養份包80-1
180	6	0	1	2700032	3	0.0		#綜合養份包80-2
181	6	0	1	2700033	3	0.0		#綜合養份包80-3
182	6	0	1	2700034	3	0.0		#綜合養份包90-1
183	6	0	1	2700035	3	0.0		#綜合養份包90-2
184	6	0	1	2700036	3	0.0		#綜合養份包90-3
185	6	0	1	2700037	3	0.0		#綜合養份包100-1
186	6	0	1	2700038	3	0.0		#綜合養份包100-2
187	6	0	1	2700039	3	0.0		#綜合養份包100-3
188	6	0	1	2700040	3	0.0		#綜合養份包110-1
189	6	0	1	2700041	3	0.0		#綜合養份包110-2
190	6	0	1	2700042	3	0.0		#綜合養份包110-3
191	6	0	1	2700043	3	0.0		#綜合養份包115-1
192	6	0	1	2700044	3	0.0		#綜合養份包115-2
193	6	0	1	2700045	3	0.0		#綜合養份包115-3
194	6	0	1	2700046	3	0.0		#綜合養份包2-1
195	6	0	1	2700047	3	0.0		#綜合養份包2-2
196	6	0	1	2700048	3	0.0		#綜合養份包2-3
197	6	0	1	2700049	3	0.0		#綜合養份包3-1
198	6	0	1	2700050	3	0.0		#綜合養份包3-2
199	6	0	1	2700051	3	0.0		#綜合養份包3-3
200	5	0	2	91	0	0.0		#船員補血-一般
201	12	0	1	1	0	0.0		#圖鑑不明碎片
202	12	0	1	2	0	0.0		#圖鑑不明碎片
203	12	0	1	4	0	0.0		#圖鑑不明碎片
204	12	0	1	8	0	0.0		#圖鑑不明碎片
209	23	0	1	1	0	0.0		#爐石-入口點
210	9	0	1	0	0	0.0		#船員技能共用
211	6	0	1	2700052	1	0.0		#吸收精華包40
212	6	0	1	2700053	1	0.0		#吸收精華包60
213	6	0	1	2700054	1	0.0		#吸收精華包80
214	6	0	1	2700055	1	0.0		#吸收精華包90
215	6	0	1	2700056	1	0.0		#吸收精華包100
216	6	0	1	2700057	1	0.0		#吸收精華包110
217	6	0	1	2700058	1	0.0		#吸收精華包115
218	6	0	1	2700059	1	0.0		#吸收精華包2
219	6	0	1	2700060	1	0.0		#吸收精華包3
220	6	0	1	2800003	1	0.0		#船員古書1
221	6	0	1	2800004	1	0.0		#船員古書2
222	6	0	1	2800005	1	0.0		#船員古書3
223	6	0	1	2800006	1	0.0		#船員古書4
224	6	0	1	2800007	1	0.0		#船員古書5
225	6	0	1	2800008	1	0.0		#配方包1
226	6	0	1	2800009	1	0.0		#配方包2
227	6	0	1	2800010	1	0.0		#配方包3
228	6	0	1	2800011	1	0.0		#配方包4
229	6	0	1	2800012	1	0.0		#配方包5
230	6	0	1	2700061	4	0.0		#不使用
231	6	0	1	2700062	4	0.0		#不使用
232	6	0	1	2700063	4	0.0		#不使用
233	6	0	1	2700064	4	0.0		#不使用
235	25	2	1	0	0	0.0		#鑄型道具
236	27	0	1	0	0	0.0		#商城轉蛋專用
237	6	0	1	2700061	4	0.0		LV.1元素包(地)
238	6	0	1	2700062	4	0.0		LV.2元素包(地)
239	6	0	1	2700063	4	0.0		LV.3元素包(地)
240	6	0	1	2700064	4	0.0		LV.4元素包(地)
241	6	0	1	2700065	4	0.0		LV.5元素包(地)
242	6	0	1	2700070	4	0.0		#不使用
243	6	0	1	2700071	4	0.0		#不使用
244	6	0	1	2700072	4	0.0		#不使用
245	6	0	1	2700073	4	0.0		#不使用
246	6	0	1	2700074	4	0.0		#不使用
247	6	0	1	2700075	4	0.0		#不使用
248	6	0	1	2700076	4	0.0		#不使用
249	6	0	1	2700077	4	0.0		#不使用
250	6	0	1	2700078	4	0.0		#不使用
251	6	0	1	2700079	4	0.0		#不使用
252	6	0	1	2700080	4	0.0		#不使用
253	6	0	1	2800013	1	0.0		鐵匠盒-劍1
254	6	0	1	2800014	1	0.0		鐵匠盒-劍2
255	6	0	1	2800015	1	0.0		鐵匠盒-劍3
256	6	0	1	2800016	1	0.0		鐵匠盒-劍4
257	6	0	1	2800017	1	0.0		鐵匠盒-鎚1
258	6	0	1	2800018	1	0.0		鐵匠盒-鎚2
259	6	0	1	2800019	1	0.0		鐵匠盒-鎚3
260	6	0	1	2800020	1	0.0		鐵匠盒-鎚4
261	6	0	1	2800021	1	0.0		鐵匠盒-盾1
262	6	0	1	2800022	1	0.0		鐵匠盒-盾2
263	6	0	1	2800023	1	0.0		鐵匠盒-盾3
264	6	0	1	2800024	1	0.0		鐵匠盒-盾4
265	6	0	1	2800025	1	0.0		鐵匠盒-浮石1
266	6	0	1	2800026	1	0.0		鐵匠盒-浮石2
267	6	0	1	2800027	1	0.0		鐵匠盒-浮石3
268	6	0	1	2800028	1	0.0		鐵匠盒-浮石4
269	6	0	1	2800029	1	0.0		鐵匠盒-雙槍1
270	6	0	1	2800030	1	0.0		鐵匠盒-雙槍2
271	6	0	1	2800031	1	0.0		鐵匠盒-雙槍3
272	6	0	1	2800032	1	0.0		鐵匠盒-雙槍4
273	6	0	1	2800033	1	0.0		鐵匠盒-法杖1
274	6	0	1	2800034	1	0.0		鐵匠盒-法杖2
275	6	0	1	2800035	1	0.0		鐵匠盒-法杖3
276	6	0	1	2800036	1	0.0		鐵匠盒-法杖4
278	17	0	1	0	93	0.0		#任務給，經驗+5%
279	17	0	1	0	94	0.0		#任務給，技能點+5%
280	24	0	1	1	0	9.0		#力量屬性丹1
281	24	0	1	1	10	19.0		#力量屬性丹2
282	24	0	1	1	20	29.0		#力量屬性丹3
283	24	0	1	2	0	9.0		#敏捷屬性丹1
284	24	0	1	2	10	19.0		#敏捷屬性丹2
285	24	0	1	2	20	29.0		#敏捷屬性丹3
286	24	0	1	3	0	9.0		#體質屬性丹1
287	24	0	1	3	10	19.0		#體質屬性丹2
288	24	0	1	3	20	29.0		#體質屬性丹3
289	24	0	1	4	0	9.0		#智力屬性丹1
290	24	0	1	4	10	19.0		#智力屬性丹2
291	24	0	1	4	20	29.0		#智力屬性丹3
292	24	0	1	5	0	9.0		#感知屬性丹1
293	24	0	1	5	10	19.0		#感知屬性丹2
294	24	0	1	5	20	29.0		#感知屬性丹3
295	17	0	1	0	4	0.0		#任務送提煉保障次數
296	17	0	1	0	137	0.0		#船員好感度MAX
297	17	0	1	0	139	0.0		#幸運採集10%
298	17	0	1	0	138	0.0		#幸運採集10%-試用
299	5	0	2	92	0	0.0		#船員補血-天龍
300	17	0	1	1	0	0.0		#VIP服務30天
301	8	0	1	4	5	0.0		增加士氣值5
302	8	0	1	4	10	0.0		增加士氣值10
303	5	0	1	10000	0	0.0		#LV1紅藥水
304	5	0	1	10001	0	0.0		#LV2紅藥水
305	5	0	1	10002	0	0.0		#LV3紅藥水
306	5	0	1	10003	0	0.0		#LV4紅藥水
307	5	0	1	10004	0	0.0		#LV5紅藥水
308	29	0	0	0	0	0.0		#隨身倉庫
309	28	0	0	1	1	0.0		#隨身商店-一般
310	28	0	0	2	2	0.0		#隨身商店-條件
311	6	0	1	2700082	8	0.0		#Lv15戰備包(聖騎士)
312	6	0	1	2700083	8	0.0		#Lv25戰備包(聖騎士)
313	6	0	1	2700084	8	0.0		#Lv35戰備包(聖騎士)
314	17	0	1	2	0	0.0		#VIP服務1天
315	39	0	1	500	0	0.0		場景圖鑑送代幣
321	8	0	1	4	20	0.0		增加士氣值20
322	8	0	1	4	25	0.0		增加士氣值25
323	8	0	1	4	30	0.0		增加士氣值30
329	5	0	1	10005	0	0.0		#每日紅藥水-補1-1
330	5	0	1	10006	0	0.0		#每日紅藥水-補3-1
331	5	0	1	10007	0	0.0		#每日紅藥水-補4-1
332	5	0	1	10008	0	0.0		#貴族紅藥水
333	6	0	1	2800055	3	0.0		優爾妲魔方
334	6	0	1	2800056	3	0.0		克羅艾斯魔方
335	6	0	1	2800057	3	0.0		海底十字軍魔方
336	6	0	1	2800058	3	0.0		古文明衛士魔方
337	6	0	1	2800059	3	0.0		職業守護魔方
338	6	0	1	2800060	3	0.0		職業加護護魔方
339	6	0	1	2800061	3	0.0		職業精靈魔方
340	6	0	1	2800062	3	0.0		亞瑞斯套裝魔方
341	6	0	1	2800063	3	0.0		謬思套裝魔方
342	6	0	1	2800064	3	0.0		海克力斯套裝魔方
343	6	0	1	2800065	3	0.0		阿波羅套飾魔方
344	6	0	1	2800066	3	0.0		漢密斯套飾魔方
345	6	0	1	2800067	3	0.0		命運之卵
346	30	2	1	0	0	0.0		降等道具
347	8	0	1	4	15	0.0		增加士氣值15
348	31	0	1	10	2600096	1.0		#1階精華合成2階
349	31	0	1	10	2600097	1.0		#2階精華合成3階
350	8	0	1	2	100	25.0		#赫卡特-經驗極小
351	8	0	1	2	300	25.0		#赫卡特-經驗小
352	8	0	1	2	500	25.0		#赫卡特-經驗微
353	8	0	1	3	50	25.0		#赫卡特-技能點極小
354	8	0	1	3	150	25.0		#赫卡特-技能點小
355	8	0	1	3	250	25.0		#赫卡特-技能點微
356	17	0	1	0	151	0.0		#幸運採集10%，1hr
357	17	0	1	0	152	0.0		#船員特殊技能格租用，1hr
358	17	0	1	0	153	0.0		#經驗加成20％，7天
359	17	0	1	0	154	0.0		#技能點加成20％，7天
360	17	0	1	0	155	0.0		#船員技能格租用，7天
361	6	0	1	2700085	3	0.0		#綜合養份包50-1
362	6	0	1	2700086	3	0.0		#綜合養份包50-2
363	6	0	1	2700087	3	0.0		#綜合養份包50-3
364	6	0	1	2700088	3	0.0		#綜合養份包70-1
365	6	0	1	2700089	3	0.0		#綜合養份包70-2
366	6	0	1	2700090	3	0.0		#綜合養份包70-3
367	5	0	1	6619	0	0.0		#釀酒D2-體+H
368	5	0	1	6620	0	0.0		#釀酒D3-敏+H
369	5	0	1	6621	0	0.0		#釀酒D4-感+H
370	5	0	1	6622	0	0.0		#釀酒D5-智+H
371	32	0	1	3	0	0.0		#寶石方塊重置
372	32	0	1	4	0	0.0		#連連看重置
373	32	0	1	8	0	0.0		#寶藏拼圖重置
374	6	0	1	2800068	1	0.0		許願魔方
375	6	0	1	2800069	1	0.0		每日銀幣任務轉蛋
376	8	0	1	6	50	0.0		#給公會經驗值
377	8	0	1	6	60	0.0		#給公會經驗值
378	8	0	1	5	50	0.0		#給功勳值
379	6	0	1	2700091	8	0.0		#Lv40戰備包(聖騎士)
380	31	0	1	5	0	0.0		#合成頭飾膠囊
381	31	0	1	6	0	0.0		#合成上身膠囊
382	31	0	1	7	0	0.0		#合成下身膠囊
383	6	0	1	2800070	1	0.0		#頭飾膠囊
384	6	0	1	2800071	1	0.0		#上身膠囊
385	6	0	1	2800072	1	0.0		#下身膠囊
386	5	0	1	10009	0	0.0		#商店紅藥水1，回標準值的8成
387	5	0	1	10010	0	0.0		#商店紅藥水2
388	5	0	1	10011	0	0.0		#商店紅藥水3
389	5	0	1	10012	0	0.0		#商店紅藥水4
390	5	0	1	10013	0	0.0		#商店紅藥水5
391	6	0	1	2700092	7	0.0		Lv15戰備箱(劍鬥士)
392	6	0	1	2700093	7	0.0		Lv25戰備箱(劍鬥士)
393	6	0	1	2700094	7	0.0		Lv35戰備箱(劍鬥士)
394	6	0	1	2700095	7	0.0		Lv40戰備箱(劍鬥士)
395	6	0	1	2700096	6	0.0		Lv15戰備箱(神槍手)
396	6	0	1	2700097	6	0.0		Lv25戰備箱(神槍手)
397	6	0	1	2700098	6	0.0		Lv35戰備箱(神槍手)
398	6	0	1	2700099	6	0.0		Lv40戰備箱(神槍手)
399	6	0	1	2700100	6	0.0		Lv15戰備箱(風暴使者)
400	6	0	1	2700101	6	0.0		Lv25戰備箱(風暴使者)
401	6	0	1	2700102	6	0.0		Lv35戰備箱(風暴使者)
402	6	0	1	2700103	6	0.0		Lv40戰備箱(風暴使者)
403	6	0	1	2700104	6	0.0		Lv15戰備箱(聖火祭司)
404	6	0	1	2700105	6	0.0		Lv25戰備箱(聖火祭司)
405	6	0	1	2700106	6	0.0		Lv35戰備箱(聖火祭司)
406	6	0	1	2700107	6	0.0		Lv40戰備箱(聖火祭司)
407	5	0	1	6623	0	0.0		Lv1活力秘釀
408	5	0	1	6624	0	0.0		Lv2活力秘釀
409	5	0	1	6625	0	0.0		Lv3活力秘釀
410	5	0	1	6626	0	0.0		Lv4活力秘釀
411	5	0	1	6627	0	0.0		Lv5活力秘釀
412	5	0	1	6628	0	0.0		Lv6活力秘釀
413	5	0	1	6629	0	0.0		Lv7活力秘釀
414	5	0	1	6630	0	0.0		Lv8活力秘釀
415	5	0	1	6631	0	0.0		Lv9活力秘釀
416	5	0	1	6632	0	0.0		Lv10活力秘釀
417	5	0	1	5137	0	0.0		#變身道具 - 蘿絲瑪莉
418	5	0	1	5138	0	0.0		#變身道具 - 葛蕾絲
419	5	0	1	5139	0	0.0		#變身道具 - 納爾遜
420	5	0	1	5140	0	0.0		#變身道具 - 山本五十六
421	5	0	1	5141	0	0.0		#變身道具 - 海魅影
422	5	0	1	5142	0	0.0		#變身道具 - 麥迪遜
423	5	0	1	5143	0	0.0		#變身道具 - 愛德華
424	5	0	1	5144	0	0.0		#變身道具 - 安潔莉娜
425	5	0	1	5145	0	0.0		#變身道具 - 奧德賽
426	5	0	1	5146	0	0.0		#變身道具 - 柏拉圖
427	5	0	1	5147	0	0.0		#變身道具 - 賽蓮
428	23	0	1	2	0	0.0		#爐石-重生點
429	23	0	1	3	0	0.0		#爐石-公會島
430	8	0	1	2	3500	0.0		#神燈任務-經驗
431	8	0	1	3	1750	0.0		#神燈任務-技能點
432	34	0	1	0	0	0.0		#強化上限突破
433	35	0	1	0	0	0.0		#可轉手次數
434	17	0	1	0	166	0.0		隨身倉庫(7天)
435	17	0	1	0	167	0.0		隨身保管箱(7天)
436	17	0	1	0	168	0.0		隨身交易所(7天)
437	17	0	1	0	169	0.0		隨身倉庫(3天)
438	17	0	1	0	170	0.0		隨身保管箱(3天)
439	17	0	1	0	171	0.0		隨身交易所(3天)
440	17	0	1	0	172	0.0		隨身倉庫(1天)
441	17	0	1	0	173	0.0		隨身保管箱(1天)
442	17	0	1	0	174	0.0		隨身交易所(1天)
443	36	0	1	0	0	0.0		編輯人物
444	6	0	1	2800162	3	0.0		獵王魔方
445	6	0	1	2800074	2	0.0		驚喜彩蛋(1)
446	6	0	1	2800075	2	0.0		驚喜彩蛋(2)
447	6	0	1	2800076	2	0.0		驚喜彩蛋(3)
448	6	0	1	2800077	2	0.0		驚喜彩蛋(4)
449	6	0	1	2800078	2	0.0		驚喜彩蛋(5)
450	6	0	1	2800079	2	0.0		驚喜彩蛋(6)
451	6	0	1	2800080	2	0.0		驚喜彩蛋(7)
452	6	0	1	2800081	2	0.0		驚喜彩蛋(8)
453	6	0	1	2800082	2	0.0		驚喜彩蛋(9)
454	6	0	1	2800083	2	0.0		驚喜彩蛋(10)
455	6	0	1	2800084	2	0.0		驚喜彩蛋(11)
456	6	0	1	2800085	2	0.0		驚喜彩蛋(12)
457	8	0	1	2	4740	75.0		經驗值彩蛋(1)
458	8	0	1	2	8664	75.0		經驗值彩蛋(2)
459	8	0	1	2	14580	75.0		經驗值彩蛋(3)
460	8	0	1	2	21150	75.0		經驗值彩蛋(4)
461	8	0	1	2	32175	75.0		經驗值彩蛋(5)
462	8	0	1	2	40140	75.0		經驗值彩蛋(6)
463	8	0	1	2	50040	75.0		經驗值彩蛋(7)
464	8	0	1	2	64620	75.0		經驗值彩蛋(8)
465	8	0	1	2	89829	75.0		經驗值彩蛋(9)
466	8	0	1	2	126480	75.0		經驗值彩蛋(10)
467	8	0	1	2	130740	75.0		經驗值彩蛋(11)
468	8	0	1	2	144480	75.0		經驗值彩蛋(12)
469	8	0	1	3	2370	75.0		技能點彩蛋(1)
470	8	0	1	3	4332	75.0		技能點彩蛋(2)
471	8	0	1	3	7290	75.0		技能點彩蛋(3)
472	8	0	1	3	10575	75.0		技能點彩蛋(4)
473	8	0	1	3	16089	75.0		技能點彩蛋(5)
474	8	0	1	3	20070	75.0		技能點彩蛋(6)
475	8	0	1	3	25020	75.0		技能點彩蛋(7)
476	8	0	1	3	32310	75.0		技能點彩蛋(8)
477	8	0	1	3	44916	75.0		技能點彩蛋(9)
478	8	0	1	3	63240	75.0		技能點彩蛋(10)
479	8	0	1	3	65370	75.0		技能點彩蛋(11)
480	8	0	1	3	72240	75.0		技能點彩蛋(12)
481	5	0	1	6633	0	0.0		#40副本水果-力
482	5	0	1	6634	0	0.0		#40副本水果-敏
483	5	0	1	6635	0	0.0		#40副本水果-體
484	5	0	1	6636	0	0.0		#40副本水果-智
485	5	0	1	6637	0	0.0		#40副本水果-感
486	37	0	1	1	0	0.0		#圖鑑全開-共用
487	17	0	1	0	177	0.0		船員開眼庇護(1天)
488	17	0	1	0	147	0.0		戰鬥經驗庇護(1天)
489	17	0	1	0	148	0.0		戰鬥技能庇護(1天)
490	17	0	1	0	178	0.0		戰鬥經驗庇護(1hr)
491	17	0	1	0	179	0.0		戰鬥技能庇護(1hr)
492	8	0	1	4	50	0.0		增加士氣值50
493	17	0	1	3	0	0.0		#VIP服務3天
494	31	0	1	8	0	0.0		黑暗秘法娃娃
495	6	0	1	2800094	1	0.0		套裝獎勵
496	6	0	1	2700111	3	0.0		【荒野過客】套裝
497	6	0	1	2800086	1	0.0		秘法膠囊
498	6	0	1	2700112	3	0.0		【指導者】套裝
499	6	0	1	2700113	3	0.0		【戰爭機器】套裝
500	31	0	1	9	0	0.0		神秘寶藏娃娃
501	6	0	1	2700114	3	0.0		【神火使徒】套裝
502	6	0	1	2700115	3	0.0		【深淵戰甲】套裝
503	6	0	1	2800087	1	0.0		神秘膠囊
504	17	0	1	0	3	0.0		#VIP跳高服務3天
506	31	0	1	10	0	0.0		公會榮耀娃娃
509	6	0	1	2800088	1	0.0		榮耀膠囊
512	6	0	1	2800089	1	0.0		初階職業膠囊
513	6	0	1	2800163	3	0.0		海盜魔方
517	6	0	1	2800090	1	0.0		中階職業膠囊
518	31	0	1	1	0	0.0		合成審判之槌：黃昏
519	31	0	1	2	0	0.0		合成審判之槌：破曉
520	31	0	1	3	0	0.0		合成審判之槌：旭日
521	31	0	1	4	0	0.0		合成審判之槌：烈陽
522	31	0	1	11	0	0.0		克羅艾斯契約
523	31	0	1	12	0	0.0		優爾妲契約
524	31	0	1	13	0	0.0		紅焰魔犬契約
525	5	0	1	6638	0	0.0		原性藥水1
526	5	0	1	6639	0	0.0		原性藥水2
527	5	0	1	6640	0	0.0		原性藥水3
528	5	0	1	6641	0	0.0		元沌藥水1
529	5	0	1	6642	0	0.0		元沌藥水2
530	5	0	1	6643	0	0.0		元沌藥水3
531	5	0	1	6644	0	0.0		天鏡藥水1
532	5	0	1	6645	0	0.0		天鏡藥水2
533	5	0	1	6646	0	0.0		天鏡藥水3
534	5	0	1	6647	0	0.0		巧心藥水1
535	5	0	1	6648	0	0.0		巧心藥水2
536	5	0	1	6649	0	0.0		巧心藥水3
537	39	0	1	1000	0	0.0		副本圖鑑送代幣
538	40	2	1	1	2600096	142.0	1=32;2	轉換成船魂白玉
539	40	2	1	2	2600096	142.0	1=32;2	轉換成船魂白玉
540	31	0	1	14	0	0.0		白玉合成碧玉
541	31	0	1	15	0	0.0		碧玉合成藍玉
542	31	0	1	16	0	0.0		白玉煉台5>>10
543	31	0	1	17	0	0.0		白玉煉台10>>20
544	31	0	1	18	0	0.0		白玉煉台20>>40
545	31	0	1	19	0	0.0		白玉煉台40>>80
546	31	0	1	20	0	0.0		白玉煉台80>>100
547	31	0	1	21	0	0.0		碧玉煉台5>>10
548	31	0	1	22	0	0.0		碧玉煉台10>>20
549	31	0	1	23	0	0.0		碧玉煉台20>>40
550	31	0	1	24	0	0.0		碧玉煉台40>>80
551	31	0	1	25	0	0.0		碧玉煉台80>>100
552	31	0	1	26	0	0.0		藍玉煉台5>>10
553	31	0	1	27	0	0.0		藍玉煉台10>>20
554	31	0	1	28	0	0.0		藍玉煉台20>>40
555	31	0	1	29	0	0.0		藍玉煉台40>>80
556	31	0	1	30	0	0.0		藍玉煉台80>>100
557	6	0	1	2800091	1	0.0		每日跳跳任務轉蛋
558	17	0	1	0	199	0.0		CCB經驗加倍(24hr)
559	6	0	1	2700110	2	0.0		揚帆展翅禮盒
560	39	0	1	0	0	0.0		海洋大亨禮盒
561	6	0	1	2800092	6	0.0		CB海賊王紀念禮盒
562	17	0	1	0	200	0.0		隨身倉庫(1hr)
563	17	0	1	0	201	0.0		隨身交易所(1hr)
564	5	0	1	10014	0	0.0		南瓜濃湯
565	5	0	1	6650	0	0.0		南瓜酒
566	6	0	1	2800093	1	0.0		驚喜紫南瓜
567	7	1	0	0	0	0.0	OTHER_NOTE	藏寶圖線索
568	23	0	0	1	0	0.0		#永久爐石-入口點
569	17	0	1	0	202	0.0		寶箱多選10次
570	17	0	1	0	205	0.0		寶箱多選1次
571	17	0	1	0	208	0.0		寶箱多選3次
572	7	1	0	0	0	0.0	EQUIP_DYEING_REMOVE	去除染色
573	6	0	1	2800095	1	0.0		伴侶道具轉蛋
574	6	0	1	2800096	2	0.0		#強化寶石包2
575	5	0	1	10015	0	0.0		薑餅人
576	6	0	1	2800097	1	0.0		聖誕禮物盒
577	5	0	1	6651	0	0.0		聖誕紅酒
578	17	0	1	0	209	0.0		#競技換貨，經驗+20%
579	42	0	1	0	0	0.0		回復劍魂等級
580	45	0	1	10	0	50.0		#10以下回收技能點50%
581	45	0	1	50	0	50.0		#50以下回收技能點50%
582	45	0	1	120	0	50.0		#120以下回收技能點50%
583	45	0	1	10	0	90.0		#10以下回收技能點90%
584	45	0	1	50	0	90.0		#50以下回收技能點90%
585	45	0	1	120	0	90.0		#120以下回收技能點90%
586	46	0	1	0	0	100.0		#遺忘副職+回收100%技能點
587	46	0	1	0	0	0.0		#遺忘副職，保留技能
588	46	0	1	0	0	1.0		#遺忘副職+回收1%技能點
589	6	0	1	2800451	1	0.0		可愛寵物蛋
590	6	0	1	2800452	1	0.0		俏皮寵物蛋
591	6	0	1	2800453	1	0.0		活潑寵物蛋
592	6	0	1	2800454	1	0.0		健康寵物蛋
593	5	0	1	6652	0	0.0		#喝酒B4-命中+HP
594	5	0	1	6653	0	0.0		#喝酒B4-迴避+HP
595	5	0	1	6654	0	0.0		#喝酒B4-暴擊+HP
596	5	0	1	6655	0	0.0		#喝酒B4-抗暴擊+HP
597	5	0	1	6656	0	0.0		#喝酒B5-命中+HP
598	5	0	1	6657	0	0.0		#喝酒B5-迴避+HP
599	5	0	1	6658	0	0.0		#喝酒B5-暴擊+HP
600	5	0	1	6659	0	0.0		#喝酒B5-抗暴擊+HP
601	5	0	1	6660	0	0.0		#喝酒A2-力量+HP
602	5	0	1	6661	0	0.0		#喝酒A2-體質+HP
603	5	0	1	6662	0	0.0		#喝酒A2-敏捷+HP
604	5	0	1	6663	0	0.0		#喝酒A2-感知+HP
605	5	0	1	6664	0	0.0		#喝酒A2-智力+HP
606	5	0	1	6665	0	0.0		#喝酒A3-力量+HP
607	5	0	1	6666	0	0.0		#喝酒A3-體質+HP
608	5	0	1	6667	0	0.0		#喝酒A3-敏捷+HP
609	5	0	1	6668	0	0.0		#喝酒A3-感知+HP
610	5	0	1	6669	0	0.0		#喝酒A3-智力+HP
611	5	0	1	6670	0	0.0		#喝酒A4-力量+HP
612	5	0	1	6671	0	0.0		#喝酒A4-體質+HP
613	5	0	1	6672	0	0.0		#喝酒A4-敏捷+HP
614	5	0	1	6673	0	0.0		#喝酒A4-感知+HP
615	5	0	1	6674	0	0.0		#喝酒A4-智力+HP
616	5	0	1	6675	0	0.0		#喝酒A5-力量+HP
617	5	0	1	6676	0	0.0		#喝酒A5-體質+HP
618	5	0	1	6677	0	0.0		#喝酒A5-敏捷+HP
619	5	0	1	6678	0	0.0		#喝酒A5-感知+HP
620	5	0	1	6679	0	0.0		#喝酒A5-智力+HP
621	6	0	1	2800461	1	0.0		營養蘇打包
622	6	0	1	2800462	1	0.0		營養餅乾包
623	6	0	1	2800463	1	0.0		營養鯛魚燒包
624	6	0	1	2800464	1	0.0		營養串丸子包
625	6	0	1	2800465	2	0.0		大包營養包
626	44	0	1	510	0	0.0		船隻補耐久1
627	44	0	1	511	0	0.0		船隻補耐久2
628	44	0	1	512	0	0.0		船隻補耐久3
629	44	0	1	513	0	0.0		船隻補耐久4
630	6	0	1	2700116	6	0.0		Lv5戰備箱(帝國騎士)
631	6	0	1	2700117	6	0.0		Lv5戰備箱(劍鬥士)
632	6	0	1	2700118	5	0.0		Lv5戰備箱(風暴使者)
633	6	0	1	2700119	5	0.0		Lv5戰備箱(神槍手)
634	6	0	1	2700120	5	0.0		Lv5戰備箱(日曜祭司)
635	6	0	1	2800201	4	0.0		船員友好秘訣
636	6	0	1	2800202	4	0.0		特殊材料袋
637	6	0	1	2800203	3	0.0		史萊姆寶箱
638	6	0	1	2800204	1	0.0		奇蹟之槌寶箱
639	31	0	1	31	0	0.0		合成海神僕役：海洋
640	31	0	1	32	0	0.0		合成海神僕役：怒濤
641	6	0	1	2800158	1	0.0		巧克力驚奇盒
642	31	0	1	101	0	0.0		古老悠久娃娃
643	6	0	1	2800159	1	0.0		悠久膠囊
644	6	0	1	2700125	7	0.0		Lv5戰備箱(巫毒使)
645	6	0	1	2700126	7	0.0		Lv15戰備箱(巫毒使)
646	6	0	1	2700127	7	0.0		Lv25戰備箱(巫毒使)
647	6	0	1	2700128	7	0.0		Lv35戰備箱(巫毒使)
651	8	0	1	1	1000	10.0		#航海-錢袋1
652	8	0	1	1	2000	10.0		#航海-錢袋2
653	8	0	1	1	3500	10.0		#航海-錢袋3
654	8	0	1	1	5500	10.0		#航海-錢袋4
655	8	0	1	1	1300	10.0		#航海-錢袋5
656	8	0	1	1	1300	10.0		#航海-錢袋6
657	8	0	1	1	1300	10.0		#航海-錢袋7
658	8	0	1	1	1300	10.0		#航海-錢袋8
659	8	0	1	1	1300	10.0		#航海-錢袋9
661	6	0	1	2700151	1	0.0		LV.40湛藍碎片包
662	6	0	1	2700152	1	0.0		LV.50湛藍碎片包
663	6	0	1	2700153	1	0.0		LV.60湛藍碎片包
664	6	0	1	2700154	1	0.0		LV.70湛藍碎片包
665	6	0	1	2700155	1	0.0		LV.80湛藍碎片包
666	6	0	1	2700156	1	0.0		LV.90湛藍碎片包
667	6	0	1	2700157	1	0.0		LV.100湛藍碎片包
668	6	0	1	2700158	1	0.0		LV.110湛藍碎片包
669	6	0	1	2700159	1	0.0		LV.115湛藍碎片包
701	5	0	1	10020	0	0.0		#LV1.療傷果凍
702	5	0	1	10021	0	0.0		#LV2.療傷果凍
703	5	0	1	10022	0	0.0		#LV3.療傷果凍
704	5	0	1	10023	0	0.0		#LV4.療傷果凍
705	5	0	1	10024	0	0.0		#LV5.療傷果凍
706	5	0	1	10025	0	0.0		#LV6.療傷果凍
707	5	0	1	10026	0	0.0		#LV7.療傷果凍
708	5	0	1	10027	0	0.0		#LV8.療傷果凍
709	5	0	1	10028	0	0.0		#LV9.療傷果凍
710	5	0	1	10029	0	0.0		#LV10.療傷果凍
711	5	0	1	10030	0	0.0		#LV11.療傷果凍
731	8	0	1	3	500	0.0		#商店販售技能點1
732	8	0	1	3	5000	0.0		#商店販售技能點2
733	8	0	1	3	50000	0.0		#商店販售技能點3
734	8	0	1	3	500000	0.0		#商店販售技能點4
741	31	0	1	301	0	0.0		設計圖：火焰放射器
742	31	0	1	302	0	0.0		設計圖：衝撞裝置
743	31	0	1	303	0	0.0		設計圖：鐵甲戰船
744	31	0	1	304	0	0.0		設計圖：十字水雷
745	31	0	1	305	0	0.0		設計圖：漁網【前】
746	31	0	1	306	0	0.0		設計圖：漁網【後】
747	31	0	1	307	0	0.0		設計圖：加速
748	31	0	1	308	0	0.0		設計圖：鎖鍊魚叉
749	31	0	1	309	0	0.0		設計圖：迫擊砲【左】
750	31	0	1	310	0	0.0		設計圖：燒夷彈【左】
751	31	0	1	311	0	0.0		設計圖：連射砲【左】
752	31	0	1	312	0	0.0		設計圖：強力貫穿砲【左】
753	31	0	1	313	0	0.0		設計圖：黑鐵球【左】
754	31	0	1	314	0	0.0		設計圖：煙霧彈【左】
755	31	0	1	315	0	0.0		設計圖：迫擊砲【右】
756	31	0	1	316	0	0.0		設計圖：燒夷彈【右】
757	31	0	1	317	0	0.0		設計圖：連射砲【右】
758	31	0	1	318	0	0.0		設計圖：強力貫穿砲【右】
759	31	0	1	319	0	0.0		設計圖：黑鐵球【右】
760	31	0	1	320	0	0.0		設計圖：煙霧彈【右】
801	17	0	1	0	2501	0.0		#看板租用_賽蓮
802	17	0	1	0	2502	0.0		#看板租用_奧德賽
803	17	0	1	0	2503	0.0		#看板租用_柏拉圖
804	17	0	1	0	2504	0.0		#看板租用_美狄亞
805	17	0	1	0	2505	0.0		#看板租用_蘿絲瑪莉
806	17	0	1	0	2506	0.0		#看板租用_安潔莉娜(公主)
807	17	0	1	0	2507	0.0		#看板租用_蘿絲瑪莉(海盜)
808	17	0	1	0	2508	0.0		#看板租用_哥倫布
809	17	0	1	0	2509	0.0		#看板租用_山本五十六
810	17	0	1	0	2510	0.0		#看板租用_蘿辣
831	43	0	1	1	0	0.0		商城_擺攤擴充用1
832	43	0	1	2	0	0.0		商城_擺攤擴充用2
833	43	0	1	3	0	0.0		商城_擺攤擴充用3
834	43	0	1	4	0	0.0		商城_擺攤擴充用4
835	47	2	1	0	0	0.0		商城_鑲嵌格數擴充工具
836	48	1	0	0	0	0.0		商城_外觀變更道具
837	17	0	1	0	251	0.0		商城_重置收納點數服務(不使用)
861	17	0	1	0	252	0.0		商城_隨機附魔卷(不使用)
901	6	0	1	2703001	2	0.0		商城禮盒_粉紅少女禮盒
902	6	0	1	2703002	2	0.0		商城禮盒_紫色波浪禮盒
903	6	0	1	2703003	2	0.0		商城禮盒_純淨百合禮盒
1001	5	0	0	5101	0	0.0		祕寶-審判之槌
1002	5	0	0	5162	0	0.0		祕寶-海神僕役
1003	6	0	0	2700081	2	1.0		祕寶-巧匠之槌
1004	5	0	0	5104	0	0.0		祕寶-魔音豎琴
1005	5	0	0	5105	0	0.0		祕寶-水電工之包
1006	5	0	0	5106	0	0.0		祕寶-夜魔獠牙
1007	5	0	0	5107	0	0.0		祕寶-希望之鑰
1008	5	0	0	5108	0	0.0		祕寶-練紅腰鎖
1009	5	0	0	5122	0	0.0		祕寶-毀滅原子
1010	5	0	0	5123	0	0.0		祕寶-寒冰之晶
1011	5	0	0	5124	0	0.0		祕寶-合金能源核
1012	5	0	0	5125	0	0.0		祕寶-亞瑞斯之瓶
1013	17	0	0	0	135	0.0		祕寶-透徹之眼
1014	17	0	0	0	136	0.0		祕寶-瀟灑帽
1015	5	0	0	5155	0	0.0		祕寶-審判之槌：黃昏
1016	5	0	0	5156	0	0.0		祕寶-審判之槌：破曉
1017	5	0	0	5157	0	0.0		祕寶-審判之槌：旭日
1018	5	0	0	5158	0	0.0		祕寶-審判之槌：烈陽
1019	5	0	0	5103	0	0.0		祕寶-審判之槌試用版
1020	41	0	0	2600002	3	0.0	0	祕寶-海神儀
1021	5	0	0	5163	0	0.0		祕寶-海神僕役：海洋
1022	5	0	0	5102	0	0.0		祕寶-海神僕役：怒濤
1101	6	0	1	2800164	1	0.0		鐵匠盒-娃娃1
1102	6	0	1	2800165	1	0.0		鐵匠盒-娃娃2
1103	6	0	1	2800166	1	0.0		鐵匠盒-娃娃3
1104	6	0	1	2800167	1	0.0		鐵匠盒-娃娃4
2001	6	0	1	2800514	1	0.0		母親節禮包
2002	6	0	1	2800515	1	0.0		水燈節禮包
2101	8	0	1	1	10000	0.0		#補償錢袋1G
2102	8	0	1	1	20000	0.0		#補償錢袋2G
2103	8	0	1	1	30000	0.0		#補償錢袋3G
2104	8	0	1	1	40000	0.0		#補償錢袋4G
2105	8	0	1	1	50000	0.0		#補償錢袋5G
2106	8	0	1	1	60000	0.0		#補償錢袋6G
2107	8	0	1	1	70000	0.0		#補償錢袋7G
2108	8	0	1	1	80000	0.0		#補償錢袋8G
2109	8	0	1	1	90000	0.0		#補償錢袋9G
2110	8	0	1	1	100000	0.0		#補償錢袋10G
5001	5	0	0	7501	0	0.0		#召喚盲眼獵犬
5002	5	0	0	7551	0	0.0		#召喚平原跳鼠
5003	5	0	0	7552	0	0.0		#召喚波滔龍馬
5004	5	0	0	7553	0	0.0		#召喚飛魚空艇
5005	5	0	0	7502	0	0.0		#召喚季風號
5006	5	0	0	7503	0	0.0		#召喚魔海藍虎
5007	5	0	0	7506	0	0.0		#召喚黃色小鴨
5008	5	0	0	7507	0	0.0		#召喚聖誕馴鹿
5009	5	0	0	7559	0	0.0		#召喚摩托車
5010	5	0	0	7560	0	0.0		#召喚獨角獸
5011	5	0	0	7504	0	0.0		#召喚異域魔犬
5012	5	0	0	7505	0	0.0		#召喚紅焰魔犬
5013	5	0	0	5126	0	0.0		#召喚變身樹
5014	5	0	0	5127	0	0.0		#召喚砲台
5015	5	0	0	5129	0	0.0		#召喚彈簧床
5016	5	0	0	5132	0	0.0		#跪下
5017	5	0	0	7600	0	0.0		偽裝道具-長椅
5018	5	0	0	7601	0	0.0		偽裝道具-佈告欄
5019	5	0	0	7602	0	0.0		偽裝道具-麵包攤
5020	5	0	0	7603	0	0.0		偽裝道具-行道樹
5021	5	0	0	7604	0	0.0		偽裝道具-板凳
5022	5	0	0	7605	0	0.0		偽裝道具-路燈
5023	5	0	1	7606	0	0.0		木桶
5024	5	0	1	7607	0	0.0		木箱
5025	5	0	1	7608	0	0.0		土黃色石頭
5026	5	0	1	7609	0	0.0		仙人掌
5027	5	0	1	7610	0	0.0		淺藍色木桶
5028	5	0	1	7611	0	0.0		野生鳳梨
5029	5	0	1	7612	0	0.0		荷葉
5030	5	0	1	7613	0	0.0		深色鐵籠
5031	5	0	1	7614	0	0.0		綠色草叢
5032	5	0	1	7615	0	0.0		灰色石柱
5033	5	0	1	7616	0	0.0		火藥桶
5034	5	0	1	7617	0	0.0		砲彈箱
5035	5	0	1	7618	0	0.0		部落墓碑
5036	5	0	1	7619	0	0.0		柴火堆
5037	5	0	1	7620	0	0.0		積雪的石柱
5038	5	0	1	7621	0	0.0		雪白草叢
5039	5	0	1	7622	0	0.0		火盆
5040	5	0	1	7623	0	0.0		小型機器
5041	5	0	1	7624	0	0.0		防空炮台
5042	5	0	1	7625	0	0.0		火山水晶石
5043	5	0	1	7626	0	0.0		火山特色植物
5044	5	0	1	7627	0	0.0		褐色草叢
5045	5	0	1	7628	0	0.0		大型陶罐
5046	5	0	1	7629	0	0.0		蛋型石頭
5047	5	0	1	7630	0	0.0		原型南瓜
5048	5	0	1	7631	0	0.0		鬼臉南瓜
5049	5	0	1	7632	0	0.0		蠟燭鬼臉南瓜
5050	5	0	1	7633	0	0.0		雪人
5051	5	0	1	7634	0	0.0		聖誕樹
5052	5	0	1	7635	0	0.0		聖誕禮盒
5053	5	0	1	5160	0	0.0		暴力雪球
5054	5	0	1	5161	0	0.0		雪球
5055	5	0	0	7554	0	0.0		#召喚冰原跳鼠
5491	5	0	0	7521	0	0.0		#召喚測試坐騎
5492	5	0	0	7522	0	0.0		#召喚測試坐騎
5493	5	0	0	7523	0	0.0		#召喚測試坐騎
5494	5	0	0	7524	0	0.0		#召喚測試坐騎
5495	5	0	0	7525	0	0.0		#召喚測試坐騎
5496	5	0	0	7526	0	0.0		#召喚測試坐騎
5497	5	0	0	7527	0	0.0		#召喚測試坐騎
5498	5	0	0	7528	0	0.0		#召喚測試坐騎
5499	5	0	0	7529	0	0.0		#召喚測試坐騎
5501	4	0	0	8102	0	0.0		神燈任務-瓶中
5502	4	0	0	8103	0	0.0		神燈任務-瓶中
5503	4	0	0	7035	0	0.0		每日銀幣任務1
5504	4	0	0	7036	0	0.0		每日銀幣任務2
5505	4	0	0	7037	0	0.0		每日銀幣任務3
5506	4	0	0	7038	0	0.0		每日銀幣任務4
5507	4	0	0	7039	0	0.0		每日銀幣任務5
5508	4	0	0	4049	0	0.0		航海相關任務
5509	4	0	0	7094	0	0.0		武士之道：禮之卷
5510	4	0	0	7098	0	0.0		武士之道：誠之卷
5511	4	0	0	7102	0	0.0		武士之道：名之卷
5512	4	0	0	7106	0	0.0		武士之道：忠之卷
5513	4	0	0	7110	0	0.0		武士之道：克之卷
5514	4	0	0	7114	0	0.0		餓狼魂：狩之章
5515	4	0	0	7118	0	0.0		餓狼魂：獵之章
5516	4	0	0	7130	0	0.0		餓狼魂：狂之章
5517	4	0	0	7134	0	0.0		餓狼魂：亂之章
5518	4	0	0	7138	0	0.0		餓狼魂：凶之章
5519	4	0	0	8030	0	0.0		公會島每日任務
5520	4	0	0	7146	0	0.0		餓狼魂：暴之章
5521	4	0	0	7150	0	0.0		餓狼魂：戾之章
5522	4	0	0	7154	0	0.0		餓狼魂：自由之章
5523	4	0	0	8110	0	0.0		旅伴任務1
5524	4	0	0	8111	0	0.0		旅伴任務2
5525	4	0	0	8127	0	0.0		旅伴任務3
5526	4	0	0	8128	0	0.0		旅伴任務4
5527	4	0	0	7142	0	0.0		餓狼魂：惡之章
5528	4	0	0	7122	0	0.0		餓狼魂：爭之章
5529	4	0	0	7126	0	0.0		餓狼魂：鬥之章
5530	8	0	1	4	10	0.0		給聖誕老人的信，增加士氣值10
5531	4	0	0	7531	0	0.0		濃情巧克力
5532	4	0	0	7532	0	0.0		牛奶巧克力
5533	4	0	0	7533	0	0.0		成熟黑巧克力
5534	4	0	0	7534	0	0.0		巧克力軟糖
5535	4	0	0	7535	0	0.0		酒心巧克力
5601	4	0	0	4000	0	0.0		審判之槌祕寶線索
5602	4	0	0	4009	0	0.0		海神僕役祕寶線索
5603	4	0	0	4021	0	0.0		安錫恩之握祕寶線索
5604	4	0	0	4035	0	0.0		莉迪娜之旋律祕寶線索
5605	4	0	0	4054	0	0.0		秘寶獵人包包祕寶線索
5606	4	0	0	4087	0	0.0		夜魔獠牙祕寶線索
5607	4	0	0	4080	0	0.0		突襲艇鑰匙祕寶線索
5608	4	0	0	4092	0	0.0		審判者之證祕寶線索
5609	4	0	0	4097	0	0.0		海神儀祕寶線索
5610	4	0	0	8131	0	0.0		伴侶道具1
5611	4	0	0	8133	0	0.0		伴侶道具2
5612	4	0	0	8135	0	0.0		伴侶道具3
5613	4	0	0	8107	0	0.0		伴侶道具4
7000	5	0	0	8001	0	0.0		#海怪巢穴_照明彈
7001	5	0	0	8041	0	0.0		#天火塔 - 信號彈
8000	19	0	0	9900	0	0.0		#試用坐騎
9001	30	2	1	0	0	0.0		#降等-test
9002	17	0	1	0	9001	0.0		#船員技能格租用
9003	17	0	1	0	9003	0.0		#懶人賺錢
9004	8	0	1	6	100	30.0		#公會經驗-test
9005	11	0	1	520002	0	0.0		#試用配方學習
9006	8	0	1	5	100	30.0		#功勳-test
9007	5	1	2	7001	5	0.0		#玉米酒-test
9008	1	1	1	0	0	10.0	Guild_Choose_Exp	#公會經驗分配石
9009	5	1	1	7001	0	0.0		#假的玉米酒-test
9010	7	1	0	0	0	0.0	EQUIPMENT_Decomposition	#開介面-test
9011	15	0	1	0	0	0.0		#收納用
9012	5	0	0	6601	0	0.0		#裝備使用
9013	6	0	1	2709997	17	0.0		#Lv50PK戰備包
9014	17	0	1	0	9005	0.0		#一般背包租用
9015	17	0	1	0	9006	0.0		#VIP背包租用
9016	17	0	1	0	9007	0.0		#倉庫租用
9017	6	0	1	2808006	1	0.0		#遊戲內轉蛋-test
9018	24	0	1	4	0	9.0		#智力屬性丹1-test
9019	24	0	1	4	10	19.0		#智力屬性丹2-test
9020	24	0	1	4	20	29.0		#智力屬性丹3-test
9021	29	0	1	0	0	0.0		#隨身倉庫扣掉
9022	29	0	2	0	0	0.0		#隨身倉庫次數
9023	28	0	1	1	1	0.0		#隨身商店-一般扣掉
9024	28	0	2	2	2	0.0		#隨身商店-條件次數
9025	31	0	1	10	2609922	1.0		#1階精華合成2階
9026	31	0	1	10	2609923	1.0		#2階精華合成3階
9027	17	0	1	0	9008	0.0		隨身倉庫(3天)
9028	17	0	1	0	9009	0.0		隨身保管箱(3天)
9029	17	0	1	0	9010	0.0		隨身交易所(3天)
9030	33	0	1	1	4	0.0		背包擴充(4格)
9031	33	0	1	1	5	0.0		背包擴充(5格)
9032	33	0	1	2	4	0.0		倉庫擴充(4格)
9033	33	0	1	2	5	0.0		倉庫擴充(5格)
9034	34	0	1	0	0	0.0		初級強化上限突破
9035	34	0	1	0	0	0.0		高級強化上限突破
9036	35	0	1	0	0	0.0		可轉手次數1次
9037	37	0	1	1	0	0.0		#圖鑑全開
9038	38	0	1	10	0	0.0		#增加好友上限
9039	17	0	1	0	9011	0.0		#原地復活不用錢
9040	17	0	1	0	9002	0.0		#結算寶箱多選
9041	39	0	1	0	10	0.0		#給代幣
9901	17	0	1	0	9012	0.0		#看板租用TEST
9903	17	0	1	9001	0	0.0		#複合常駐效果
9904	8	0	2	6	100	30.0		#公會經驗-test
9905	8	0	2	3	100	30.0		#技能點袋-test
9906	8	0	2	5	1000	25.0		#功勳-test
9907	5	0	0	7498	0	0.0		#測試用，召喚奔騰耳舞羚
9908	5	0	0	7499	0	0.0		#測試用，召喚豚豚豚
9909	5	0	0	7500	0	0.0		#測試用，召喚劍魚
9910	5	0	0	7497	0	0.0		#測試用，召喚黃獅虎
9911	45	1	1	0	0	100.0	SKILL_SPBACK	#回收技能點100%
9912	45	1	1	0	0	50.0	SKILL_SPBACK	#回收技能點50%
9913	5	0	0	9913	0	0.0		#測試用
9924	5	0	0	9997	0	0.0		#召喚衝刺跳鼠
9951	5	0	1	9924	0	0.0		測試BUFF堆疊
9952	5	0	1	9925	0	0.0		測試BUFF堆疊
9953	5	0	1	9926	0	0.0		測試BUFF堆疊
9954	5	0	1	9927	0	0.0		測試BUFF堆疊
9955	5	0	1	9928	0	0.0		測試BUFF堆疊
9956	5	0	1	9929	0	0.0		測試BUFF堆疊
9957	5	0	1	9930	0	0.0		測試BUFF堆疊
9958	5	0	1	9931	0	0.0		測試BUFF堆疊
9959	5	0	1	9932	0	0.0		測試BUFF堆疊
9960	5	0	1	9933	0	0.0		測試BUFF堆疊
9961	5	0	1	9934	0	0.0		測試BUFF堆疊
9962	5	0	1	9935	0	0.0		測試BUFF堆疊
9963	5	0	1	9936	0	0.0		測試BUFF堆疊
9964	5	0	1	9937	0	0.0		測試BUFF堆疊
9965	5	0	1	9938	0	0.0		測試BUFF堆疊
9966	5	0	1	9939	0	0.0		測試BUFF堆疊
9967	5	0	1	9940	0	0.0		測試BUFF堆疊
9968	5	0	1	9941	0	0.0		測試BUFF堆疊
9969	5	0	1	9942	0	0.0		測試BUFF堆疊
9970	5	0	1	9943	0	0.0		測試BUFF堆疊
9971	5	0	1	9944	0	0.0		測試BUFF堆疊
9972	5	0	1	9945	0	0.0		測試BUFF堆疊
9973	5	0	1	9946	0	0.0		測試BUFF堆疊
9974	5	0	1	9947	0	0.0		測試BUFF堆疊
9975	5	0	1	9948	0	0.0		測試BUFF堆疊
9976	5	0	1	9949	0	0.0		測試BUFF堆疊
9977	5	0	1	9950	0	0.0		測試BUFF堆疊
9978	5	0	1	9951	0	0.0		測試BUFF堆疊
9979	5	0	1	9952	0	0.0		測試BUFF堆疊
9980	5	0	1	9953	0	0.0		測試BUFF堆疊
9995	5	0	0	9995	0	0.0		#目標扣10%
9997	6	0	1	2709998	16	0.0		Lv120綠測試箱
9998	6	0	1	2709999	16	0.0		Lv120紫測試箱
9999	5	0	0	9998	0	0.0		#範圍必殺
99901	43	0	1	1	0	0.0		擺攤擴充用1
99902	43	0	1	2	0	0.0		擺攤擴充用2
99903	43	0	1	3	0	0.0		擺攤擴充用3
99904	43	0	1	4	0	0.0		擺攤擴充用4
99911	44	0	1	10000	0	0.0		船隻補耐久1
99912	44	0	1	10001	0	0.20000000298023224		船隻補耐久2
99913	44	0	1	10002	0	0.0		船隻補耐久3
99914	44	0	1	1300	0	0.4000000059604645		船隻補耐久4
99931	17	0	1	0	9912	0.0		#看板租用TEST
99932	17	0	1	0	2502	0.0		#看板租用TEST
99933	17	0	1	0	2503	0.0		#看板租用TEST
99934	17	0	1	0	2504	0.0		#看板租用TEST
99935	17	0	1	0	2505	0.0		#看板租用TEST
99936	17	0	1	0	2506	0.0		#看板租用TEST
99937	17	0	1	0	2507	0.0		#看板租用TEST
99938	17	0	1	0	2508	0.0		#看板租用TEST
99939	17	0	1	0	2509	0.0		#看板租用TEST
99940	17	0	1	0	2510	0.0		#看板租用TEST
