n_ID	s_EVENT	s_CONDITION	s_TALK	s_WARNING
187	BEHAVIOR(8010)\nBEHAVIOR(8015)\nBEHAVIOR(8016)	GO(0)\nGO(0)\nGO(0)	TALK(12,5)\nTALK(12,5)\nTALK(13,5);TALK(14,5)	WARNING(17,3)\nWARNING(17,3)\n0
191	BEHAVIOR(8071)\nBEHAVIOR(8066)\nBEHAVIOR(8068)	GO(0)\nGO(0)\nGO(0)	TALK(7,5);TALK(8,20)\nTALK(9,5)\nTALK(10,4);TALK(11,4);TALK(18,4)	0\n0\n0
634	BEHAVIOR(8084)\nBEHAVIOR(8085)\nBEHAVIOR(8086)\nBEHAVIOR(8087)\nBEHAVIOR(8088)	GO(0)\nGO(0)\nGO(0)\nGO(0)\nGO(0)	TALK(22,5);TALK(23,10);TALK(24,10);TALK(25,10);TALK(26,5);TALK(27,10)\nTALK(19,10);TALK(20,10);TALK(21,10)\nTALK(28,10);TALK(29,10);TALK(30,10);TALK(31,10);TALK(32,10)\nTALK(33,10);TALK(34,10);TALK(35,10);TALK(36,10);TALK(37,10)\nTALK(38,5);TALK(39,10);TALK(40,5)	0\n0\n0\n0\n0
856	BEHAVIOR(3152)\nBEHAVIOR(3153)\nBEHAVIOR(3155)\nBEHAVIOR(3156)	GO(0)\nGO(0)\nGO(0)\nGO(0)	TALK(1,5)\nTALK(2,5);TALK(0,30);TALK(3,5);TALK(0,30);TALK(4,5)\nTALK(5,5)\nTALK(6,5)	0\n0\n0\n0
857	BEHAVIOR(3010)\nBEHAVIOR(3013)	HP_ENEMY<(0.7);RATE(50)\nRATE(75);HP_I<(0.75)	TALK(15,5)\nTALK(16,5)	0\n0
918	BEHAVIOR(8092)	GO(0)	TALK(43,10)	0
1921	BEHAVIOR(8100)\nBEHAVIOR(8101)\nBEHAVIOR(8102)	GO(0)\nGO(0)\nGO(0)	TALK(53,5);TALK(54,5);TALK(55,10)\nTALK(56,10)\nTALK(56,10)	0
1922	BEHAVIOR(8095)	GO(0)	TALK(44,5);TALK(45,5);TALK(46,5);TALK(47,10)	0
1926	BEHAVIOR(8096)\nBEHAVIOR(8097)\nBEHAVIOR(8098)	GO(0)\nGO(0)\nGO(0)	TALK(51,5)\nTALK(52,5)\nTALK(48,5);TALK(49,5);TALK(50,5)	0
