n_ID	n_TYPE	n_NOTIFY_TYPE	s_MESSAGE
1	35	0	เงินไม่พอ!
2	35	0	ไอเทมที่ต้องการไม่เพียงพอ!
3	35	0	ช่องว่างในกระเป๋าไม่เพียงพอหรือจำนวนไอเทมดังกล่าวมีถึงจำนวนจำกัดแล้ว！
4	35	0	เลเวลไม่ถูกต้อง!
5	35	0	อาชีพไม่ถูกต้อง!
6	35	0	เพศไม่ถูกต้อง!
7	35	0	ห้ามประกอบด้วยอักษรพิเศษ:"$V1"
8	35	0	ขยายสูงสุดแล้ว!
9	35	0	แต้มที่ต้องการไม่เพียงพอ!
10	35	0	เนื้อหาไม่สามารถเว้นว่างได้!
11	33	0	ล้มเหลว! มีตัวละครนี้อยู่แล้ว! (ชื่อผิด,ออฟไลน์,ต่างเนื้อเรื่องหรือต่างแชนแนล)
12	35	0	ผิดพลาด! การดำเนินการผิดปกติ!
13	35	0	เชิญล้มเหลว! ฝ่ายตรงข้ามปฏิเสธ!
14	35	0	สวมใส่แล้วหรือเป็นไอเทมที่ไม่สามารถซื้อขายได้!
15	1	0	รอการตอบกลับ...
16	1	0	ปฏิเสธคำเชิญของฝ่ายตรงข้าม!
17	35	0	ท่านไม่มีไอเทมนี้!
18	35	0	เป้าหมายไม่ว่าง...
19	35	0	เงื่อนไขไม่ตรงตามกำหนด!
20	35	0	เป้าหมายฝั่งตรงข้ามไม่ถูกต้อง!
21	35	0	ชื่อซ้ำ!
22	35	0	ยังไม่ได้เลือกรายการ!
23	35	0	เลยเวลาที่กำหนด คำเชิญล้มเหลว!
24	35	0	ล้มเหลว! ฝ่ายใดฝ่ายหนึ่งมีการย้ายชื่อไปยังบัญชีดำ!
25	1	0	เชิญสำเร็จ!
26	35	0	ประเภทไม่ถูกต้อง!
27	3	0	กรุณาเลือกเป้าหมาย!
28	37	0	ไอเทมไม่ถูกต้องหรือถูกล็อกไว้ กรุณาตรวจสอบสถานะไอเทม!
29	37	0	ไอเทมยังไม่ถูกจัดตำแหน่ง กรุณาตรวจสอบการดำเนินการถูกต้องแล้วหรือไม่!
30	35	0	ไม่ตรงตามเงื่อนไข!
31	2	0	ระยะทางไกลเกินไป!
32	2	0	ไอเทมไม่สามารถใส่ได้!
33	35	0	ไม่ตรงตามเงื่อนไข ไม่สามารถใช้ได้!
34	34	0	ไอเทมของผู้อื่น ไม่สามารถเก็บขึ้นมาได้!
35	35	0	ยกเลิกการดำเนินการ!
36	32	0	
37	34	0	ดำเนินการอีกครั้ง!
38	36	0	การซื้อขายถูกตัด!
39	64	0	
40	128	0	
41	256	0	
42	34	0	ไม่สามารถทิ้งได้!
43	36	0	ข้อมูลที่เพิ่มไม่สมบูรณ์หรือการตั้งค่าผิดพลาด!
44	35	0	ฟังก์ชั่นยังไม่เปิดใช้!
45	3	0	เป้าหมายผิดพลาด!
46	35	0	จำนวนไม่เพียงพอ!
47	35	0	ผู้เล่นไม่ว่าง!
48	35	0	ไม่สามารถใช้ได้ในฉากนี้!
101	36	0	เปิดหน้าต่างประเภทเดียวกันอยู่ ไม่สามารถเข้ารายการนี้ได้
102	35	0	จำนวนการซื้อขายเต็มแล้ว!
103	35	0	อยู่ในสถานะซื้อขายได้!
104	35	0	เมื่อล็อกแล้วไม่สามารถทำการเปลี่ยนแปลงเนื้อหาได้!
105	35	0	จำนวนเงินเกินจำนวนสูงสุด!
106	35	0	ในการซื้อขายจำนวนเงินหรือไอเทมเกินจำนวนสูงสุด จะไม่สามารถซื้อขายได้!
107	35	0	อยู่ในการซื้อขาย ไม่สามารถใช้ไอเทมได้!
108	35	0	จำนวนคนในดันเจี้ยนเต็มแล้ว!
109	35	0	[ $V1 ] อยู่ในดันเจี้ยนแล้ว!
110	35	0	[ $V1 ] มีบันทึกการผ่านด่านแล้ว!
111	34	0	กรุณาเลือกตัวละคร!
112	34	0	จำนวนตัวละครเต็มแล้ว!
113	34	0	กรุณาใส่ชื่อตัวละคร!
114	35	0	ท่านไม่ใช่หัวหน้าทีม ไม่สามารถใช้ฟังก์ชั่นนี้ได้!
115	35	0	จำนวนคนในทีมเต็มแล้ว!
116	3	0	เป้าหมายมีทีมแล้ว!
117	3	0	[ $V1 ] ได้เชิญท่านเข้าร่วมทีม...
118	67	0	[ $V1 ] เข้าทีม!
119	3	0	ส่งคำเชิญเข้าทีมไปให้ [ $V1 ] รอการตอบกลับ...
120	35	0	เข้าร่วมล้มเหลว! ท่านมีทีมอยู่แล้ว!
121	1	0	หัก [ $V1 ] $V2 อัน!
122	35	0	จำนวนเงินที่มีอยู่ถึงจำนวนสูงสุดแล้ว!
123	1	0	ยินดีด้วย $V1 ท่านสร้างกิลด์ $V2 สำเร็จ!
124	1	0	สมาชิกกิลด์ $V1 ออนไลน์แล้ว!
125	1	0	สมาชิกกิลด์ $V1 ออฟไลน์
126	9	2	ขอบคุณสมาชิก $V1 ที่ทำการบริจาค EXP ให้กิลด์ $V2 หน่วย
127	35	0	ที่ว่างไม่เพียงพอ!
128	35	0	ไอเทมเหลือเพียงอันเดียว!
129	3	0	จัดเรียงสำเร็จ!
130	1	0	ยินดีด้วย: ระดับกิลของ $V1 พัฒนาขึ้นแล้ว!
131	1	0	ได้รับ [ $V1 ] * $V2
132	1	0	ได้รับเงิน
133	3	0	ได้รับ Token $V1 เหรียญ!
134	1	0	เพิ่ม [ $V1 ] ลงในรายชื่อเพื่อนสำเร็จ!
135	35	0	การเชิญล้มเหลว! ฝ่ายตรงข้ามปฏิเสธ!
136	35	0	ล้มเหลว! ตัวละครนี้ไม่มีอยู่หรือออฟไลน์อยู่!
137	35	0	รายชื่อเต็มแล้ว!
138	1	0	ลบเพื่อน [ $V1 ] แล้ว!
139	35	0	ฝ่ายตรงข้ามอยู่ในรายชื่อแล้ว
140	35	0	ฝ่ายตรงข้ามอยู่ในบัญชีดำแล้ว!
141	35	0	บันทึกอยู่ในรายชื่อเพื่อนหรือเพื่อนทางจดหมายแล้ว ไม่สามารถย้ายไปบัญชีดำได้
142	66	0	ส่งสถานะส่วนตัวของท่านไปแล้ว!
143	1	0	ลบ [ $V1 ] จากบัญชีดำแล้ว
144	67	0	ส่งจดหมายสำเร็จ!
145	3	0	ซื้อสำเร็จ!
146	34	0	กรุณาใส่หัวเรื่อง!
147	34	0	กรุณาใส่เนื้อหา!
148	1	0	ปัจจุบันกิลด์มีสมาชิก $V1 คน หากมีไม่ถึง $V5 คน กิลด์จะถูกปิดภายใน $V2 วัน $V3 ชั่วโมง $V4 นาที !
149	1	0	 $V1  ถูกปิดลงแล้ว น่าเสียดายจริงๆ...
150	1	0	ครั้งนี้สุ่มได้อัตราสำเร็จในการตีบวก $V1 
151	131	0	ยินดีด้วยท่านตีบวกสำเร็จ!
152	3	0	เครื่องสวมใส่ถูกลดระดับ! พยายามเข้านะ!
153	35	0	ต้องเป็นเครื่องสวมใส่ประเภทเดียวกันจึงจะทำการโอนย้ายได้!
154	67	0	โอนย้ายสำเร็จ รีบใส่เครื่องสวมใส่อันใหม่เลยสิ!
155	1	0	เพิ่ม [ $V1 ] ไปในบัญชีดำเรียบร้อยแล้ว!
156	35	0	 $V1  ออนไลน์แล้ว รายชื่อตัวละครจะหายไปภายใน 1 นาที!
157	1	0	ยินดีด้วย $V1 เป็นหัวหน้ากิลด์แล้ว!
158	1	0	ตำแหน่งของ $V1 ถูกปรับเป็น $V2
159	34	0	ท่านไม่มีสิทธิ์ในการดำเนินการสิ่งนี้
160	34	0	ผิดพลาด! ฝ่ายตรงข้ามไม่ได้อยู่ในกิลด์ของท่าน!
161	2	0	ล้มเหลว! ค่าการผสมแต้มสเตตัสเดี่ยวไม่สามารถมากกว่าผลรวมของ 4 สเตตัสที่เหลือ!
162	35	0	ล้มเหลว! เมื่อเลเวลเลย $V1 ไปแล้ว การรีเซ็ทสเตตัสใหม่จะต้องใช้คุกกี้ $V2 คุกกี้!
163	35	0	ระดับกิลด์ไม่เพียงพอ!
164	35	0	กรุณานำผลึกที่ฝังประดับอยู่ออกมาก่อน!
165	67	0	ฝังประดับสำเร็จ! อย่าลืมผลึกสามารถพัฒนาได้เรื่อยๆ!
166	9	2	ได้รับแต้มสกิลของกิลด์!
167	35	0	กรุณาเลือกเพื่อน 1 คน!
168	35	0	ล้มเหลว! เงินในกิลด์ไม่เพียงพอ!
169	3	0	 [ $V1 ] ออกจากทีม!
170	3	0	ยกเลิกทีม!
171	3	0	ท่านทำภารกิจนี้แล้ว!
172	67	0	ได้รับของรางวัลแล้ว! รีบเปิดคลังร้านค้าดูสิ~
173	1	0	ได้รับ [ $V1 ]!
174	34	0	ท่านมีกิลด์แล้ว กรุณาออกจากกิลด์เก่าก่อน!
175	34	0	ท่ายังทำภารกิจสร้างกิลด์ไม่สำเร็จ ไม่สามารถสร้างกิลด์ได้!
176	1	0	การสร้างกิลด์ล้มเหลว
177	34	0	จำนวนสมาชิกของกิลด์ที่ท่านอยู่เต็มแล้ว!
178	34	0	ฝ่ายตรงข้ามมีกิลด์แล้ว!
179	1	0	ปฏิเสธคำเชิญเข้ากิลด์แล้ว
180	1	0	ยินดีด้วย ท่านเข้ากิลด์ $V1 แล้ว
181	1	0	ยินดีต้อนรับสู่กิลด์ $V1!
182	35	0	 $V1  ออกจากกิลด์แล้ว รายชื่อตัวละครจะหายไปใน 1 วินาที!
183	1	0	เยี่ยมไปเลย! $V1 ส่งของขวัญให้ท่าน 1 อย่าง รีบเปิดดูสิ อาจมีเซอร์ไพส์นะ!
184	1	0	ยินดีด้วย! เพิ่มระดับกิลด์เป็น $V1 แล้ว!
185	13	2	ยังมีเงินเดือนของกิลด์ที่ยังไม่ได้รับ กรุณากดรับด้วย!
186	13	1	มีรายการผจญภัยที่ยังทำไม่สำเร็จ!
187	34	0	สถานะปัจจุบันไม่สามารถส่งไปยังเกาะกิลด์ได้!
188	3	0	สถานะของสัตว์ขี่เปลี่ยนแล้ว! สามารถเรียกสัตว์เลี้ยงปรับเปลี่ยนการแสดงสถานะใหม่ได้!
189	35	0	กิจกรรมเต็มแล้ว! กรุณาลงทะเบียนในครั้งต่อไป
190	35	0	ปัจจุบันท่านไม่มีกิลด์!
191	67	0	ฟังก์ชั่นใหม่ในเกาะกิลด์เปิดใช้แล้ว!
192	35	0	ไม่สามารถรับของขวัญได้! ในกระเป๋าจะต้องมีช่องว่างอย่างน้อย 4 ช่อง!
193	35	0	ไม่เหลือช่องว่างพอที่จะทำการเปลี่ยนแปลง!
194	35	0	เลเวลกิลด์ของท่านยังไม่ถึง N จะอยู่ในสถานะถูกคุ้มครอง ไม่สามารถเข้าร่วมสงครามได้!
195	35	0	การใช้แชนแนลนี้จะต้องใช้ไอเทมประเภทขยายเสียง!
196	3	0	รหัสลับไม่ถูกต้อง!
197	1	0	ได้รับ EXP $V1 แต้ม!
198	1	0	ได้รับแต้มสกิล $V1 แต้ม!
199	1	0	ได้รับค่าชื่อเสียงกองทัพ $V1 $V2 แต้ม!
200	1	0	ทอง
201	1	0	เงิน
202	1	0	ทองแดง
203	1	0	ทหารเรือ
204	1	0	โจรสลัด
205	131	0	หลอมสำเร็จ!
206	131	0	ลดโชคลาภ หลอมผลึกพิเศษแล้ว!
207	259	0	การหลอมล้มเหลว! เสียผลึก 1 เม็ด!
208	1	0	สร้างสำเร็จ!
209	35	0	จำนวนที่เหลือไม่เพียงพอ!
210	13	2	สกิลกิลด์ถูกรีเซ็ทแล้ว กรุณาเปิดหน้าสกิลเพื่อตั้งค่าใหม่!
211	35	0	ท่านลงทะเบียนกิจกรรมนี้แล้ว!
212	35	0	เลยเวลาการลงทะเบียนนี้แล้ว!
213	35	0	จำนวนสมาชิกในทีมไม่ถูกต้อง!
214	35	0	ไอเทมไม่เพียงพอ!
215	35	0	เลเวลกิลด์ไม่ถูกต้อง!
216	35	0	ชื่อเสียงทหารเรือไม่เพียงพอ!
217	35	0	ชื่อเสียงโจรสลัดไม่เพียงพอ!
218	3	0	ตีบวกล้มเหลว เครื่องสวมใส่สูญหาย!
219	35	0	คุกกี้ไม่เพียงพอ! การตั้งค่าล้มเหลว!
220	35	0	Romeo ยังค้นหาเพื่อนร่วมเดินทางให้ท่านไม่ได้!
221	0	0	
222	37	0	ไม่สามารถออกจากกิลด์ได้! กรุณาเปลี่ยนตำแหน่ง!
223	1	0	ท่านออกจากกิลด์แล้ว!
224	1	0	 $V1  ออกจากกิลด์
225	35	0	ในเวลาสงครามกิลด์ไม่สามารถใช้ฟังก์ชั่นนี้ได้!
226	35	0	จะต้องเป็นสมาชิกในกิลด์เดียวกัน!
227	37	0	ฝ่ายตรงข้ามยังไม่ได้ตอบรับคำเชิญ!
228	35	0	ไม่สามารถนำฝึกได้! เวลาจะต้องห่างจากเวลาฝึกครั้งที่แล้ว $V1 นาที!
229	35	0	ผลึกนี้สูญเสียแสงไปแล้ว ไม่สามารถฝังประดับเป็นครั้งที่ 2 ได้
230	1	0	[กิลด์] ขอบคุณ $V1 บริจาค EXP ให้กิลด์ $V2%!
231	9	2	[กิลด์] วันนี้ได้รับเงินทุน $V1 เหรียญ! บันทึกในคลังกิลด์แล้ว!
232	9	2	[กิลด์] วันนี้ได้รับรางวัลการรบ $V1 เหรียญ! บันทึกในคลังกิลด์แล้ว!
233	35	0	กิลด์ปัจจุบันยังไม่มีเกาะ!
234	1	0	[กิลด์] ไม่สามารถอัพระดับได้! เพราะจำนวนตัวละครไม่เพียงพอ
235	1	0	ค่าความดีถึงจำนวนสูงสุดของสัปดาห์แล้ว! ที่เกินมาจะถูกบันทึกลงในสถิติของสัปดาห์หน้า!
236	35	0	ปัจจุบันยังไม่มีทีม! ไม่สามารถรับภารกิจได้!
237	35	0	สมาชิกทีมกับ Summon จะต้องอยู่ในกิลด์เดียวกัน!
238	35	0	ไม่สามารถรับภารกิจได้! สมาชิกจะต้องออนไลน์ทุกคน!
239	35	0	สมาชิกทีมจะต้องอยู่ในแชนแนลเดียวกัน!
240	35	0	ล้มเหลว! รับและส่งภารกิจจะต้องเป็นตัวละครเดียวกัน!
241	35	0	ล้มเหลว! สมาชิกทุกคนยังไม่ผ่านดันเจี้ยน!
242	8	2	ได้รับค่าความดี $V1!
243	1	0	Summon เติบโต $V1 
244	36	0	ไม่มีรูปให้ใช้แล้ว! จะต้องรีเซ็ทรูป!
245	5	0	กิจกรรมสิ้นสุด
246	1	0	กิจกรรมรอบนี้ได้รับ EXP $V1!
247	1	0	กรุณาเลือกอย่างน้อย 1 รายการ!
248	35	0	ส่วนบำรุงที่เก็บไว้ถึงจำนวนสูงสุดแล้ว!
249	35	0	เกมจบ!
250	65	0	บันทึกการตั้งค่าคีย์แล้ว!
251	2	0	เข้าหลอมโชคลาภ เสี่ยงโชคดูสิ~
252	35	0	ด้านล่างมีรอยแยก ไม่สามารถใช้ได้แล้ว!
253	1	0	 $V1  ได้รับ EXP $V2 แต้ม
254	3	0	 $V1  ออกจากแชนแนล $V2!
255	3	0	 $V1  เข้าสู่แชนแนล $V2!
256	35	0	เลเวลของตัวละครยังไม่ถึง 60 การเข้าล้มเหลว!
257	35	0	เลเวลตัวละครยังไม่ถึง 100 การเข้าล้มเหลว!
258	35	0	แชนแนลนี้มีจำนวนคนถึง 50 คนแล้ว การเข้าล้มเหลว!
259	5	0	ประสิทธิผลของแต้มสเตตัสเดี่ยว ไม่สามารถมากกว่าแต้มรวมของสเตตัสอื่นๆ
260	5	0	ต้องใช้เงินในการรีเซ็ทแต้ม
263	3	0	กรุณาเลือกไอเทม 1 อย่าง!
264	1	0	สะสมชิ้นส่วนสำเร็จ!
265	35	0	ขุดสมบัติล้มเหลว! ที่นี่ไม่มีสมบัติ!
266	5	0	ยินดีด้วย! ท่านสะสมชิ้นส่วน $V1 สำเร็จ! ดูสิว่าในกล่องมีอะไรอยู่บ้าง!
267	35	0	จะต้องตั้งทีมกับเพื่อนเท่านั้น และในทีมจะต้องไม่มีคนอื่น!
268	11	2	 $V1  เป็นเพื่อนกับท่านแล้ว!
269	3	0	ท่านยกเลิกผลการจับคู่ในครั้งนี้!
270	8	2	ค่าความสนิทของท่านและ $V1 เพิ่มขึ้น $V2 แต้ม!
271	35	0	จดหมาบในขวดของท่านไม่ถูกเก็บขึ้น Romeo ไม่สามารถหาเพื่อนให้ท่านได้อีกครั้ง!
272	67	0	ขุดเจอ $V1 ! โชคดีสุดๆ!
273	3	0	ได้รับชิ้นส่วนแผนที่ $V1 ใบ!
274	3	0	ไม่มีการตอบรับ!
275	35	0	ขุดสมบัติล้มเหลว! ในตัวไม่มีพลั่วสำหรับขุดสมบัติ
276	35	0	มีเครื่องสวมใส่นี้อยู่แล้ว
277	67	0	ได้รับเครื่องสวมใส่：[$V1] เปิดข้อมูลลูกเรือเพื่อทำการสวมใส่
278	1	0	ช่วยเพื่อนในกิลด์เปิดเหล้าสำเร็จ!
279	3	0	โอ้! ชิ้นส่วนนี้เคยสะสมไปแล้ว!
280	35	0	ซื้อล้มเหลว คุกกี้ไม่เพียงพอ!
281	67	0	ยินดีด้วยท่านเลเวลอัพแล้ว! เลเวลปัจจุบันของท่านคือ [ $V1 ]!
282	3	0	ได้รับไอเทมภารกิจ: [$V2] $V3 อัน！ ($V4/$V5)
283	5	1	 $V1  ส่งไอเทมร้านค้าให้ท่าน รีบไปรับที่ร้านค้าได้เลย!
284	35	0	จดหมายถูกน้ำทะเลจนเสียหาย ไม่สามารถใช้ได้อีก!
285	8	3	 $V1  ส่งของมาให้! ไปหา<text style="101" path="622">Safe Keeper</text>เพื่อรับของ!
286	5	0	คุกกี้ไม่เพียงพอ! กรุณาใส่ใหม่อีกครั้ง!
287	5	0	แลกเปลี่ยน Token สำเร็จ!
288	5	0	ลำดับผิดพลาด! กรุณาใส่ใหม่อีกครั้ง!
289	5	0	แลกแปลี่ยนล้มเหลว! ที่ว่างในคลังไม่เพียงพอ!
290	5	0	แลกเปลี่ยนสำเร็จ! ไอเทมเข้าไปอยู่ในคลังร้านค้าแล้ว!
291	5	0	รับสำเร็จ! กรุณาตรวจสอบไอเทมที่รับแล้ว ในคลังร้านค้า
292	35	0	มีลูกเรือท่านนี้แล้ว!
293	35	0	เกินจำนวนจำกัดของวันนี้แล้ว!
294	5	0	ข้อมูลนี้ถูกบันทึกแล้ว!
295	5	0	เกินขอบเขตที่สามารถทำการย้อมได้ กรุณาจัดสีที่ต้องการย้อมใหม่อีกครั้ง!
296	3	0	ภารกิจ: $V1  สำเร็จ!
297	35	0	ภารกิจ: $V1  ล้มเหลว!
298	3	0	MP ไม่เพียงพอ!
299	1	0	คนที่ทำการกระซิบด้วยต้องไม่ใช่ตนเอง!
300	1	0	ไม่ได้อยู่ในทีม!
301	1	0	ไม่ได้อยู่ในกิลด์!
302	1	0	ในตัวไม่มีเครื่องขยายเสียง!
303	1	0	เครื่องขยายเสียงไม่มีแบตเตอรี่แล้ว!
304	3	0	ผสมสำเร็จ ลูกเรือกำลังเปลี่ยนแปลง!
305	35	0	ผสมล้มเหลว พยายามเข้า จะต้องมีสักวันที่ทำสำเร็จอย่างแน่นอน!
306	3	0	หักเงิน
307	3	0	หัก [ $V1 ] $V2 อัน!
308	35	0	กรุณาเลือกประสิทธิผล 1 อย่าง!
309	35	0	แต้มชั้นวางของไม่เพียงพอ!
310	67	0	ได้รับผล $V1 แล้ว!
311	35	0	เกินจำนวนที่สามารถซื้อได้ของไอเทมนี้!
312	35	0	เกินจำนวนที่สามารถซื้อได้ในวันนี้ของไอเทมนี้!
313	67	0	ลบภารกิจ [ $V1 ] สำเร็จ!
314	2	0	เป้าหมายภารกิจกำจัด: $V2!($V3/$V4)
315	2	0	สกิลกำลังคูลดาวน์!
316	9	2	<text style="101" opentabpage="System_Social_Main;TAB_MAIL">กล่องจดหมาย</text>มีจดหมายที่ยังไม่ได้อ่าน!
317	1	0	กติกาในการเก็บเปลี่ยนเป็น [ $V1 ] !
318	35	0	ตำแหน่งเลเวลผิดพลาด!
319	34	0	กรุณาสร้างตัวละคร!
320	3	0	รหัสจะต้องไม่มีตัวอักษรพิเศษหรือน้อยกว่า 2 ตัวอักษร!
321	35	0	น่าเสียดาย ท่านไม่ได้รับไอเทมใดเลย!
322	65	0	ลงทะเบียน $V1 แล้ว รีบไปดูที่ตู้เก็บของสิ!
323	9	1	อย่างแรกที่ต้องทำเมื่อเข้าเกม! เริ่มรับรางวัลรายวัน <text style="101" openui="Daily_Reward"></text>!
324	9	1	<text style="101" openui="Daily_Reward">รางวัลรายวัน</text>มีไอเทมที่สามารถรับได้ รีบเปิดหน้าต่างเลย!
325	3	0	ในกระเป๋าไม่มีไอเทมที่สามารถประเมินได้!
326	2	0	สถานะในปัจจุบันไม่สามารถใช้ความสามารถนี้ได้!
327	2	0	สถานะในปัจจุบันไม่สามารถดำเนินการได้!
328	2	0	สกิลกำลังรีเซ็ท!
329	2	0	เลือกเป้าหมายไม่ถูกต้อง!
330	2	0	เลือกอาวุธไม่ถูกต้อง!
331	2	0	ค่ากำลังไม่เพียงพอ!
332	2	0	ไกลเกินไป!
333	2	0	ต้องเผชิญหน้ากับเป้าหมาย!
334	2	0	คริติคอล
335	2	0	ป้องกัน
336	2	0	ต้านทาน
337	35	0	ใส่รหัสผิด!
338	67	0	เปลี่ยนรหัสสำเร็จ!
339	65	0	หล่อสำเร็จ รีบใส่เครื่องสวมใส่อันใหม่เลยสิ!
340	67	0	ส่งกล่อง!
341	9	1	ยินดีด้วย ช่องห้องเก็บเหล้าเพิ่ม 1 ช่อง กรุณาไปยังหน้าต่าง ห้องเก็บเหล้า เพื่อยืนยัน!
342	35	0	ใช้จำนวนการส่งด่วนหมดแล้ว กรุณารีเซ็ทและดำเนินการใหม่อีกคร้ง!
343	1	0	เป้าหมายปัจจุบันไม่มีอยู่ หรือ ปัจจุบันไม่สามารถไปยังตำแหน่งนั้นได้!
344	1	0	เป้าหมายอยู่ในดันเจี้ยน ไม่สามารถเข้าได้!
345	1	0	เส้นทางมีสิ่งกีดขวาง กรุณาเลือกตำแหน่งอื่น หรือกระโดดลงมาจากที่สูง！
346	1	0	ไม่สามารถใช้ฟังก์ชั่นติดตามจากตรงนี้ได้!
347	3	0	กรุณาเลือกดันเจี้ยน 1 ดันเจี้ยน!
348	3	0	ข้าจะบอกเจ้า! ข้าเพิ่งจะได้ความสำเร็จ $V1 มาน่ะ! ฮ่าๆๆๆ
349	5	0	รีเซ็ทดันเจี้ยนสำเร็จ!
350	35	0	จำนวนธาตุที่สามารถแยกได้ไม่เพียงพอ!
351	36	0	ไม่สามารถส่งด่วนให้กับตัวเอง!
352	66	0	เรียนรู้สูตรใหม่แล้ว รีบไปที่ห้องเก็บเหล้าดูสิว่ากลั่นได้เหล้าอะไรออกมา!
353	5	0	ไม่สามารถใช้ฟังก์ชั่นนี้ที่นี่ได้!
354	5	0	ส่งเนื้อหาการแจ้งไปแล้ว! ขอบคุณที่ช่วยให้สิ่งแวดล้อมดีขึ้น!
355	5	0	ท่านแจ้ง [ $V1 ] ไปแล้ว!
356	5	0	ค่าถดถอยเหลือ 0!
357	5	0	ค่าถดถอยยังเหลืออยู่ พยายามเข้า!
358	34	0	ยังไม่ได้ตั้งค่าบาปกำเนิด!
359	35	0	ใส่ชื่อไม่ถูกต้องตามกฎระเบียบ!
360	35	0	ยังไม่เก็บเครื่องสวมใส่ ไม่สามารถลองได้!
361	9	1	 [ $V1 ] <text style="101" openui="ACHIEVEMENT_MAIN">ความสำเร็จ</text>อัพเดทความคืบหน้า ($V2/$V3)
362	9	1	 [ $V1 ] <text style="101" openui="ACHIEVEMENT_MAIN">ความสำเร็จ</text>สำเร็จ! กรุณารับรางวัล!
363	1	0	 [ $V1 ] ได้รับความสำเร็จ [$V2]!
364	9	2	เจ้าได้ตามใจหวังแล้ว! รางวัล 2 เท่า! รีบเปิดหน้าต่าง<text style="101" openui="Guild_Main">กิลด์</text>และรับรางวัลเลย!
365	9	2	ความหวังของท่านได้ถูกภูติน้อยช่วยทำให้สำเร็จแล้ว! รีบเปิดหน้าต่าง<text style="101" openui="Guild_Main">กิลด์</text>และรับรางวัลเลย!
366	36	0	ยังไม่ได้ตั้งค่าสี!
367	3	0	ใส่รหัสผิด!
368	131	0	โชคดีมาก ยินดีด้วยท่านได้รับความแข็งแกร่งในการตีบวกเพิ่มขึ้น!
369	3	0	น่าเสียดาย เทพธิดาแห่งโชคกำลังจะไปแล้ว!
370	4	0	ไอเทมนี้ไม่สามารถลบได้!
371	36	0	ไอเทมนี้ถูกล็อกแล้ว!
372	3	0	 $V1  แชร์กิจกรรม [$V2] ~
373	4	0	ล็อคไอเทมสำเร็จ
374	67	0	แชร์กิจกรรม [ $V1 ] ให้เพื่อนสำเร็จ!
375	4	0	จำนวนไม่เพียงพอ การล็อคล้มเหลว
376	34	0	กรุณาตั้งรหัส!
377	4	0	ปลดล็อกสำเร็จ
378	4	0	ไอเทมนี้ไม่จำเป็นต้องทำการล็อก!
379	4	0	เวลาการปลดล็อค: $V1  วัน $V2 ชั่วโมง $V3 นาที $V4 วินาที
380	36	0	ไอเทมที่ล็อคไว้ไม่สามารถซื้อขายหรือทำให้เกิดความสูญเสียได้!
381	4	0	ไอเทมถูกล็อคอยู่ ไม่สามารถทิ้งได้!
382	4	0	ไอเทมนี้ถูกปลดล็อคแล้ว จะต้องรออีก $V1 วัน $V2 ชั่วโมง $V3 นาที $V4 วินาที จึงสามารถปลดล็อคได้
383	2	0	ปัจจุบัน HP เต็มแล้ว!
384	2	0	สถานะปัจจุบันไม่สามารถช่วยเหลือผู้อื่นได้!
385	2	0	จะต้องห่างจากคู่ช่วยเหลือในบริเวณ 2 เมตร!
386	2	0	มีคนอื่นช่วยอยู่แล้ว!
387	2	0	ดำเนินการช่วยเหลือล้มเหลว!
388	1	0	 [เพื่อน] $V1 ออนไลน์แล้ว!
389	1	0	 [เพื่อน] $V1 ออฟไลน์แล้ว!
390	1	0	 [เพื่อน] $V1 ตายแล้ว!
391	1	0	 [เพื่อน] $V1 รู้สึก [$V2] 
392	9	2	 [เพื่อน] $V1 ได้รับความสำเร็จ [$V2] 
393	3	0	เครื่องสวมใส่นี้ได้ทำการตีบวกถึงเลเวลสูงสุดแล้ว!
394	3	0	เลเวลไม่เพียงพอ ไม่สามารถฝังประดับได้!
395	35	0	ยังไม่มีการส่งไอเทมหรือเงินใดๆทั้งสิ้น!
396	35	0	เกินจำนวนจำกัดของแถบลัด!
397	34	0	ชื่อตัวละครซ้ำ!
398	34	0	กรุณาใส่ข้อมูลเสียง!
399	11	1	ยินดีด้วยท่านสะสมชิ้นส่วน $V1 สำเร็จ ได้รับรางวัล $V2!
400	11	1	ได้รับสิทธิ์ในการขุดสมบัติในฉาก $V1! รีบไปในแผนที่ (M) แล้วรับกุญแจเลย!
401	5	0	เนื่องจาก $V1 มีภาพของดันเจี้ยนนี้แล้ว ทั้งทีมจึงได้รับกล่องสมบัติลับ!
402	1	0	ท่าน
403	1	0	 $V1  ใช้ $V2
404	1	0	 $V1  เนื่องจาก $V2 ของ $V3, HP$V4$V5
405	1	0	 $V1  เนื่องจาก $V2 ของ $V3, HP$V4$V5
406	1	0	 $V1  ได้รับผล $V3 ของ $V2
407	1	0	$V1$V2$V3$V4$V5
408	1	0	หลบ
409	1	0	(รับมือ)
410	1	0	(มองข้ามการป้องกัน)
411	1	0	(คริติคอล)
412	1	0	(สังหาร)
413	3	0	 $V1  บาดเจ็บหนักและล้มลง!
414	2	0	 $V1  ตาย!
415	2	0	 $V1  เริ่มช่วยเหลือ $V2...
416	2	0	 $V1  ช่วยเหลือ $V2 สำเร็จ!
417	35	0	เรียนสูตรนี้แล้ว!
418	3	0	แลกเปลี่ยน Gashapon สำเร็จ
419	8	1	<text style="101" openui="Pet_Mix">รวมสัตว์เลี้ยง</text> ของลูกเรือ ทำการรวมสำเร็จ สามารถรับได้แล้ว!
420	3	0	เวลารีเซ็ทดันเจี้ยนยังคูลดาวน์ไม่สำเร็จ
421	3	0	จำนวนคนในทีมเกินจำนวนคนที่ดันเจี้ยนกำหนด
422	5	0	เลยเวลาลงทะเบียน PK แล้ว!
423	5	0	ผู้ที่ท่านเชิญอยู่ใน PK แล้ว!
424	35	0	วันนี้ยังไม่สามารถขอพรได้!
425	9	1	น่าเสียดาย! ภารกิจไม่มีใครช่วยให้สำเร็จได้!
426	5	0	ขอพรสำเร็จ!
427	67	0	พบเหตุการณ์กลางทะเล
428	35	0	พลังวิญญาณไม่เพียงพอ
429	35	0	มีคนกำลังทำความสะอาด
430	35	0	กำลังทำความสะอาดอย่างอื่นอยู่
431	0	0	กอบกู้พบสมบัติ! ลูกเรือได้รับการกระตุ้น ค่าขวัญเพิ่มขึ้น!!
432	4	0	ว้าว! ผ่านด่านแล้ว! ด่านใหม่กำลังเปิดขึ้น!
433	2	0	ฝ่ายใดฝ่ายหนึ่งยังไม่ได้ปลดล็อกเนื้อหาการซื้อขาย!
434	34	0	การซื้อถึงจำนวนจำกัดแล้ว!
435	66	0	ไอเทมวางขายแล้ว!
436	2	0	ไอเทมถูกนำออกแล้ว!
437	66	0	ซื้อไอเทมนี้สำเร็จ รีบไปดูที่ตู้นิรภัยสิ!
438	36	0	ไม่สามารถนำออกได้ กรุณาดูให้แน่ชัดว่าสินค้านี้ทำการขายไปแล้วหรือไม่!
439	36	0	ไม่มีสินค้านี้อยู่!
440	36	0	ไม่สามารถซื้อของที่ตนเองขายออกไปได้!
441	1	0	ใช้ยาฟื้นฟูสำเร็จ ฟื้นฟู $V1HP ยาฟื้นฟูถูกหัก 1 หน่วย
442	2	0	เรียก [ $V1 ] แล้ว!
443	2	0	เรียก [ $V1 ] กลับ!
444	3	0	หยุดการติดตาม!
445	3	0	เริ่มการติดตาม $V1 ...
446	2	0	กรุณาเลือกกล่อง!
447	35	0	เลเวลต่างกันมากเกินไป ไม่สามารถโอนย้ายได้!
448	2	0	การกดติดตามไม่สามารถทำการเหาะได้!
449	3	0	มีเพียงหัวหน้ากิลด์เท่านั้นที่สามารถลงทะเบียนได้!
450	3	0	กิลด์เลเวล3 จึงจะลงทะเบียนได้!
451	3	0	เลยเวลาลงทะเบียนแล้ว ครั้งหน้ากรุณามาล่วงหน้า!
452	3	0	ท่านลงทะเบียนแล้ว!
453	5	0	กิลด์ลงทะเบียน Guild War แล้ว! กรุณาเตรียมตัวให้พร้อม!
454	5	0	การจับคู่ต่อสู้ Guild War สำเร็จ! กิลด์ที่ลงทะเบียนสามารถตรวจสอบได้ในหน้า Guild
455	5	0	การรบในสมรภูมิ Guild War เริ่มแล้ว!
456	5	0	การรบในสมรภูมิสิ้นสุด! สนามจะเริ่มใน $V1 วินาที! กรุณาเตรียมตัวให้พร้อม
457	3	0	การรบในสมรภูมิเริ่มแล้ว ไม่สามารถทำการเลือกได้!
458	35	0	อีกนิดเดียวท่านก็จะได้ผลึกแล้ว!
459	66	0	การเปลี่ยนแปลงสำเร็จ!
460	66	0	เปิดช่องหลอมผลึกสำเร็จ!
461	66	0	ท่านขยายถึงขั้นสูงสุดแล้ว!
462	66	0	เพิ่มอัตราการหลอมแล้ว!
463	66	0	เพิ่มจำนวนความปลอดภัยแล้ว!
464	66	0	เพิ่มเลเวลผลึกแล้ว!
465	66	0	รีเซ็ทจำนวนการส่งด่วนแล้ว!
466	66	0	ดันเจี้ยนรีเซ็ทแล้ว!
467	3	0	 Field Guide  นี้รวบรวมครบแล้ว!
468	5	0	ถูกตัดออกจากเซิร์ฟเวอร์
469	35	0	ประเภทผลึกไม่ถูกต้อง!
470	35	0	ผลึกไม่สามารถหลอมได้!
471	1	0	ส่งคำเชิญแล้ว!
472	35	0	เครื่องสวมใส่ยังไม่ได้ตีบวก!
473	35	0	การประเมินถูกตัด!
474	35	0	แผนที่กำลังรีเซ็ท กรุณาสอดส่องใหม่อีกครั้ง
475	35	0	ปัจจุบันไม่จำเป็นต้องสอดส่อง
476	35	0	กำลังสอดส่องอยู่
477	35	0	สอดส่องไม่พบเหตุการณ์ใดในทะเล
478	35	0	เก็บไม่ได้ไอเทมอะไรซักอย่าง
479	35	0	เข้าเหตุการณ์การเดินเรือล้มเหลว
480	66	0	เริ่มหมักเหล้า!
481	66	0	ตัวละครเกิดใหม่แล้ว!
482	66	0	อัพเดทข้อมูลรางวัลแล้ว!
483	66	0	เริ่มนับถอยหลัง!
484	66	0	ได้รับรางวัล VIP!
485	3	0	ไอเทมกำลังรีเซ็ท!
486	66	0	ให้ยาวิเศษไปแล้ว!
487	1	0	ตู้นิรภัยเต็มแล้ว! เพื่อป้องกันการรับ <text style="101" path="622">กล่อง</text> ผิดพลาด กรุณาว่างไว้ 1 ช่อง!
488	40	3	มีกล่องที่ใกล้หมดอายุ กรุณาไปหา <text style="101" path="622">ผู้ดูแลตู้นิรภัย</text> เพื่อรับกล่องนั้น!
489	3	0	ตู้นิรภัยของฝ่างตรงข้ามเต็มแล้ว ไม่สามารถส่งกล่องได้!
490	66	0	ฟื้นฟูระดับความพอใจของลูกเรือท่านนี้สูงสุดแล้ว!
491	66	0	รีเซ็ทค่าสเตตัสแล้ว!
492	66	0	ฟื้นฟูระดับความพอใจของลูกเรือท่านนี้สูงสุดแล้ว!
493	35	0	ยังไม่ได้ร่วมทีม! ไม่สามารถแชร์ภารกิจได้!
494	35	0	ภารกิจกำลังดำเนินการ ไม่สามารถแชร์ภารกิจได้!
495	35	0	ภารกิจของเพื่อนในทีมกำลังดำเนินการ ไม่สามารถแชร์ภารกิจได้!
496	35	0	ไม่สามารถแชร์ภารกิจที่ล้มเหลวได้!
497	35	0	รับภารกิจเกินจำนวนจำกัด
498	66	0	สร้างตัวละครสำเร็จ!
499	3	0	ใส่ส่วนบำรุงแล้ว!
500	3	0	ใส่ผลึกแล้ว!
501	35	0	ในช่องหลอมผลึกมีผลึกอื่นอยู่แล้ว!
502	259	0	การหลอมล้มเหลว ผลของ Refined Guarantee รักษาผลึกไว้!
503	1	0	สถานะไม่เปลี่ยนแปลง!
504	35	0	ไอเทมที่มีเวลาจำกัดไม่สามารถวางขายได้!
505	35	0	ล้มเหลว! จดหมายของฝ่ายตรงข้ามเต็มแล้ว!
506	8	1	[ $V1 ] ใกล้จะหมดเวลา เพื่อป้องกันการสูญเสีย กรุณานำมาใช้!
507	8	1	[ $V1 ] หมดเวลาแล้ว หากมีความต้องการในสิ่งนี้หาซื้อได้ที่ร้านค้า!
508	35	0	ผสมไอเทมไม่สามารถทำซ้ำได้!
509	8	3	ตู้นิรภัยเต็มแล้ว <text style="101" path="622">กล่อง</text> ใหม่ ไม่สามารถเก็บได้ กรุณาจัดเรียงตู้ใหม่!
510	1	0	ได้รับคุกกี้ $V1 คุกกี้!
511	1	0	ได้รับ Token $V1 เหรียญ!
512	3	0	นำผลึกออกแล้ว!
513	3	0	บันทึกข้อมูลเครื่องสวมใส่ของลูกเรือแล้ว!
514	3	0	ต้องเลือกดันเจี้ยนอย่างน้อย 1 ดัน
515	3	0	ซื้อ $V1 เสร็จสิ้น!
516	3	0	ตัวละครยังไม่ผ่านภารกิจ ไม่สามารถเล่นได้!
517	3	0	รอสร้างตัวละคร~
518	3	0	อาชีมไม่ถูกต้อง ไม่สามารถเปิดหน้าสกิลได้!
519	3	0	ลบตัวละครสำเร็จ!
520	3	0	การยกเลิกสำเร็จ!
521	3	0	ล้มเหลว!ไม่มีตัวละครนี้อยู่!
522	3	0	ล้มเหลว!ตัวละครเป็นหัวหน้ากิลด์!
523	3	0	ล้มเหลว!อยู่ในสถานะลบแล้ว!
524	3	0	ล้มเหลว!ข้อมูลคลังผิดพลาด!
525	3	0	ล้มเหลว!รหัสเกมผิด!
526	3	0	ล้มเหลว!ตัวละครไม่ได้อยู่ในสถานะลบ!
527	33	0	อยู่ในเวลาการแบนคำพูด ไม่สามารถส่งคำพูดได้!
528	3	0	มีคำสั่งกำลังดำเนินการอยู่
529	2	0	รหัสเกมเกิดความผิดพลาด!
530	3	0	เป้าหมายไม่ใช่ที่นี่!
531	35	0	ปัจจุบันยังไม่สามารถผสม ไอเทมสัตว์สวยงามในจำนวนนี้ได้!
532	35	0	ผสมล้มเหลว ไอเทมสัตว์สวยงามไม่สูญหาย!
533	35	0	ช่องว่างในตู้นิรภัยไม่เพียงพอ ไม่สามารถให้บริการได้!
534	35	0	เกินจำนวนวางขายที่กำหนด!
535	33	0	เลยเวลาการลงทะเบียน! ไม่สามารถเข้าร่วมกิจกรรมได้!
536	3	0	 [ $V1 ] กลายเป็นหัวหน้าทีม!
537	3	0	มอบของขวัญสำเร็จ!
538	3	0	 [ $V1 ] เชิญท่านเข้าดันเจี้ยน [$V2] !
539	1	0	ปิดประกาศเพื่อนแล้ว!
540	1	0	เปิดประกาศเพื่อนแล้ว!
541	2	0	ไม่มีไอเทมที่ต้องการ ไม่สามารถเรียกได้!
542	2	0	มีลูกเรือตัวอื่นถูกเรียกอยู่ กรุณาเรียกตัวนี้กลับก่อน!
543	2	0	มีสัตว์เลี้ยงตัวอื่นถูกเรียกอยู่!
544	2	0	ยังไม่ได้อัพเกรดวัสดุใดๆ!
545	2	0	สวมใส่เรียบร้อยแล้ว！
546	3	0	บันทึกข้อมูลเครื่องสวมใส่ของลูกเรือแล้ว！
547	2	0	เปลี่ยนโหมดการต่อสู้แล้ว!
548	35	0	ลูกเรือกำลังรอการคืนชีพ ไม่สามารเรียกซ้ำได้!
549	3	0	รายชื่อของฝ่ายตรงข้ามเต็มแล้ว!
550	3	0	Token ไม่เพียงพอ!
551	3	0	โหมด Token สามารถใช้ Token ซื้อได้เท่านั้น
552	3	0	ภายในผิดพลาด
553	3	0	Gashapon ผิดพลาด ไม่ใช่ไอเทมสำหรับ Gashapon
554	3	0	Gashapon ผิดพลาด ไม่มีลำดับ Gashapon
555	3	0	Gashapon ผิดพลาด ช่องว่างในกระเป๋าไม่เพียงพอ
556	3	0	Gashapon ผิดพลาด การแลกเปลี่ยนในกระเป๋าถูกล็อกไว้
557	3	0	Gashapon ผิดพลาด ไอเทม Gashapon ถูกล็อก
558	3	0	ไม่สามารถส่งของขวัญให้คนที่ไม่ใช่เพื่อน!
559	3	0	ข้อมูลคลังผิดพลาด ไม่สามารถซื้อได้!
560	3	0	มีประสิทธิผลที่เท่ากันหรือดีกว่าแล้ว!
561	3	0	คูปองแลกเปลี่ยนนี้ถูกใช้ไปแล้ว!
562	3	0	ในดันเจี้ยนไม่สามารถทำการรีเซ็ทดันเจี้ยนได้
563	3	0	ยังไม่เลยเวลาการรับของจากร้านค้าคืน!
564	3	0	ของขวัญไม่มีอยู่ (ไม่มีไอเทมนี้)!
565	3	0	ไม่สามารถลบสถานะการขี่ได้!
566	3	0	จดหมายขวดแก้วทิ้งลงแม่น้ำแล้ว~
567	3	0	กรุณาใส่เนื้อหาในจดหมาย!
568	3	0	กำลังจับคู่ ยังส่งไม่ได้!
569	3	0	ขวดจดหมายเกิดความผิดพลาด!
570	3	0	ยกเลิกการจำนำ $V1 !
571	3	0	ลูกเรือท่านนี้ถูกเรียกอยู่ ไม่สามารถเก็บได้!
572	3	0	ลูกเรือท่านนี้ถูกเรียกอยู่!
573	3	0	ในแผนที่นี้ไม่สามารถเรียกลูกเรือหรือเรียกลูกเรือกลับได้!
574	3	0	ในฉากนี้ไม่สามารถเรียกสัตว์สวยงามหรือเรียกสัตว์สวยงามกลับได้!
575	35	0	ล้มเหลว!เงินของฝ่ายตรงข้ามไม่เพียงพอ!
576	3	0	ข้อมูลสังคมเป็นข้อมูลเริ่มต้น!
577	3	0	กรุณาเลือกภารกิจ 1 อย่าง!
578	8	3	ปัจจุบันมี $V1 个<text style="101" path="622">กล่อง</text>ที่ยังไม่ได้รับ กรุณากดรับก่อนหมดอายุ!
579	1	0	เปิดการใช้ยาฟื้นฟูอัตโนมัติแล้ว
580	1	0	ปิดการใช้ยาฟื้นฟูอัตโนมัติแล้ว
581	3	0	ปิดการใช้ยาฟื้นฟูอัตโนมัติแล้ว
582	3	0	ดูดซับส่วนบำรุงแล้ว!
583	3	0	จำนวนการซื้อหรือเงินห้ามเป็น 0!
584	3	0	เนื่องจาก [ $V1 ] สะสม Field Guide ของดันเจี้ยนนี้ คะแนนสรุปของรอบนี้+$V2
585	3	0	ในการต่อสู้ ไม่สามารถเปลี่ยนแชนแนลได้!
586	3	0	ในการแลกเปลี่ยน ไม่สามารถเปลี่ยนแชนแนลได้!
587	3	0	ในดันเจี้ยน ไม่สามารถเปลี่ยนแชนแนลได้!
588	1	0	ท่านถูกไล่ออกจากกิลด์!
589	35	0	เหตุการณ์การเดินเรือนี้ไม่สามารถดำเนินการในแชนแนลนี้ได้!
590	3	0	แชร์ภารกิจ [ $V1 ] ให้ [$V2] ล้มเหลว
591	1	0	ปรับชื่อตำแหน่งแล้ว
592	3	0	ระดับความพอใจถึงระดับสูงสุดแล้ว!
593	3	0	ฝ่ายตรงข้ามเหลือไอเทมแค่อย่างเดียวแล้ว
594	3	0	จำนวนเลือดของลูกเรือเต็มแล้ว!
595	3	0	จำนวนของตำแหน่งนี้เต็มแล้ว!
596	3	0	ไม่มีการตั้งค่า Token แลกกล่อง!
597	3	0	ไม่สามารถใช้ตอนที่ยังไม่ได้เรียกลูกเรือได้!
598	3	0	เพิ่มจำนวนประกันการหลอมแล้ว สามารถไปดูได้ที่หน้าหลอมผลึก!
599	3	0	ร้านค้านี้ขายหมดแล้ว!
600	3	0	เกินจำนวนการซื้อเดี่ยวที่กำหนด!
601	3	0	รวมภาพสำเร็จ!
602	3	0	พลังชีวิตเต็มหมดแล้ว
603	131	0	ได้รับธาตุหายาก- [World Essence] x $V1!
604	3	0	ผลึกทั้งหมดได้อัพถึงเลเวลสูงสุดแล้วหรือปัจจุบันไม่มีผลึกที่สามารถอัพเกรดได้อีก!
605	3	0	ค่าขวัญถึงจำนวนสูงสุดแล้ว!
606	3	0	เพิ่มค่าขวัญ $V1 แต้ม!
607	3	0	ไม่สามารถนำทางสู่มอนสเตอร์ได้หากอยู่ในสถานะนี้
608	3	0	ยังไม่ถึงเวลาการลงทะเบียนกิจกรรม!
609	3	0	เลเวลเครื่องสวมใส่น้อยเกินไปหรือมีเครื่องสวมใส่ที่มีผลดีกว่าอยู่แล้ว!
610	3	0	ลดเลเวลสำเร็จ!
611	3	0	เพิ่มระดับแสงของผลึกแล้ว!
612	3	0	ระดับแสงของผลึกถึงจำนวนสูงสุดแล้ว!
613	1	0	ท่านไม่มีสิทธิ์ GM ในการดำเนินการฟังก์ชั่นนี้!
614	1	0	กรุณาใส่เลขหรือตัวอักษรตามช่อง!
615	1	0	ไอดีถูกแบน กรุณาติดต่อเจ้าหน้าที่!
616	3	0	ตัวละครนี้ถูกล็อก!
617	1	0	ดำเนินการฟังก์ชั่น GM สำเร็จ
618	1	0	ท่านไม่ใช่ GM ไม่สามารถใช้คำสั่ง GM ได้
619	1	0	ท่านไม่มีสิทธิ์ในการใช้คำสั่ง GM 
620	1	0	ไม่มีผู้เล่นท่านนี้หรือผู้เล่นท่านนี้ไม่อยู่ในระบบ ไม่สามารถใช้คำสั่งนี้ได้
621	1	0	ผู้เล่นปัจจุบันกำลังย้ายแชนแนล ไม่สามารถใช้คำสั่งนี้ได้
622	3	0	แผนที่นี้ได้ถูก GM แบนคำพูดไว้!
623	3	0	ยกเลิกการแบนคำพูดแล้ว!
624	3	0	เนื่องจากท่าน $V1 จึงถูก GM แบนคำพูดเป็นเวลา $V2 นาที
625	3	0	เนื่องจากท่าน $V1 GM แบนคำพูดถาวร
626	3	0	ปลดสถานะห้ามพูดแล้ว
627	3	0	ท่านอยู่ในสถานะห้ามพูด ไม่สามารถส่งคำพูดได้
628	9	1	$V1 เปิดแล้ว สามารถเปิด <text style="101" openui="Activity_Main_Client">$V1</text> ได้จากเมนูหลัก！ （ในแต่ละวันสามารถเล่นได้ 1 ครั้งเท่านั้น！）
629	1	0	 $V1  วันนี้ยังสามารถเล่นได้อยู่ ไม่จำเป็นต้องทำการรีเซ็ท
630	3	0	สินค้านี้ยังไม่วางจำหน่าย!
631	3	0	ไม่สามารถใช้ไอเทมนี้ได้ในสถานะนี้!
632	3	0	เปลี่ยนแชนแนลสำเร็จ
633	3	0	กำลังทำภารกิจ!
634	3	0	ภารกิจสำเร็จ ยังสามารถทำได้อีก 1 ครั้ง
635	75	1	 $V1  รีเซ้ทแล้ว สามารถเล่นได้อีก 1 ครั้ง!
636	9	1	กิจกรรม<text style="101" openui="Activity_Confirm_Know">Knowledge Master</text>ใกล้เริ่มแล้ว รีบมาลงทะเบียนกันเลย
637	3	0	กรุณาใส่รหัสลับ!
638	3	0	กรุณาใส่รหัสลับอีกครั้ง!
639	3	0	จะต้องอยู่ใน Guild Island จึงจะทำการขอพรได้
640	3	0	ท่านขอพรของวันนี้ไปแล้ว!
641	67	0	ยินดีด้วยท่านทายถูก!
642	35	0	น่าเสียดาย ท่านทายไม่ถูก
643	3	0	ท่านทำได้ไม่ถึงคะแนนขั้นต่ำ! คราวต่อไปพยายามเข้านะ!
644	3	0	ในตัวท่านตอนนี้ไม่เหลือยาฟื้นฟูแล้ว!
645	1	0	ไม่สามารถใช้สกิลหรือการแสดงใดๆได้ในสถานะนี้
646	1	0	ไม่สามารถเข้าด่านและเก็บของได้ในสถานะนี้
647	2	0	เลยเวลา $V1 วินาที ยังไม่สามารถรับข้อมูล Server ได้ กรุณาออกจาระบบ เพื่อป้องกันการสูญหายของข้อมูล
648	2	0	ไม่สามารถเข้าร่วมกิลด์ได้ เนื่องจากกิลด์ล่มสลายแล้ว
649	2	0	เลเวลของกิลด์ไม่เพียงพอ ไม่สามารถไล่สมาชิกออกได้
650	2	0	การอัพเลเวลล้มเหลว ผู้เล่นท่านนี้ทำการอัพเลเวลไปแล้ว!
651	2	0	วันนี้เลือกรับรางวัลไปแล้ว ไม่สามารถขอพรได้อีก
652	2	0	รูปร่างไม่ถูกต้อง
653	2	0	สร้างตัวละครล้มเหลว
654	2	0	ข้อมูลตัวละครไม่ถูกต้อง
655	2	0	ข้อมูลผู้เล่นท่านนี้ไม่มีอยู่แล้ว
656	2	0	ออกจากระบบล้มเหลว
657	2	0	เปลี่ยนแชนแนลล้มเหลว
658	2	0	แชนแนลปัจจุบันกำลังปรับปรุงอยู่
659	2	0	จำนวนคนในแชนแนลเป้าหมายเต็มแล้ว
660	2	0	ยังไม่ได้เรียนสกิลนี้
661	4	0	ช่องว่างไม่เพียงพอ กรุณาเว้นว่างไว้อย่างน้อย $V1 ช่อง!
662	2	0	ไม่มีสมบัติ! จะต้องเป็นการเข้าใจผิดแน่ๆ...
663	2	0	ท่านสามารถเข้าใกล้สมบัติอีกก้าวนึงแล้วนะ!
664	2	0	โอว้! มีคนขุดสมบัติชิ้นนี้อยู่เหมือนกัน!
665	2	0	พระเจ้า! เป็นไปได้อย่างไร! กล่องสมบัติว่างเปล่า...
666	2	0	ด่านกำลังคลูดาวน์ กรุณารอสักครู่
667	1	0	รูปถูกบันทึกไว้ที่: $V1 
668	35	0	ผลึกนี้ไม่สามารถฝังประดับได้! กรุณาอัพเกรดผลึกก่อน!
669	35	0	ฉากนี้ไม่สามารถใช้สัตว์ขี่ได้!
670	3	0	เลเวลผลึกถึงจำนวนสูงสุดแล้ว
671	2	0	ไม่มีส่วนบำรุงที่สามารถดูดซับได้
672	2	0	ช่วยเหลือสำเร็จ!
673	2	0	รอการเปลี่ยนแชนแนล
674	2	0	กรุณาสร้างตัวละครก่อน
675	2	0	สกิลผิดพลาด
676	2	0	ตั้งค่าสกิลผิดพลาด
677	2	0	สกิลผิด
678	2	0	ขยายช่องในกระเป๋าสูงสุดแล้ว ไม่สามารถขยายได้อีก!
679	2	0	กระเป๋าถูกขยายแล้ว!
680	2	0	อัพเกรดผลึกถึงเลเวลสูงสุดแล้ว ไม่สามารภทำการดูดซับได้!
681	5	0	หยุดการเสนอเซิร์ฟเวอร์!
682	3	0	ไอเทมนี้ไม่สามารถเพิ่มจำนวนสูงสุดของการตีบวกได้!
683	3	0	เพิ่มจำนวนสูงสุดของการตีบวกเครื่องสวมใส่แล้ว!
684	4	0	ตัวละครตัวนี้ไม่ได้ถูกแบนคำพูด
685	3	0	ใน Guild Island ไม่สามารถเปลี่ยนแชนแนลได้!
686	9	1	ไอเทมหมดเวลา หัก [ $V1 ] !
687	35	0	กิลด์ฝ่ายตรงข้ามคนเต็มแล้ว ไม่สามารถเข้าร่วมได้!
688	5	0	ซื้อล้มเหลว! คลังร้านค้าที่ว่างไม่เพียงพอ!
689	5	0	รับล้มเหลว!คลังร้านค้าที่ว่างไม่เพียงพอ!
690	3	0	จำนวนสูงสุดของการตีบวกของเครื่องสวมใส่เป้าหมายสูงเกินที่ไอเทมนี้จะเพิ่มค่าตีบวกได้!
691	66	0	ใช้การตั้งค่าระบบนี้แล้ว
692	8	2	 $V1  ได้ใส่ข้อความลงในกระดานฝากข้อความกิลด์แล้ว
693	3	0	เลเวลสูงสุดของเครื่องสวมใส่เป้าหมายต่ำเกินไป ไม่สามารถโอนย้ายได้!
694	3	0	กรุณานำสกิลนี้ใส่ลงไปยังช่องคีย์ลัด
695	3	0	สกิลนี้ไม่สามารถใส่ลงในนี้ได้
696	3	0	อยู่ในการต่อสู้ไม่สามารถเปลี่ยนสกิลได้
697	3	0	ท่านไม่สามารถเปลี่ยนสกิลที่กำลังคูลดาวน์ได้
698	3	0	จำนวนสกิลตำแหน่งพิเศษไม่สามารถเกิน 3 อัน
699	3	0	รายชื่อเพื่อนของฝ่านตรงข้ามเต็มแล้ว ไม่สามารถสร้างสัมพันธ์แบบเพื่อนทางจดหมายได้
700	67	0	เพิ่ม $V1 ในเพื่อนทางจดหมายแล้ว
701	3	0	จำนวนที่เปลี่ยนมือได้ของเครื่องสวมใส่นี้เหลือ 0 ไม่สามารถขายต่อได้!
702	5	0	ไม่ได้เปลี่ยนการตั้งค่ารูปลักษณ์ใดๆทั้งสิ้น!
703	66	0	เปลี่ยนรูปลักษณ์สำเร็จ!
704	66	0	เปลี่ยนนามแฝง!
705	515	0	แลกเปลี่ยนสำเร็จ!
706	1	0	สเปคคอมไม่เพียงพอ เราแนะนำให้ไปที่ [<text style="101" openui="SystemSetting_Main">ตั้งค่าระบบ</text>] ตั้งค่าเป็น [ผลลัพธ์ที่ดีที่สุด] 
707	2	0	เก็บได้ $V1 *$V2!
708	2	0	ยังไม่ได้เปลี่ยนนามแฝงก่อนหน้า กรุณาตั้งค่าใหม่!
709	2	0	นามแฝงไม่สามารถเว้นว่าง กรุณาตั้งค่าใหม่!
710	2	0	ตัวอักษรนามแฝงยาวเกินไป หรือใช้ตัวหนังสือที่ไม่ถูกต้อง!
711	2	0	SERVER ล่าช้า! กรุณารอสักครู่ และค่อยกลับมาใส่นามแฝงอีกครั้ง!
712	2	0	ในตัวมีจดหมายขวดแก้วจากเพื่อนทางจดหมายแล้ว!
713	66	0	เขียนจดหมายถึงเพื่อนทางจดหมายสำเร็จ!
714	2	0	เนื้อหาจดหมายไม่สามารถเว้นว่าง!
715	66	0	ขว้างจดหมายขวดแก้วของเพื่อนสำเร็จ
716	2	0	จดหมายขวดแก้วจะต้องทิ้งกลางทะเลเท่านั้นนะ!
717	2	0	เลเวลไม่เพียงพอไม่สามารถขว้างได้!
718	2	0	จดหมายขวดแก้ว 1 ขวด สามารถขว้างได้ 1 ครั้งเท่านั้น!
719	2	0	จดหมายลอยเป็นเวลานานเกินไป กรุณาเขียนใหม่อีกครั้ง!
720	2	0	เกิดความผิดพลาดขณะเปิด กรุณาลองใหม่อีกครั้ง
721	2	0	เนื้อหาในจดหมายไม่ชัดเจน ไม่สามารถอ่านได้!
722	2	0	ยกเลิกคำเชิญของเพื่อนทางจดหมาย...
723	2	0	อยู่ในรายชื่อเพื่อนแล้ว ไม่สามารถเพิ่มเป็นเพื่อนทางจดหมายได้
724	2	0	รายชื่อเพื่อนเต็มแล้ว
725	2	0	บันทึกลงในบัญชีดำแล้ว ไม่สามารถเพิ่มเป็นเพื่อนทางจดหมายได้
726	2	0	ด่านนี้ไม่สามารถทำการต่อสู้ได้
727	66	0	ท่านได้เป็นเพื่อนทางจดหมายกับ $V1 แล้ว! เริ่มติดต่อกันเลย!
728	3	0	การเชื่อมต่อกับเซิรืฟเวอร์มีปัญหา ถูกบังคับให้ออกจากกิจกรรม!
729	2	0	ต้องการ Soul Gather 1 ขั้น จึงจะใช้งานได้
730	2	0	ต้องการ Soul Gather 2 ขั้น จึงจะใช้งานได้
731	2	0	ต้องการ Soul Gather 3 ขั้น จึงจะใช้งานได้
732	2	0	ต้องการ Soul Gather 4 ขั้น จึงจะใช้งานได้
733	2	0	ต้องการ Soul Gather 5 ขั้น จึงจะใช้งานได้
734	2	0	หาเรืออับปางไม่พบ! จะต้องเป็นการเข้าใจผิดแน่ๆ...
735	2	0	ท่านสามารถเข้าใกล้เรืออับปางอีกก้าวนึงแล้วนะ!
736	3	0	ตัวละครได้รับ Editing Character Service กรุณาไปหน้าสร้างตัวละครเพื่อนตั้งค่าตัวละคร!
737	34	0	เรียนสกิลถึงระดับสูงสุดแล้ว!
738	3	0	ไอเทมถูกเพิ่มจำนวนการเปลี่ยนมือแล้ว!
739	2	0	เพื่อนทางจดหมายไม่ถูกต้อง กรุณาเปิดหน้าใหม่เพื่ออัพเดทข้อมูล
740	3	0	หน้าเต็มแล้ว ไม่สามารถตั้งค่าอีกได้!
741	3	0	ท่านถูก GM แบนคำพูด $V2 นาที
742	3	0	ท่านถูก GM แบนคำพูดถาวร
743	3	0	จำนวนเพื่อนเพิ่มขึ้นแล้ว!
744	3	0	ผู้เล่นยังไม่ได้เข้าร่วมกิลด์ ไม่สามารถใช้ไอเทมได้!
745	34	0	ในน้ำไม่สามารถเรียกสัตว์ขี่ได้!
746	65	0	ใช้แต็มสำเร็จ!
747	33	0	การใช้แต้มผิดพลาด กรุณาทำใหม่อีกครั้ง
748	34	0	ไม่สามารถทำท่าทางได้ในน้ำ
749	35	0	กรุณาตรวจสอบรอบตัวท่าน อาจมีสมบัติตดหล่นอยู่ก็เป็นได้!
750	8	1	ห้องเก็บเหล้าได้เหล้าหอมกรุ่น รีบไปนำมาดื่มเลยสิ!
751	66	0	เปลี่ยนแปลงสำเร็จ
752	35	0	ไอเทมไม่สามารถหลอมซ้ำได้!
753	34	0	ท่านจะต้องมีหุ่นยนต์ก่อน ถึงจะใช้ไอเทมนี้ได้!
754	34	0	ไม่สามารถใช้ในน้ำได้!
755	3	0	เข้าทีมโจมสลัดแล้ว
756	3	0	เข้าทีมทหารเรือแล้ว
757	35	0	ตัวละครที่ยังไม่มีกิลด์เท่านั้นที่สามารถเปลี่ยนค่ายได้ และต้องไม่ได้อยู่ในแชลแนล PVP
758	2	0	ท่านไม่สามารถทำท่าทางได้
759	66	0	ตั้งค่าข้อมูลส่วนตัวแล้ว
760	3	0	อัพเกรดคุณภาพลูกเรือแล้ว ดูท่าทางพึ่งได้มากขึ้นนะ!
761	3	0	เพิ่มคุณภาพล้มเหลว ลองอีกครั้งสิ!
762	68	0	เปิดกล่องสมบัติบนเกาะทั้งหมด! ได้รับผล Treasure Bowl!
763	34	0	การตั้งค่าครั้งใหม่ เหมือนค่าเริ่มต้น!
764	34	0	ตัวหนังสือเกินจำนวนที่กำหนด
765	2	0	สถานะต่อสู้สิ้นสุด
766	3	0	การคืน Token ผิดพลาด กรุณารอสักครู่และลองใหม่อีกครั้ง!
767	2	0	เสมอ! เริ่มใหม่อีกครั้ง!
768	3	0	ลูกเรือที่กำลังเรียกไม่สามารถอัพเกรดได้!
769	3	0	ได้รับบริการ $V1 !
770	3	0	วันนี้รับไปแล้วหรือทำภารกิจปีศาจแห่งบาปกำเนิดแล้ว ไม่สามารถเคลื่อนย้ายหัวหน้ากิลด์ได้! พรุ่งนี้มาใหม่นะ
771	2	0	พลังเต็มแล้ว! กรุณาใส่จำนวนใหม่
772	2	0	ซ่อนผู้เล่น
773	2	0	แสดงผู้เล่น
774	2	0	จะต้องชวนเพื่อนที่ขี่สัตว์ขี่อยู่เข้าทีมเท่านั้นจึงจะโดยสารได้
775	3	0	ระบบจะปิดใน $V1 นาที! กรุณาออกจากระบบ!
776	3	0	ระบบจะปิดใน $V1 วินาที! กรุณาออกจากระบบ!
777	3	0	ความผิดพลาดถูกยกเว้น ยกเลิกลำดับด่าน!
778	3	0	ยืดเวลาบริการ [ $V1 ] แล้ว!
779	3	0	เพิ่มจำนวนบริการ [ $V1 ] แล้ว!
780	3	0	ลดจำนวนบริการ [ $V1 ] 1 ครั้ง!
781	3	0	ขออภัย ผู้เล่นไม่มีบริการ [Settlement Chest Choice Service] !
782	3	0	จะต้องเป็น VIPจึงจะใช้ความสามารถนี้ได้!
783	3	0	สมาชิกในทีมท่านอื่นส่งคำเชิญไปแล้ว จะต้องรอผลการตอบรับ หรือออกจากทีม จึงจะส่งคำเชิญได้อีกครั้ง
784	3	0	ลบข้อมูลการย้อมสีแล้ว!
785	37	0	ยังไม่ได้เลือกอุปกรณ์ย้อมสี (กรุณาดูให้แน่ชัดว่าอุปกรณ์ถูกต้องหรือไม่)!
786	3	0	รูปลักษณ์ของเครื่องสวมใส่ปัจจุบันไม่สามารถย้อมสีได้!
787	3	0	ลบข้อมูลย้อมสีล้มเหลว!
788	2	0	ปลดสถานะห้ามเคลื่อนไหวแล้ว!
789	2	0	ตรวจสอบพื้นที่ที่สามารถเคลื่อนย้ายได้ กรุณาทดสอบ
790	3	0	ข้อมูลตัวละครที่ตรวจสอบผิดพลาด กรุณาออกจากระบบเพื่อป้องกันความเสียหาย
791	2	0	ไม่สามารถติดตั้งอุปกรณ์ได้
792	3	0	ยกเลิกการเข้าสนาม
793	3	0	Unidentified Item ไม่สามารถลดเลเวลได้!
794	3	0	ช่องว่างในกระเป๋าไม่เพียงพอ ไอเทมนี้ไม่มีอยู่ ไอเทมเหลืออันเดียว หรือ Custom Gashapon ไม่สามารถเพิ่มได้ทันที
795	3	0	ในทีมจะต้องมี 3 คนเท่านั้นจึงจะเข้าสู่ Arena ได้!
796	3	0	ทีมของท่านลงทะเบียนไปแล้ว!
797	3	0	สมาชิกในกิลด์ทุกท่านจะต้องมีเลเวล 51 ขึ้นไปจึงจะสามารถเข้าร่วม Arena ได้!
798	3	0	ลงทะเบียน Arena สำเร็จ หากมีสมาชิกในทีมที่ออกจากระบบ หรือเปลี่ยนแชนแนล ระบบจะทำการยกเลิกการลงทะเบียนทันที
799	3	0	ทีมของท่านยกเลิกการเข้า Arena 
800	3	0	ฝ่ายตรงข้ามยกเลิกการต่อสู้ ระบบจับคู่ใหม่อีกครั้ง
801	3	0	การต่อสู้เริ่มขึ้น! กรุณาค้นหาและกำจัดศัตรูเพื่อรับคะแนน
802	4	0	ข้อมูลผิดพลาด กรุณาแจ้งเจ้าหน้าที่
803	3	0	สมาชิกทีม $V1 กำลังทำการแลกเปลี่ยนไม่สามารถเข้า Arena ได้!
804	3	0	ไม่สามารถยกเลิกหรือออกจากทีมได้ใน Arena !
805	3	0	ไม่ได้สวมใส่ Sword Soul ! กรุณาใส่ Sword Soul ก่อนใช้งานไอเทมนี้!
806	3	0	 Sword Soul ที่สวมใส่ค่าถดถอยยังไม่ลดลง ไม่จำเป็นต้องฟื้นฟูพลังงาน
807	3	0	กรุณาติดตามดูการเปลี่ยนแปลงของค่าถดถอย Sword Soul หากค่าถดถอยสูงสุดจะทำให้เลเวลลด 1 เลเวล!
808	3	0	น่าเสียดาย ค่าถดถอยถึงจำนวนสูงสุดแล้ว เลเวลของ Sword Soul ลด 1 เลเวล!
809	2	0	ยกเลิกการขายสินค้าพิเศษ
810	3	0	ความแกร่งของ Sword Soul ถูกฟื้นฟูทั้งหมด!
811	3	0	สกิลรีเซ็ทแล้ว ได้แต้มสกิลกลับคืน!
812	3	0	ตีบวกล้มเหลว!
813	3	0	เรือ $V1 มีน้ำเข้ามาแล้ว!
814	2	0	เรือ $V1 อับปาง
815	2	0	 $V1  ช่วยเหลือในการซ่อมเรือ $V2  ...
816	2	0	 $V1  ซ่อมเรือ $V2 แล้ว!
817	3	0	เมื่อตัวละครเลเวลถึง Lv.30 แล้ว [Toby] จะสอนการหมักเหล้าแก่ท่าน!
818	3	0	ปัจจุบันยังไม่ใช่ตำแหน่งพิเศษไม่สามารถใช้ไอเทมนี้ได้!
819	2	0	ตอนนี้ท่านไม่สามารถเหาะเหินได้
820	34	0	กรุณาใส่นามแฝง!
821	35	0	นามแฝงไม่สามารถมีอักษรพิเศษ หรือเครื่องหมายได้: [ $V1 ] !
822	2	0	จะต้องเป็นเพื่อนกันก่อนจึงจะสามารถตรวจสอบข้อมูลได้!
823	2	0	ค่าขวัญของท่านไม่เพียงพอ
824	2	0	ความทนทานของเรือถึงจำนวนสูงสุด!
825	2	0	 [ $V1 ] ซื้อสินค้า [$V2] ของท่าน $V3 อัน ได้รับเงิน $V4 เหรียญ!
826	2	0	ยังไม่ได้ใส่ชื่อแผงลอย!
827	2	0	ปัจจุบันยังไม่มีสินค้าที่ขายได้!
828	2	0	มีไอที่ตั้งราคาเป็น 0 กรุณาเช็คราคาไอเทมอีกครั้ง
829	2	0	พื้นที่นี้ไม่สามารถวางแผงลอยได้
830	2	0	วางแผงลอนใกล้ผู้เล่นเกินไป ไม่สามารถวางแผงลอยได้
831	2	0	สินค้าถูกขายไปแล้ว หรือจำนวนในปัจจุบันไม่เพียงพอ
832	2	0	ปัจจุบันจำนวนสินค้าในแผงลอยถึงจำนวนจำกัดแล้ว ไม่สามารถใส่สินค้าลงไปได้อีก
833	2	0	ช่องแผงลอยของท่านขยายถึงจำนวนสูงสุดแล้ว ไม่สามารถขยายได้อีก
834	3	0	ช่องแผงลอยของท่านถึงจำนวนสูงสุดแล้ว!
835	2	0	การเช่ารูปแบบป้ายแผงลอยหมดอายุแล้ว กรุณาเลือกรูปแบบใหม่
836	2	0	เจ้าของแผงลอยปิดแผงลอยแล้ว
837	2	0	เข้าสู่การต่อสู้ ปิดแผงลอย/หน้าต่างซื้อขาย
838	2	0	เริ่มวางขาย เมื่อวางขายจะไม่ถูกโจมตี!
839	2	0	สิ้นสุดแผงลอย!
840	2	0	ไม่สามารถทำแผงลอยได้ในสถานะพิเศษ!
841	2	0	ท่านกำลังทำแผงลอยอยู่!
842	2	0	ยังไม่ได้เลือกรูปแบบแผงลอย!
843	2	0	เมื่อเลเวลถึง 30 จึงจะสามารถเปิดแผงลอยได้~
844	2	1	จำนวนเงินถึงจำนวนจำกัดแล้ว ไม่สามารถรับเงินได้อีก！
845	2	0	จำนวนเงินมีจำนวนจำกัด กรุณากำหนดราคาให้แน่ชัด！
846	1	0	ท่านดูดซับเลือด ได้พลังชีวิต $V1 แต้ม
847	3	0	ลบอาชีพแล้ว ท่านได้แต้มสกิลคืน!
848	3	0	ลบอาชีพแล้ว!
849	2	0	เลเวลของท่านยังไม่ถึง $V1 ไม่สามารถเข้าได้
850	2	0	ปัจจุบันยังไม่มีเรือ ไม่สามารถตรวจดูข่าวกรองเรือได้
851	2	0	เลเวลไม่ถึงไม่สามารถเข้าได้!
852	2	0	รหัสผิด ไม่สามารถเข้าได้!
853	2	0	ในการต่อสู้ไม่สามารถขุดหาสมบัติได้！
854	3	0	มอนสเตอร์กระโดดลงมา！
855	3	0	จำนวนไอเทมถึงจำนวนที่จำกัดไว้แล้ว
856	3	0	ยังไม่ได้รับภารกิจ หรือสถานะของภารกิจไม่สอดคล้อง！
857	3	0	เจ้าลิงตัวนี้ ดูท่าทางแล้วมันน่าจะหิวมาก
858	3	0	เจ้าลิงเอากล้วยจากท่านไป！
859	3	0	จำนวนไอเทมที่เกี่ยวข้องไม่เพียงพอ！
860	3	0	ยังไม่ได้เปิด Field Guide ที่เกี่ยวข้อง หรือดันเจี้ยนที่อยู่ไม่ถูกต้อง!
861	3	0	ผู้เปิดดันเจี้ยนเท่านั้นที่สามารถรับได้
862	3	0	มีเสียงดังเกิดขึ้นที่ดาดฟ้าเรือ แล้วอยู่ๆเรือก็หยุด...
863	3	0	อักษรที่ใช้ในด่าน 10
864	3	0	อักษรที่ใช้ในด่าน 11
865	3	0	อักษรที่ใช้ในด่าน 12
866	2	0	เงื่อนไขในการเรียนสกิลยังไม่สำเร็จ！
867	2	0	ค่า CP ไม่พียงพอ！
868	1	0	ชื่อการต่อสู้：$V1
869	2	0	เพิ่มช่องฝังประดับสำเร็จ！
870	2	0	ช่องการฝังประดับเต็มแล้ว ไม่สามารถเพิ่มได้อีก！
871	1	0	$V1 เสียหายทั้งหมด：$V2 จาก $V3％ 1 วินาทีเกิดความเสียหาย：$V4
872	3	0	เชื่อมต่อฐานข้อมูลเซิร์เวอร์ล้มเหลว ปิดเกมทันที
873	3	0	เชื่อมต่อคอมมูนิตี้เซิร์ฟเวอร์ล้มเหลว ปิดเกมทันที
874	3	0	รวมสำเร็จ ได้รับไอเทมพิเศษ！
875	1	0	ลูกเรือคนนี้อัพเกรดถึงขั้นสูงสุดแล้ว ไม่สามารถอัพเกรดได้อีก
876	1	0	สิ้นสุดการต่อสู้！ อัพเดทความเสียหายสูงสุดทุกๆวินาที ปัจจุบันคือ $V1！
877	2	0	ไม่สามารถใช้สถานะต่อสู้ได้
878	2	0	แต้มชั้นวางของถูกรีเซ็ทแล้ว
879	35	0	กิจกรรมแชทฟรีเริ่มแล้ว
880	35	0	กิจกรรมแชทฟรีสิ้นสุดแล้ว
881	2	0	สะสม Field Guide ครบแล้วไม่สามารถใช้ได้อีก
882	2	0	เจ้าของเกราะเท่านั้นที่สามารถกินเหรียญทองได้！
883	2	0	ท่านยังมีเรื่องที่ต้องทำบนเกาะนี้อยู่
884	2	0	กรุณารอสักครู่ กำลังย้ายไปยังแผนที่!
885	2	0	เลเวลของท่านยังไม่เพียงพอ
886	5	0	รหัสหมดอายุแล้ว
887	3	0	ระบบไอเทมมอลล์ผิดพลาด กรุณาล็อกอินเข้าเกมใหม่อีกครั้ง
888	2	0	ตอนนี้ไม่จำเป็นต้องรีเซ็ทแต้มชั้นวางของนะ~!
889	2	0	Sword Soul กำลังถดถอย กรุณาฟื้นฟูพลังงานแล้วค่อยทำการตีบวก
890	3	0	ลงทะเบียนสงครามทะเลเกิดข้อผิดพลาด: เลยเวลาลงทะเบียน
891	3	0	ลงทะเบียนสงครามทะเลสำเร็จ
892	3	0	ท่านได้รับคะแนนสงครามทะเล $V1 แต้ม
893	3	0	เปลี่ยนค่ายกิลด์เป็นโจรสลัด
894	3	0	เปลี่ยนค่ายกิลด์เป็นทหารเรือ
895	3	0	ไม่สามารถเปลี่ยนค่ายกิลด์ได้: จะต้องรอให้ผ่าน $V1 ชั่วโมงก่อนจึงจะเปลี่ยนได้
896	2	0	ไอเทมล้างไม่เพียงพอ สเตตัสของเครื่องสวมใส่ไม่มีการเปลี่ยนแปลง
897	3	0	อยู่ในสถานะเหนื่อยล้า ไม่สามารถลงทะเบียนสงครามทะเลได้
898	3	0	ผิดพลาด: ในสนามรบไม่สามารถร่วมทีมกับผู้เล่นที่อยู่คนละค่ายได้
899	3	0	ผิดพลาด: เป้าหมายไม่สามารถเข้ากิลด์ได้เมื่ออยู่ในสนามรบ
900	3	0	ท่านได้รับคะแนน $V1 แต้ม
901	3	0	จะต้องเข้ากิลด์ก่อนจึงจะเข้าร่วมสงครามได้
902	3	0	ผิดพลาด: จะต้องทำการ IVR (ยืนยันทางโทรศัพท์) ก่อน และล็อกอินใหม่อีกครั้ง จึงจะทำการซื้อได้
903	66	0	เปลี่ยนโอนสำเร็จ!
904	34	0	พื้นที่เปลี่ยนโอนไม่มีอุปกรณืที่ทำการเปลี่ยนได้!
905	34	0	ช่องว่างในพื้นที่เปลี่ยนโอนเต็มแล้ว!
906	34	0	กระเป๋าของท่านไม่มีอุปกรณ์ที่สามารถใส่ลงไปได้!
907	66	0	รวมอุปกรณ์สำเร็จ!
908	34	0	วัสดุในการรวมไม่พอ!
909	3	0	สงครามทะเลสิ้นสุดลงแล้ว ยกเลิกการต่อคิว
910	34	0	รูปลักษณ์นี้ไม่สามารถเปลี่ยนโอนไอเทมได้
911	34	0	วัสดุแบบที่ 2 และแบบที่ 1 ไม่ใช่ประเภทเดียวกัน!
912	3	0	ผู้เล่นทุกท่าน ยินดีต้อนรับสู่สนามแข่งขัน!
913	3	0	อย่าให้ข้าต้องพูดมาก ผู้ท้าชิงจะต้องกำจัดนักรบที่พ่ายแพ้มาก่อนหน้านี้ก่อน ผ่านด่านพวกเขามาได้ถึงจะสามารถเข้าสนามแข่งได้นะ!
914	3	0	ผู้ท้าชิงทำได้ไม่เลวเลย แต่หากไปเผชิญหน้ากับมนุษย์มังกรและสัตว์ร้ายเหล่านั้นจะเป็นยังไงนะ? ผู้ลงสนามคือเอิร์ทททท~ริปเปอร์!
915	3	0	เฮ้อออ...ข้าจะบอกให้ฟัง ผู้ให้การสนับสนุนมักคิดว่านักรบต่อสู้ดูเรียบง่ายเกินไป... มันไม่ถูก! การต่อสู้แบบนี้ก็เพื่อการมองเห็นได้ทุกท่วงท่า เอ้า~ต่อไป จอมเวทย์ ลงสนาม!
916	3	0	เฮ้...เมื่อกี้ข้าได้รับข่าว Earth Ripper ฟื้นฟูร่างกายเรียบร้อยแล้ว กำลังจะลงสนาม... มีแบบนี้ด้วยเหรอ?
917	3	0	ผู้ท้าชิงกำลังจะเอาชนะนักรบในสนามได้หมดแล้ว! แต่นักรบที่เหลืออยู่มีแต่เหล้าฝีมือฉกาจทั้งนั้น สุดท้ายผลจะเป็นยังไงกัน!?
918	3	0	ในที่สุด! ในที่สุด! แชมป์หลายสมัยของเราก็ออกมาแล้ว! ขอต้อนรับท่าน~เบ~รูทททท~!
919	3	0	ผู้ท้าชิงเอาชนะ Beirut ได้! แชมป์คนใหม่บังเกิดแล้ว!!!!
920	3	0	นกเพลิง ตัวแทนจากต่างแดนลงสนามแล้วววว!! ผู้ท้าชิงจะรับมือยังไงกันดีล่ะทีนี้?
921	3	0	ต่อไปเป็นทีมผู้ท้าชิงที่ลงสมัครมาอย่างกระทันหัน ชัยชนะจะตกไปอยู่ในมือของผู้ใดกัน?
922	34	0	外觀目前正在穿戴，無法被替換喔！
923	66	0	收納櫃的無能力付費外觀獲得隨機能力！
924	34	0	目前收納櫃沒有無能力的付費外觀！
925	3	0	จำนวนการซื้อในแต่ละครั้งห้ามเกิน 10 ชิ้น
926	1	0	$V1 轉移 $V3 點傷害至 $V2。
927	34	0	請放入裝備！！
928	34	0	請放入對應的洗煉道具在進行洗煉
929	66	0	保存成功！裝備已替換新能力
930	34	0	裝備尚未洗煉，不需要保存喔！
931	34	0	裝備能力尚未保存，無法取下！
932	2	0	可惜，裝備能力沒有升階，目前沒有能力
933	66	0	恭喜！裝備能力成功升階，獲得了更強大的能力
934	35	0	ค่ายที่อยู่ไม่ถูกต้องในการลงทะเบียนสนามแข่ง ระบบจะยกเลิกการลงทะเบียนครั้งนี้
935	2	0	目標無法再被詛咒。
936	2	0	你已經對其他目標施放了詛咒。
937	2	0	你必須先詛咒目標才能使用此技能。
938	2	0	你無法在詛咒目標的情況下使用此技能。
939	1	0	重置時間：$V1秒
940	3	0	裝備鍛造完成！
941	3	0	鍛造材料不足！
942	3	0	自動戰鬥啟動
943	3	0	自動戰鬥關閉
944	3	0	自動戰鬥啟動條件不符
945	3	0	舉報對象為內建『自動戰鬥』玩家
946	3	0	你沒有鑰匙
947	3	0	門緩緩開啟了…
948	3	0	傑森：親愛的…我最近又失蹤了不少女奴隸…是不是又被妳拿去玩了？
949	3	0	美狄亞：廢話！誰不知道你這色鬼要奴隸幹嘛？不是被我拿去餵洛可…就是測試走廊上的砍刀了，反正結果都差不多
950	3	0	傑森：這…我好歹也是堂堂海皇啊，至少留點給我…
951	3	0	洛可：呱呱~
952	3	0	傑森：說到海皇…我們在這講話不會有人聽到吧？
953	3	0	美狄亞：你還想留面子是吧？哼！房間鑰匙有烏魯吉守著哪，你放心吧
954	3	0	烏魯吉：女主人…有…入侵者…
955	3	0	美狄亞：居然膽敢入侵海皇殿？老色鬼你給我滾遠點，讓他們嘗嘗我的怒火！
956	3	0	傑森：好吧，等妳發洩完我再來找妳談談女奴隸的事…
957	3	0	已領取$V1分鐘在線獎勵。
958	3	0	成功扣點開始倒數。
959	3	0	恭喜您領取今日的貴賓獎勵！
960	3	0	洛可：呱呱！！！
961	3	0	恭喜您領取當日的目標獎勵！
