n_ID	s_SENTENCE1	s_SENTENCE2	s_SENTENCE3
1	เจ้ามันอ่อนหัดเกินไปที่จะเป็นคู่แข่งของข้า เจ้าเป็นได้แค่อาหารของหมาปีศาจเท่านั้น	เจ้ามันอ่อนหัดเกินไปที่จะเป็นคู่แข่งของข้า เจ้าเป็นได้แค่อาหารของหมาปีศาจเท่านั้น	เจ้ามันอ่อนหัดเกินไปที่จะเป็นคู่แข่งของข้า เจ้าเป็นได้แค่อาหารของหมาปีศาจเท่านั้น
2	เอ๋? ดูเหมือนว่าข้าประเมินเจ้าต่ำไป...	เอ๋? ดูเหมือนว่าข้าประเมินเจ้าต่ำไป...	เอ๋? ดูเหมือนว่าข้าประเมินเจ้าต่ำไป...
3	มีพลังแค่นี้เองเหรอ?	มีพลังแค่นี้เองเหรอ?	มีพลังแค่นี้เองเหรอ?
4	ก็ธรรมดา...ไม่เห็นมีอะไรพิเศษ...	ก็ธรรมดา...ไม่เห็นมีอะไรพิเศษ...	ก็ธรรมดา...ไม่เห็นมีอะไรพิเศษ...
5	ข้าชื่นชนในความกล้าหาญของเจ้า...แบบนี้สิถึงจะเป็นคู่ปรับที่สมน้ำสมเนื้อกันหน่อย...อย่าทำให้ข้าเบื่อล่ะ	ข้าชื่นชนในความกล้าหาญของเจ้า...แบบนี้สิถึงจะเป็นคู่ปรับที่สมน้ำสมเนื้อกันหน่อย...อย่าทำให้ข้าเบื่อล่ะ	ข้าชื่นชนในความกล้าหาญของเจ้า...แบบนี้สิถึงจะเป็นคู่ปรับที่สมน้ำสมเนื้อกันหน่อย...อย่าทำให้ข้าเบื่อล่ะ
6	เกมจบลงแล้ว...ลูกสาวของโพไซดอนและนักผจญภัยนิรนาม...	เกมจบลงแล้ว...ลูกสาวของโพไซดอนและนักผจญภัยนิรนาม...	เกมจบลงแล้ว...ลูกสาวของโพไซดอนและนักผจญภัยนิรนาม...
7	แย่ บัดซบ! ข้าไม่ยอมเจ้าง่ายๆหรอก ข้าจะไม่ยกลูกสาวให้เจ้าแน่นอน!	แย่ บัดซบ! ข้าไม่ยอมเจ้าง่ายๆหรอก ข้าจะไม่ยกลูกสาวให้เจ้าแน่นอน!	แย่ บัดซบ! ข้าไม่ยอมเจ้าง่ายๆหรอก ข้าจะไม่ยกลูกสาวให้เจ้าแน่นอน!
8	พวกมนุษย์มีความพยายามยิ่งนัก! ทำไมลูกข้าถึงได้ยอมแพ้ง่ายๆ แบบนั้นล่ะ!	พวกมนุษย์มีความพยายามยิ่งนัก! ทำไมลูกข้าถึงได้ยอมแพ้ง่ายๆแบบนั้นล่ะ!	พวกมนุษย์มีความพยายามยิ่งนัก! ทำไมลูกข้าถึงได้ยอมแพ้ง่ายๆแบบนั้นล่ะ!
9	แสงแห่งการรักษา!	อย่าพูดมาก ข้าจะรักษาเจ้าเดี๋ยวนี้แหละ!	หัวใจแห่งท้องทะเล แก่นแท้ของชีวิต จงนำพลังของเจ้ากลับคืนมา ปลุกจิตวิญญาณของผู้กล้าหาญท่านนี้!
10	เจ้าเป็นแค่มนุษย์ธรรมดาๆคนหนึ่ง... เจ้าโง่เอ้ย รู้อยู่แล้วใช่เหรอว่าสู้เขาไม่ได้? มา...ข้าจะช่วยเจ้าเอง!	เจ้าเป็นแค่มนุษย์ธรรมดาๆคนหนึ่ง... เจ้าโง่เอ้ย รู้อยู่แล้วใช่เหรอว่าสู้เขาไม่ได้? มา...ข้าจะช่วยเจ้าเอง!	เจ้าเป็นแค่มนุษย์ธรรมดาๆคนหนึ่ง... เจ้าโง่เอ้ย รู้อยู่แล้วใช่เหรอว่าสู้เขาไม่ได้? มา...ข้าจะช่วยเจ้าเอง!
11	ข้าจะต้องได้พลังจากพ่อข้ามาช่วยชีวิตเจ้า...	ข้าจะต้องได้พลังจากพ่อข้ามาช่วยชีวิตเจ้า...	ข้าจะต้องได้พลังจากพ่อข้ามาช่วยชีวิตเจ้า...
12	อี โย วู โอ ลา ลา ลา ลา!!	เฮย เล อิน โอ พู ลู ลู ลู!!	คา รี โอ เล โอ โอ โอ!!
13	หืด...หาด...	หืด...หาด...	หืด...หาด...
14	จริงๆเล๊ยยย กระดูบ้าของข้าเนี่ย	จริงๆเล๊ยยย กระดูบ้าของข้าเนี่ย	จริงๆเล๊ยยย กระดูบ้าของข้าเนี่ย
15	(Demon Wolf กำลังนอนสบายอยู่บนพื้น)	(Demon Wolf กำลังนอนสบายอยู่บนพื้น)	(Demon Wolf กำลังนอนสบายอยู่บนพื้น)
16	โฮก!	โฮก!	โฮก!
17	Robinson ปล่อยพลังออกไป พร้อมกางปีกอันใหญ่ออกมา!	Robinson ปล่อยพลังออกไป พร้อมกางปีกอันใหญ่ออกมา!	Robinson ปล่อยพลังออกไป พร้อมกางปีกอันใหญ่ออกมา!
18	พลังจากพ่อที่ถ่ายทอดให้ข้า คือพลังสำหรับการช่วยเหลือเจ้า	พลังจากพ่อที่ถ่ายทอดให้ข้า คือพลังสำหรับการช่วยเหลือเจ้า	พลังจากพ่อที่ถ่ายทอดให้ข้า คือพลังสำหรับการช่วยเหลือเจ้า
19			
20			
21			
22			
23			
24			
25			
26			
27			
28			
29			
30			
31			
32			
33			
34			
35			
36			
37			
38			
39			
40			
41			
42			
43			
44	ฮ่าๆๆๆ! คิดไม่ถึงเลยว่าเจ้าจะมาถึงขั้นนี้ได้...	ฮ่าๆๆๆ! คิดไม่ถึงเลยว่าเจ้าจะมาถึงขั้นนี้ได้...	ฮ่าๆๆๆ! คิดไม่ถึงเลยว่าเจ้าจะมาถึงขั้นนี้ได้...
45	ถึงแม้ว่าจะเป็นเทพเจ้าก็ไม่สามารถย้อนเวลากลับไปได้...	ถึงแม้ว่าจะเป็นเทพเจ้าก็ไม่สามารถย้อนเวลากลับไปได้...	ถึงแม้ว่าจะเป็นเทพเจ้าก็ไม่สามารถย้อนเวลากลับไปได้...
46	แต่ตอนนี้ข้าไม่สนใจอะไรทั้งนั้น	แต่ตอนนี้ข้าไม่สนใจอะไรทั้งนั้น	แต่ตอนนี้ข้าไม่สนใจอะไรทั้งนั้น
47	Poseidon Instrument สำหรับข้าแล้วก็ไม่ได้มีค่าอะไรมากมาย เจ้ารับไปเถอะ	Poseidon Instrument สำหรับข้าแล้วก็ไม่ได้มีค่าอะไรมากมาย เจ้ารับไปเถอะ	Poseidon Instrument สำหรับข้าแล้วก็ไม่ได้มีค่าอะไรมากมาย เจ้ารับไปเถอะ
48	เจ้าช้าไปหน่อยมั้ง! ที่นี่ไม่มีความมั่นคงเลยสักนิด	เจ้าช้าไปหน่อยมั้ง! ที่นี่ไม่มีความมั่นคงเลยสักนิด	เจ้าช้าไปหน่อยมั้ง! ที่นี่ไม่มีความมั่นคงเลยสักนิด
49	รีบกำจัด Sea Phantom ซะสิ ไม่งั้นจะถูกบังคับให้ส่งกลับทันที	รีบกำจัด Sea Phantom ซะสิ ไม่งั้นจะถูกบังคับให้ส่งกลับทันที	รีบกำจัด Sea Phantom ซะสิ ไม่งั้นจะถูกบังคับให้ส่งกลับทันที
50	ข้าจะคอยช่วยเหลือเจ้า ขอเจ้า...อย่ายอมแพ้...	ข้าจะคอยช่วยเหลือเจ้า ขอเจ้า...อย่ายอมแพ้...	ข้าจะคอยช่วยเหลือเจ้า ขอเจ้า...อย่ายอมแพ้...
51	บ่อแห่งชีวิต!	อย่าโอเวอร์น่า ข้าจะช่วยเจ้าเอง!	จิตในแห่งท้องสมุทร แก่นแท้ของชีวิต พลังของข้า จงช่วยรักษา....!
52	ข้าขออุทิศให้!	อย่าโอเวอร์น่า ข้าจะช่วยเจ้าเอง!	จิตในแห่งท้องสมุทร แก่นแท้ของชีวิต พลังของข้า จงช่วยรักษา....!
53	มาแล้วเหรอ...ชอบขัดจังหวะข้าอยู่เรื่อย	มาแล้วเหรอ...ชอบขัดจังหวะข้าอยู่เรื่อย	มาแล้วเหรอ...ชอบขัดจังหวะข้าอยู่เรื่อย
54	วันนี้จะเป็นวันตัดสินของเราทั้งสอง	วันนี้จะเป็นวันตัดสินของเราทั้งสอง	วันนี้จะเป็นวันตัดสินของเราทั้งสอง
55	หวังว่าเจ้าจะแกร่งกว่า Carlos นะ ....อย่าทำให้ผิดหวังล่ะ!	หวังว่าเจ้าจะแกร่งกว่า Carlos นะ ....อย่าทำให้ผิดหวังล่ะ!	หวังว่าเจ้าจะแกร่งกว่า Carlos นะ ....อย่าทำให้ผิดหวังล่ะ!
56	อาวุธทั้งหลายจงฟังคำสั่งข้า จงกำจัดสิ่งที่ขวางหน้าทั้งหมด!	อาวุธทั้งหลายจงฟังคำสั่งข้า จงกำจัดสิ่งที่ขวางหน้าทั้งหมด!	อาวุธทั้งหลายจงฟังคำสั่งข้า จงกำจัดสิ่งที่ขวางหน้าทั้งหมด!
